66 57 64 115 66 48 12 65 131 109 10 116 8 23 46 202 126 54 21 139 12 52 12 123 81 134 42 71 79 67 18 172 30 90 129 33 59 12 56 69 53 28 20 83 175 65 122 39 54 52 62 60 42 15 94 124 49 63 27 121 174 158 14 6 104 121 243 63 0 167 87 10 4 111 75 27 62 27 31 39 44 81 0 109 136 105 121 46 76 104 0 42 62 78 140 101 66 45 85 205 89 94 93 88 79 9 74 30 145 32 20 90 53 18 118 0 45 30 0 5 80 44 66 3 108 212 63 103 69 44 25 18 66 142 163 98 75 129 24 57 84 28 144 0 45 67 21 80 0 54 0 0 39 69 9 123 0 18 32 22 50 29 22 57 16 135 73 47 1 226 111 39 12 54 108 95 81 21 70 163 63 54 79 56 34 107 44 110 53 24 195 75 85 57 60 67 20 28 58 72 0 97 26 82 65 24 0 103 8 14 24 30 96 234 17 8 0 79 160 69 67 81 72 0 106 65 136 37 131 87 219 81 68 52 18 65 63 25 43 98 87 40 52 48 42 30 4 48 7 83 173 36 30 92 53 16
55 111 98 77 49 56 28 58 6 69 29 67 7 57 25 32 67 59 75 37 42 57 64 48 46 0 5 0 21 111 14 116 52 36 0 20 9 0 30 41 21 26 68 138 37 101 38 30 32 0 45 0 107 23 96 74 45 211 101 40 42 129 18 35 96 0 101 60 100 0 75 105 53 36 88 0 46 59 79 55 25 74 48 106 108 32 26 12 112 27 64 46 4 62 116 8 78 0 120 83 112 49 43 64 7 39 198 24 39 108 55 35 148 35 113 114 137 88 13 0 88 131 96 46 85 9 63 37 26 40 9 24 96 152 12 31 81 61 134 148 16 63 64 114 0 36 39 28 44 4 13 102 142 138 6 110 73 38 68 45 62 40 20 48 11 72 20 95 72 50 118 147 113 36 56 55 26 25 12 157 0 72 33 20 2 72 32 208 62 37 128 48 22 9 94 119 47 36 73 14 64 41 16 168 93 36 7 81 39 28 34 83 84 29 48 56 0 84 62 74 42 38 119 21 25 132 48 11 180 8 58 38 99 44 71 10 16 72 0 109 25 43 95 15 98 46 44 46 50 196 10 3 64 71 56 91
48 84 35 0 35 32 47 69 18 47 0 56 90 74 41 0 159 36 7 7 24 68 72 0 0 18 8 113 32 8 48 87 69 40 30 7 32 30 36 58 0 7 12 80 36 68 30 66 69 36 7 0 6 51 0 145 50 86 68 55 46 31 33 20 88 54 105 46 50 84 152 35 43 72 121 57 27 39 97 0 47 66 18 24 45 76 69 82 105 33 0 48 86 87 149 30 51 66 48 181 63 79 36 78 109 114 28 30 10 132 43 44 68 52 19 94 99 121 26 10 42 94 30 6 63 0 40 36 92 35 0 60 32 77 14 50 154 32 108 94 4 88 104 72 0 143 15 90 176 50 133 54 71 109 56 206 12 91 72 18 59 44 40 4 72 147 84 111 0 32 119 59 29 92 31 83 0 32 53 95 40 134 20 5 44 72 0 128 78 75 49 77 0 0 65 95 81 25 90 121 13 72 68 1 67 80 24 148 45 42 0 84 30 135 71 14 50 36 0 43 0 35 16 110 46 40 46 90 104 42 153 49 26 18 53 48 0 30 162 56 12 50 40 0 0 0 81 42 79 65 12 49 24 76 20 86
2 18 0 48 177 0 57 12 39 24 9 48 30 10 14 12 0 0 0 0 45 56 34 27 63 93 12 30 0 120 15 18 96 27 12 27 92 24 0 60 111 54 14 27 54 48 86 0 0 3 72 96 63 54 111 28 24 54 50 0 18 66 51 0 94 54 63 42 30 63 0 3 62 48 33 0 0 155 32 115 9 72 12 146 54 18 0 54 87 15 12 52 48 48 154 69 45 76 53 22 26 54 9 0 49 111 46 2 88 126 32 6 66 27 30 19 24 0 0 0 146 20 45 18 113 15 36 29 3 11 44 50 38 54 27 15 18 12 4 18 0 87 16 46 8 172 58 27 138 86 0 45 62 30 6 0 15 52 30 72 8 64 138 76 0 12 139 166 0 72 105 45 24 0 0 54 30 69 0 45 0 89 0 72 0 9 16 74 6 9 0 15 190 0 18 0 36 0 0 45 0 0 0 84 65 45 117 186 14 3 0 24 27 90 64 0 0 112 105 8 72 66 117 0 0 24 86 84 72 72 18 0 0 0 0 0 36 63 0 122 42 0 63 30 50 0 24 114 58 43 32 0 0 24 16 162
0 48 38 27 6 26 45 39 0 3 42 93 0 20 59 87 36 6 6 21 25 13 27 48 80 7 17 18 49 138 55 62 57 79 0 52 0 24 28 89 62 95 0 30 76 49 64 0 54 74 21 0 43 0 6 85 48 0 35 4 27 60 9 0 0 5 78 18 0 118 5 55 115 54 45 40 203 68 18 44 48 56 78 132 18 192 62 16 9 17 28 0 48 15 0 4 75 71 7 90 96 100 0 18 118 38 6 108 32 87 83 39 55 57 24 62 52 15 0 0 139 127 40 67 54 66 21 28 64 40 35 0 18 48 104 56 66 40 0 6 47 15 96 38 64 2 133 24 0 25 36 51 53 7 9 140 80 42 23 63 27 77 50 20 91 80 18 0 81 88 54 0 79 16 0 37 0 128 34 0 18 54 9 30 7 6 48 65 10 63 28 6 78 0 111 46 0 0 94 54 35 115 4 0 49 40 75 54 100 85 24 0 34 54 0 50 89 96 121 48 45 71 0 7 42 91 50 30 0 0 54 20 0 0 67 57 104 77 32 53 30 48 5 25 12 63 0 24 0 0 160 48 55 81 32 0
28 34 54 48 0 71 42 0 18 74 35 0 0 54 17 23 120 0 25 37 54 84 83 99 42 79 0 16 56 64 44 95 23 34 56 109 0 74 9 2 90 37 0 75 42 40 0 80 98 8 20 0 0 69 4 19 122 102 68 97 93 120 139 0 43 49 159 105 0 22 99 16 32 34 48 21 33 99 0 46 5 12 10 119 10 6 63 41 54 42 94 18 37 15 127 0 60 95 70 124 11 49 61 0 25 43 45 0 75 156 32 75 36 94 20 39 3 48 109 46 64 91 24 8 62 6 9 59 36 70 76 60 28 72 5 28 35 3 0 5 104 0 67 28 7 116 5 87 126 20 15 0 59 71 5 73 6 53 0 24 51 50 119 35 64 99 36 109 15 153 177 71 64 34 155 49 53 16 95 57 43 91 67 0 0 88 6 52 117 59 124 97 72 58 90 103 35 0 56 7 56 44 10 82 99 15 6 147 112 24 0 0 41 36 57 73 25 144 39 71 32 111 56 36 35 13 99 35 86 0 172 63 81 73 39 34 121 0 84 49 0 61 18 99 42 22 21 6 60 67 172 67 33 44 36 119
106 0 0 12 66 133 39 24 146 35 22 36 101 24 8 86 57 60 36 105 48 30 0 78 98 23 33 113 63 20 8 0 112 112 40 0 12 67 43 0 10 12 4 114 71 49 129 184 189 53 39 72 112 28 33 63 54 57 25 30 192 90 8 72 45 49 84 69 88 102 39 72 28 79 42 16 0 60 82 102 98 152 27 83 207 70 60 45 130 28 2 118 97 48 0 100 114 0 13 169 20 27 112 35 74 99 136 125 167 140 67 101 134 0 5 62 4 2 6 35 127 63 72 56 38 155 198 46 26 117 21 21 102 3 54 79 54 18 175 57 104 92 18 48 59 39 0 32 65 82 40 106 27 86 0 93 51 15 90 46 114 124 102 65 55 131 73 120 84 209 61 61 104 99 192 63 13 118 18 22 36 15 96 130 83 9 34 20 58 83 90 0 114 63 137 49 28 26 105 81 0 0 45 36 95 61 89 98 46 103 119 18 61 87 58 0 24 0 27 56 72 158 152 63 78 24 77 81 68 65 66 119 46 128 46 158 106 90 90 18 88 78 0 11 57 52 0 87 81 24 130 32 48 70 26 29
0 66 0 21 34 26 55 3 30 48 74 39 40 33 0 68 68 36 16 27 18 56 0 28 48 27 0 16 9 0 0 63 89 0 45 84 0 3 29 28 81 56 7 0 42 0 6 44 12 2 56 42 42 15 36 36 58 63 96 0 9 6 133 21 91 0 48 14 59 0 0 44 73 60 94 42 0 36 24 48 0 3 28 63 15 0 17 98 0 54 35 66 0 12 26 8 0 47 48 14 0 119 12 83 0 21 76 6 0 0 0 15 27 0 62 27 21 50 61 42 7 0 0 7 66 9 0 56 51 38 0 9 38 73 39 6 0 8 30 54 1 0 36 66 0 54 0 12 30 4 84 32 69 36 24 24 15 60 79 72 22 20 78 32 68 108 81 28 57 15 74 60 15 12 5 7 51 72 84 63 0 0 87 0 30 0 42 52 38 68 11 0 0 28 59 138 39 9 35 58 42 106 0 53 57 36 28 24 76 21 74 40 46 55 0 21 72 0 13 0 0 0 84 0 79 24 19 15 15 21 65 15 0 35 56 26 34 64 9 27 78 8 146 0 102 3 6 21 32 24 48 31 21 66 98 0
99 16 33 0 119 51 71 115 100 44 0 38 107 36 51 61 122 107 55 167 114 0 44 117 110 56 24 35 129 117 9 71 197 103 192 160 20 18 12 147 164 180 62 44 82 46 185 12 8 31 0 20 55 62 48 162 45 53 56 107 29 67 42 48 41 48 42 76 45 20 103 3 17 50 91 53 34 155 80 10 0 124 35 0 10 31 48 107 88 40 30 53 56 60 151 58 31 70 30 116 0 0 114 141 98 117 59 92 35 153 92 0 48 71 79 107 157 53 12 40 121 28 91 6 68 88 40 11 70 94 46 78 167 125 18 57 105 45 98 124 99 55 14 56 64 88 93 100 123 52 62 70 24 248 16 72 8 69 39 62 30 122 33 126 6 80 120 83 130 166 48 116 87 109 65 88 41 38 0 0 85 65 27 10 75 135 18 32 128 61 40 97 0 64 140 83 150 51 65 48 139 130 171 41 64 80 45 104 72 108 30 102 45 173 140 79 30 35 63 80 33 4 34 135 78 184 71 119 153 18 165 27 184 6 76 0 94 180 0 52 0 8 144 35 76 130 69 133 61 2 111 81 8 48 10 10
30 7 100 14 111 62 12 90 105 117 33 151 62 35 32 53 81 114 31 42 16 119 24 19 90 127 77 204 76 70 75 45 121 57 8 9 64 16 37 30 184 169 29 56 97 20 156 36 0 46 199 70 26 7 63 49 55 102 56 18 85 103 113 111 158 26 89 65 115 43 81 58 57 68 46 89 81 148 34 16 38 163 50 116 53 0 41 178 16 20 90 79 72 21 82 42 12 74 110 110 5 76 68 113 92 128 34 18 91 90 106 69 96 36 55 42 163 89 35 84 111 208 0 119 82 58 98 1 26 56 57 79 114 24 91 129 63 111 68 92 35 99 45 149 65 89 27 7 38 92 10 26 102 61 11 69 36 44 36 72 106 102 52 46 26 218 31 8 65 92 137 85 86 18 15 49 17 62 54 191 105 141 53 38 73 85 16 181 32 1 113 8 40 27 75 60 39 35 173 47 57 124 0 21 47 110 28 120 81 32 31 183 134 87 43 54 70 101 73 56 59 65 67 36 56 8 153 83 55 48 0 101 72 190 45 47 33 47 27 64 6 24 36 57 94 108 31 106 44 66 58 72 40 57 111 120
52 80 84 90 102 26 42 94 54 66 16 25 105 74 74 30 132 84 68 135 6 21 12 56 62 81 76 98 59 82 14 159 70 23 76 0 94 52 5 54 39 57 66 45 9 84 66 96 36 2 52 3 213 73 16 45 45 39 64 0 24 51 0 70 122 8 23 6 61 20 27 0 25 63 75 40 56 41 40 52 42 28 72 0 49 86 99 6 39 40 78 65 16 66 164 71 40 45 149 24 72 52 110 46 0 108 81 15 18 88 8 40 76 20 57 8 118 8 9 60 68 75 0 0 95 35 72 54 106 28 34 0 142 66 71 54 10 8 70 14 0 64 0 8 67 73 56 18 59 0 25 70 25 199 49 72 40 3 40 85 16 53 22 81 10 24 97 15 55 57 46 12 69 74 64 124 33 30 115 0 36 110 16 0 86 103 0 110 100 0 63 0 67 59 20 49 8 0 53 8 24 89 66 70 80 10 149 26 58 0 42 53 91 124 116 38 61 62 63 59 31 42 34 12 100 78 108 118 56 46 34 22 77 51 52 0 156 29 34 144 53 4 0 10 98 10 66 123 59 117 23 68 56 22 41 107
85 64 38 123 20 203 9 12 94 77 27 67 4 40 34 30 140 18 17 137 117 65 105 66 76 0 66 120 138 126 74 165 58 28 72 29 28 0 20 235 42 54 4 88 12 88 10 33 119 8 93 83 71 52 58 52 166 95 69 76 118 15 44 62 36 39 49 77 112 54 159 2 67 82 34 99 112 175 150 72 24 216 85 13 99 112 114 122 129 129 77 119 43 32 138 24 72 14 124 18 93 17 31 33 128 88 24 61 118 54 170 40 75 58 64 99 168 167 8 4 75 177 62 108 67 129 78 66 85 128 88 142 130 107 63 97 76 16 98 144 64 131 41 97 97 194 56 36 12 60 140 77 104 258 104 229 30 34 21 21 97 52 39 17 5 97 143 57 135 46 77 102 179 34 40 122 46 78 58 146 134 177 137 0 18 79 37 124 108 80 152 34 0 20 76 112 27 36 0 85 16 98 16 94 48 99 114 33 56 7 18 136 101 153 63 48 78 87 183 54 64 65 98 39 191 68 36 148 122 83 70 132 6 116 36 135 32 64 23 43 43 81 189 116 18 110 74 99 145 35 60 86 141 46 144 153
76 35 36 63 62 0 112 45 42 81 4 144 36 18 61 0 63 84 24 0 27 18 18 9 43 79 99 49 24 8 42 45 48 8 40 91 0 24 0 100 36 83 24 49 0 14 49 21 0 2 0 0 110 63 91 96 197 81 32 102 16 28 27 0 98 18 44 16 88 0 4 3 4 24 75 147 16 66 73 43 81 12 0 76 122 0 0 81 74 30 0 103 56 45 108 68 54 0 36 0 76 9 30 81 96 32 4 20 24 0 0 9 0 35 26 32 0 9 63 21 33 0 0 8 47 16 88 8 0 79 78 103 80 73 8 75 55 20 6 18 64 59 36 32 36 103 54 65 65 0 87 85 8 68 0 32 0 22 84 19 70 142 103 15 0 18 92 18 20 68 0 189 110 81 105 27 63 56 0 14 90 157 0 21 0 4 0 45 131 53 0 55 23 0 7 64 143 18 184 65 100 100 81 40 144 27 24 78 126 38 0 109 20 0 3 0 102 0 36 72 37 30 48 124 48 0 24 36 73 9 4 53 47 0 82 0 112 71 27 39 0 64 81 78 39 29 9 34 36 54 49 7 16 20 73 0
33 54 45 93 172 61 159 30 100 34 42 71 0 12 42 87 60 60 12 136 92 8 66 110 82 104 8 103 57 82 50 41 104 31 65 105 6 64 138 22 163 83 8 64 81 108 64 82 96 1 17 8 23 96 131 51 74 72 73 4 25 79 107 32 126 176 33 8 32 57 28 0 132 92 95 51 31 36 30 53 117 175 55 143 23 53 77 69 22 9 68 57 36 3 58 30 81 108 76 79 60 25 21 6 154 51 90 21 107 105 76 52 105 74 31 7 0 55 28 12 273 28 14 43 114 123 45 54 36 53 47 57 176 162 109 73 42 32 136 42 43 50 57 52 9 99 168 74 35 16 91 51 54 0 10 20 0 56 189 71 47 86 51 79 6 55 32 73 42 51 137 70 106 125 59 107 232 134 28 72 0 82 79 94 12 72 25 123 35 2 15 81 71 40 18 46 77 98 13 63 65 104 23 5 125 32 1 62 48 68 66 42 199 89 36 40 79 92 44 113 28 66 14 5 55 53 99 88 128 124 63 15 20 64 74 128 104 20 76 239 66 87 86 100 67 41 24 12 144 112 60 143 126 248 5 28
50 54 20 7 10 91 0 72 12 6 26 108 25 56 53 0 16 0 29 75 33 8 56 16 9 29 40 47 3 60 112 49 30 0 61 25 86 100 61 40 103 38 94 60 0 81 0 72 63 62 10 0 32 5 0 45 27 32 16 45 104 8 22 88 55 9 0 0 10 28 101 35 6 16 14 7 12 0 0 0 63 28 112 6 128 123 90 12 69 36 0 112 51 46 24 50 8 10 72 155 9 80 29 0 112 0 76 37 67 42 6 26 101 32 34 3 66 28 10 18 0 42 82 56 8 58 85 82 54 135 9 31 70 32 4 25 53 2 2 54 37 8 0 4 132 20 26 54 0 11 28 17 10 138 38 34 8 26 134 6 91 56 115 9 27 120 110 40 38 0 66 5 74 2 104 71 72 152 71 54 22 79 30 40 92 4 3 134 40 24 18 36 0 67 40 50 8 27 101 84 0 3 135 26 0 0 32 57 95 49 6 42 48 20 30 30 76 66 20 0 0 0 12 42 34 134 72 127 28 54 69 8 99 21 16 81 9 80 175 93 113 82 77 3 50 36 66 52 1 64 89 15 9 0 61 83
6 0 50 88 24 64 75 121 14 40 6 56 0 36 36 36 45 15 0 167 86 4 203 101 74 111 28 77 49 15 199 29 9 118 18 21 40 44 75 111 0 99 30 51 8 127 63 35 92 72 17 31 28 103 112 82 121 0 6 57 15 121 6 50 202 100 55 85 48 144 69 31 65 88 45 38 9 148 54 60 7 78 32 97 123 52 43 9 216 88 0 129 47 83 147 32 10 0 91 96 0 74 3 95 99 42 49 17 84 109 5 70 109 107 28 87 130 45 89 24 54 64 108 111 124 13 21 7 26 52 70 63 146 74 46 49 56 113 45 41 43 109 27 0 1 0 13 42 20 5 105 154 90 112 141 72 3 21 76 27 55 16 210 63 74 99 99 10 8 2 16 138 44 67 74 58 76 32 7 40 58 100 138 0 101 77 46 43 104 0 76 8 151 18 0 182 24 35 26 69 70 132 104 141 38 50 52 45 15 135 0 3 65 97 9 90 119 76 88 27 88 0 24 34 86 100 54 63 110 63 68 68 89 184 105 116 32 100 69 96 91 117 59 26 0 10 7 0 8 105 149 140 0 36 153 43
5 67 40 0 76 65 28 20 0 9 2 79 0 28 35 0 68 66 36 36 80 6 60 87 108 0 31 68 38 32 36 56 0 76 45 15 31 63 16 29 58 120 0 105 0 51 36 99 27 0 12 27 40 134 79 54 21 84 28 72 56 81 17 23 34 69 17 71 0 6 134 0 12 92 32 54 13 0 33 14 52 50 16 3 27 43 3 72 18 0 10 25 19 71 95 0 39 61 18 0 0 63 37 0 21 41 0 42 171 64 48 4 32 16 36 3 48 30 74 11 86 95 6 24 149 101 52 29 8 9 59 0 0 72 0 44 77 105 49 99 40 32 0 40 80 14 120 40 36 30 55 108 0 51 9 30 14 43 81 0 32 4 4 86 0 35 8 48 73 72 97 55 28 15 43 94 107 0 8 18 36 51 69 16 54 64 27 85 62 2 164 136 0 0 0 24 40 28 51 3 9 27 10 54 68 9 46 21 29 34 24 0 0 27 34 9 70 25 82 32 35 36 112 62 70 77 27 83 38 51 180 48 6 16 20 30 40 83 44 72 3 40 68 76 12 18 57 26 30 42 116 0 5 62 0 18
42 27 55 0 27 0 45 85 35 9 93 112 46 48 0 56 99 0 20 45 13 8 4 42 8 4 195 26 20 44 73 24 0 15 103 38 21 45 0 15 27 0 132 21 30 32 0 0 0 14 43 24 0 0 7 5 20 39 12 0 152 0 45 0 75 0 45 102 48 0 0 16 6 154 55 30 89 59 75 0 28 43 6 41 6 73 183 63 0 0 63 214 33 121 0 0 27 10 101 46 4 74 36 42 0 0 10 18 8 76 45 0 37 20 15 6 127 27 38 21 87 48 6 4 9 21 74 37 0 68 74 36 36 18 112 25 48 104 72 27 96 0 55 78 31 20 9 23 24 0 0 106 74 87 0 54 0 44 17 0 36 17 12 29 14 24 0 6 28 0 93 77 0 33 88 9 20 47 153 53 25 63 14 42 69 18 0 0 33 107 76 0 0 8 45 187 20 74 75 30 48 84 7 48 37 0 76 54 19 40 43 0 156 64 0 0 21 102 133 42 0 36 71 77 0 135 63 0 61 27 47 45 24 141 14 68 3 69 98 58 28 0 16 73 81 135 24 18 9 24 21 72 0 77 8 0
63 33 45 44 27 27 20 10 10 43 96 60 36 7 115 36 30 51 56 125 83 42 4 144 1 45 54 105 50 183 89 92 61 79 0 30 23 12 27 48 40 36 42 59 48 90 12 152 63 40 73 0 80 98 36 142 12 65 0 0 51 50 0 93 40 127 18 81 32 153 175 0 91 86 69 111 58 168 100 62 116 73 56 109 42 83 27 81 64 33 0 36 69 13 152 58 48 42 183 87 0 36 0 16 47 108 43 75 42 139 139 69 36 38 99 97 147 8 18 17 17 106 3 63 27 64 59 58 18 44 1 87 131 0 41 52 8 54 250 33 54 62 0 25 85 20 117 95 4 40 0 104 44 97 112 0 47 59 18 107 48 83 144 125 0 90 81 63 94 116 30 70 38 24 121 143 0 15 102 6 45 56 39 32 16 74 54 25 59 20 70 36 0 63 107 15 82 12 64 13 104 99 9 33 156 10 17 10 73 69 88 0 101 73 9 66 56 43 16 84 9 75 64 40 144 83 81 56 10 123 81 175 161 164 51 6 63 48 45 56 69 122 44 99 96 14 40 105 83 74 30 135 87 95 72 27
8 69 42 4 60 27 3 85 113 90 63 55 187 45 87 19 229 17 0 81 19 0 7 30 28 0 53 196 105 70 12 109 71 39 94 4 108 18 64 115 3 211 24 111 148 136 71 46 30 12 58 63 44 38 198 127 60 35 38 86 123 107 0 49 191 92 39 9 66 83 61 77 15 0 63 4 24 42 0 104 14 42 34 24 7 21 224 2 57 8 76 58 88 0 56 39 51 0 81 153 21 29 78 32 21 129 55 63 27 56 81 54 74 108 1 36 0 18 25 25 66 94 148 14 36 54 27 63 76 179 75 57 92 116 30 86 93 10 30 48 70 187 141 24 26 92 51 143 10 112 72 43 83 305 2 109 0 12 13 0 166 53 47 0 83 28 0 18 18 60 132 72 54 39 104 105 106 149 48 49 40 163 46 88 45 118 0 33 48 58 42 0 43 36 48 164 22 111 103 85 15 32 67 0 13 40 91 65 56 21 30 164 44 48 113 7 54 72 75 38 33 70 104 70 0 151 0 54 91 7 152 111 48 24 58 6 32 135 61 96 90 92 80 28 114 75 108 57 12 20 78 76 18 66 18 229
4 0 11 173 41 44 97 32 37 22 74 55 3 20 21 58 123 52 5 100 113 78 64 6 49 119 24 113 87 84 24 49 77 30 54 136 28 12 16 99 89 174 9 126 0 12 30 112 54 72 92 64 136 10 0 210 0 0 216 77 45 184 0 32 111 0 0 40 17 28 0 42 59 0 87 66 0 104 16 32 36 63 27 21 3 27 24 80 77 57 11 62 36 46 46 36 118 8 61 60 63 24 21 82 42 0 89 8 35 80 0 39 43 0 48 87 70 47 4 0 37 114 48 61 29 56 93 58 35 68 66 64 105 94 188 133 20 10 37 69 39 18 152 12 12 93 122 10 61 56 163 66 38 73 24 12 55 59 4 54 36 101 0 36 65 56 140 4 0 18 64 41 18 26 0 0 81 72 9 153 0 80 32 0 79 0 14 48 47 119 91 26 0 244 108 129 86 12 81 64 49 65 16 160 137 22 35 4 34 44 104 42 7 85 42 63 112 0 133 44 0 67 0 11 0 121 8 79 45 21 116 12 10 44 89 0 144 45 12 55 0 118 92 120 45 0 23 54 40 68 44 15 16 58 79 88
0 121 86 8 87 0 25 9 30 31 42 82 100 36 47 78 49 2 0 121 0 20 15 143 39 10 54 63 0 147 5 108 194 80 0 8 83 0 36 58 43 85 66 105 45 0 60 60 29 24 42 48 148 30 57 9 60 137 0 4 161 92 32 14 81 0 75 25 25 0 14 0 6 18 12 0 70 45 0 2 62 27 0 42 80 0 28 0 0 22 156 71 13 67 45 2 84 139 10 5 32 15 0 45 6 65 70 69 16 0 72 10 5 0 30 5 166 0 4 44 78 74 38 2 93 81 45 125 38 34 9 0 41 0 0 80 129 42 32 158 16 14 0 55 102 40 46 72 12 30 40 49 35 54 0 54 18 0 79 33 42 45 14 67 6 12 101 72 48 78 155 24 43 4 30 67 79 0 4 221 0 64 0 64 0 6 8 91 14 10 0 39 30 40 0 33 27 18 70 0 0 100 14 0 10 49 6 79 24 0 51 101 10 17 81 0 10 87 8 48 26 63 0 0 0 63 121 79 56 81 0 102 8 25 98 6 115 9 0 48 54 40 40 35 84 121 14 84 88 14 49 0 0 62 19 13
25 152 199 3 95 39 49 108 135 1 80 129 25 170 48 257 111 64 117 139 49 52 42 139 103 2 106 72 161 77 0 103 64 15 142 51 0 34 28 48 48 97 92 167 106 38 11 65 33 53 9 0 132 16 49 138 60 40 18 55 9 42 31 252 51 180 8 117 12 0 96 40 7 95 180 109 51 55 16 24 97 139 11 53 152 72 135 63 111 74 72 99 104 13 17 173 51 101 189 8 108 9 97 28 36 210 73 14 135 0 21 12 16 43 128 48 122 104 57 49 14 179 87 88 127 101 74 60 30 48 74 48 67 82 127 127 27 112 168 109 93 14 76 67 22 30 253 110 20 113 31 96 83 90 38 68 44 39 73 61 75 49 15 114 154 56 56 40 6 70 97 11 209 99 141 142 125 134 35 0 45 46 71 130 163 81 51 144 95 116 10 42 24 169 73 62 0 54 178 40 0 34 64 48 33 37 28 217 85 0 105 46 169 73 157 1 191 36 47 0 31 33 24 0 195 13 113 49 57 18 4 54 0 66 97 22 68 72 12 176 73 188 160 191 86 5 91 120 72 133 29 104 63 86 32 93
20 61 18 96 40 23 21 14 169 0 104 8 27 45 63 87 44 5 30 131 63 54 79 17 109 8 32 57 10 68 54 131 126 34 101 21 13 2 72 32 22 51 62 37 9 36 9 50 37 4 32 4 124 6 72 17 114 140 112 30 73 57 6 30 61 27 20 8 5 47 6 66 0 23 84 0 128 8 56 107 73 14 109 1 50 51 72 41 57 63 68 36 1 55 89 125 36 17 142 54 75 0 96 68 16 81 94 6 50 30 123 56 64 98 88 27 104 29 2 22 118 55 36 5 141 102 74 189 60 4 19 35 75 58 73 65 29 67 80 113 5 6 0 64 47 32 72 3 50 0 102 58 72 27 10 65 66 4 21 56 64 91 0 97 21 100 126 81 60 153 50 81 110 18 101 30 30 68 27 42 63 16 12 19 47 0 54 157 53 47 62 54 45 30 80 153 0 7 31 73 9 59 45 39 179 20 23 84 0 4 73 31 75 29 32 14 147 14 69 55 67 0 25 0 50 22 103 73 20 9 74 98 0 24 140 0 112 27 0 103 75 15 76 38 120 31 71 41 104 71 73 86 79 79 70 89
149 113 111 54 29 56 0 40 48 96 3 54 23 19 4 6 96 33 79 7 53 101 68 11 24 72 0 53 30 41 54 126 0 42 102 36 6 40 41 0 0 48 104 92 42 18 46 77 32 0 0 0 92 0 132 30 138 84 66 13 123 19 16 10 16 18 66 24 26 60 0 4 88 75 93 32 63 57 16 173 73 96 117 86 76 0 54 48 18 102 59 27 18 21 98 48 192 84 96 61 87 89 26 0 7 87 21 8 141 99 118 52 50 49 36 87 59 0 20 0 194 78 15 0 50 99 18 47 19 52 38 128 0 39 3 48 88 46 50 8 66 36 98 40 24 100 166 0 33 14 59 47 72 15 0 219 32 106 87 0 35 88 138 23 14 93 93 164 0 68 12 45 76 50 188 100 29 34 73 24 109 25 37 54 38 0 56 82 74 94 35 36 64 32 98 128 18 92 0 120 64 1 21 7 28 11 35 87 116 16 6 0 35 67 0 24 75 142 16 72 72 70 78 32 48 4 114 35 30 0 101 54 50 0 113 85 30 44 0 192 3 27 59 61 13 24 24 63 0 115 32 135 27 30 129 73
106 95 10 12 40 164 63 24 23 86 20 120 23 37 72 54 111 70 163 22 102 39 32 88 110 10 0 7 77 121 32 103 75 100 14 51 27 32 37 56 173 58 75 107 72 62 110 107 20 36 0 39 111 8 78 106 14 46 49 12 28 74 21 13 102 18 160 43 45 8 81 38 48 33 26 36 84 1 71 29 16 156 64 102 66 36 16 79 94 11 26 149 16 8 33 67 3 0 85 70 21 23 86 87 134 107 117 36 52 47 63 49 38 114 56 127 46 8 110 12 127 50 8 78 0 54 8 25 42 15 16 0 84 112 18 41 125 43 166 157 75 9 57 41 49 136 147 52 93 37 63 34 14 99 15 29 51 4 49 6 66 66 94 26 49 73 8 57 0 108 81 56 127 14 103 209 70 100 99 20 60 75 68 45 33 70 61 52 97 53 61 49 36 98 52 50 49 63 12 12 45 183 60 81 83 92 7 170 180 19 70 4 16 62 56 6 9 32 91 16 68 196 29 22 125 153 30 51 55 44 67 4 53 63 79 102 184 51 40 101 72 23 53 118 57 55 39 71 65 126 80 25 107 66 0 21
101 149 37 56 165 56 51 96 16 0 34 139 83 135 118 66 143 97 64 45 25 93 29 225 28 10 76 80 126 64 4 24 72 184 95 96 45 40 95 45 91 71 53 117 164 203 183 0 45 5 0 45 25 37 32 33 58 77 62 152 38 67 73 55 121 153 135 139 89 167 99 24 52 21 101 18 40 50 20 98 44 158 0 0 0 0 222 135 100 0 56 81 71 112 73 109 24 42 109 32 0 60 154 48 148 168 0 28 42 76 51 52 139 88 17 25 103 118 0 7 216 162 83 32 8 63 0 8 61 41 7 24 21 144 14 25 99 0 166 0 215 103 0 98 56 90 40 56 72 101 48 42 18 161 16 94 55 113 140 40 30 71 71 121 42 96 62 107 154 152 85 18 14 161 45 75 136 72 15 156 45 126 56 72 118 0 0 117 28 35 77 30 61 64 111 79 24 85 96 40 114 143 28 181 45 181 105 155 122 190 71 128 14 194 73 71 42 62 173 66 24 60 105 121 0 93 128 135 151 42 35 46 72 271 0 87 0 118 53 64 56 42 217 48 0 118 114 132 34 27 109 170 64 27 0 157
79 25 67 28 60 174 66 95 48 97 36 119 72 67 29 0 107 66 87 6 18 0 72 68 135 123 89 61 63 0 140 50 45 108 110 67 0 71 57 113 91 273 109 92 65 8 60 155 126 0 18 48 284 72 45 5 0 87 103 152 101 136 30 131 53 76 144 125 84 0 61 9 30 79 63 99 36 33 28 20 42 0 78 46 64 8 15 66 117 75 60 270 162 0 34 28 0 32 37 130 88 79 32 162 113 72 68 71 40 35 167 88 21 92 67 41 79 62 66 52 164 152 3 42 127 18 24 5 10 225 156 67 0 36 0 140 71 63 51 82 124 125 4 61 111 137 138 22 32 35 67 15 91 185 49 7 15 18 37 17 123 44 48 37 22 118 91 72 40 145 140 96 143 41 134 37 74 105 40 91 57 59 104 78 133 29 14 167 64 102 48 81 10 40 89 83 153 35 223 16 21 65 80 0 52 13 72 71 42 34 0 70 16 0 196 12 28 24 157 40 48 68 144 56 70 76 133 82 76 54 136 172 89 54 28 92 71 78 78 8 30 0 38 63 87 128 36 66 97 28 200 80 25 17 36 179
8 66 20 38 39 42 53 60 14 68 27 14 10 0 36 63 68 0 8 8 42 0 44 108 36 9 4 36 20 20 10 148 59 18 24 72 20 12 21 38 25 89 0 20 116 22 47 31 41 11 46 40 66 78 22 43 10 52 35 4 24 29 84 0 22 32 100 60 26 0 25 12 93 33 75 36 9 16 62 62 52 91 53 26 23 45 19 22 19 65 95 36 66 40 63 46 27 70 105 1 4 54 26 66 74 9 95 54 72 36 0 77 62 43 12 53 19 20 21 6 112 32 0 0 0 28 0 22 3 13 0 54 4 30 0 33 64 16 69 0 62 12 62 42 16 52 13 34 48 39 64 12 44 48 0 46 15 56 43 24 9 90 15 36 5 6 66 41 92 50 90 33 18 12 31 0 83 16 25 27 40 0 85 3 26 19 39 52 28 39 20 42 6 0 59 93 32 4 13 0 77 77 8 0 40 40 21 28 28 72 18 76 6 24 0 8 13 42 43 24 19 54 24 12 0 66 25 33 54 48 21 24 35 0 61 57 9 34 18 28 45 36 20 36 49 0 48 39 73 35 64 44 0 57 74 21
106 16 8 20 32 148 63 51 75 27 45 173 0 38 12 80 138 36 42 56 24 50 55 24 66 61 66 27 214 8 40 72 16 0 0 36 66 27 24 108 108 165 0 0 72 72 42 72 14 27 16 0 56 43 111 77 24 12 128 43 63 100 18 90 56 0 98 16 44 115 57 20 31 81 20 8 9 149 9 24 0 114 16 35 32 18 6 32 9 40 95 96 24 0 10 60 0 40 105 30 8 0 36 85 0 106 4 70 79 127 20 21 24 45 12 56 0 50 26 24 52 103 72 52 64 0 108 6 36 45 92 28 0 28 81 65 0 26 35 66 64 36 101 44 19 96 32 36 51 31 10 70 116 42 0 79 0 0 59 26 52 42 54 24 35 0 0 80 0 99 88 121 34 32 108 8 8 62 2 0 48 60 39 0 0 72 32 12 38 68 0 36 40 32 61 124 12 0 0 0 32 77 76 12 79 15 68 36 76 18 27 12 0 12 180 18 27 58 16 26 5 128 39 35 14 16 0 81 7 0 60 4 70 0 50 86 139 132 114 74 36 28 33 18 100 15 92 28 85 32 55 35 0 73 32 162
0 22 40 0 58 28 54 81 0 36 24 18 56 63 18 36 6 4 60 67 0 0 96 57 113 89 10 142 136 31 54 161 0 0 36 40 102 70 30 72 99 75 126 5 18 46 30 142 49 0 39 136 56 59 169 97 0 26 56 17 0 36 8 84 0 77 0 58 0 64 46 0 0 40 160 48 159 82 0 68 91 116 153 32 0 21 0 27 72 36 0 227 24 27 36 79 77 45 74 63 0 114 27 0 93 102 0 42 86 40 98 24 27 63 79 31 0 0 0 0 135 50 82 54 81 63 0 33 31 7 49 24 44 36 0 93 63 81 12 18 0 28 29 0 81 4 100 32 40 0 72 5 227 81 16 9 36 18 0 16 0 24 47 40 18 70 9 71 0 0 56 36 114 17 20 0 61 63 0 28 0 127 56 5 93 181 0 129 6 96 161 0 64 24 0 0 0 0 55 72 0 0 8 10 56 0 83 0 67 0 0 24 111 75 40 0 23 27 21 0 0 0 28 15 81 81 102 176 60 61 7 0 0 9 54 104 39 140 28 0 37 16 89 0 54 0 15 57 35 0 0 68 0 26 0 70
72 18 52 99 9 103 0 127 170 242 9 91 18 31 0 164 169 39 33 17 50 17 34 152 126 81 124 63 144 4 82 17 0 88 9 8 87 46 44 191 32 33 7 47 41 66 77 72 133 38 0 92 220 15 124 114 43 0 0 5 35 39 28 5 156 56 152 46 30 36 8 4 100 305 132 18 12 7 14 90 6 87 36 49 62 0 70 0 111 119 134 142 2 42 61 30 0 0 63 125 4 39 20 118 135 74 118 0 6 45 5 154 5 24 117 8 49 26 69 45 148 150 67 18 85 15 77 79 64 168 72 11 88 90 185 234 99 51 39 81 67 130 48 47 54 170 180 35 75 41 102 137 12 112 18 73 27 28 17 17 102 46 26 132 204 62 60 56 60 6 258 86 4 15 39 121 2 150 0 54 0 38 36 65 215 78 70 63 90 23 0 3 192 76 39 109 0 161 120 8 0 75 65 11 13 75 1 108 47 36 42 86 12 21 99 6 84 28 48 21 52 104 50 2 69 18 0 119 6 63 90 211 60 42 105 132 72 7 168 119 181 62 77 149 84 79 89 32 42 21 104 0 57 168 24 113
75 68 100 7 36 58 36 37 91 105 106 69 57 159 91 28 190 0 87 98 59 99 72 137 151 71 128 0 95 98 8 216 167 8 28 106 42 22 72 72 25 147 117 58 90 110 110 193 81 40 49 134 145 142 128 56 15 33 58 61 136 18 105 77 99 99 64 128 105 115 15 30 126 5 125 0 16 54 153 57 56 163 141 73 190 67 105 18 64 113 133 63 137 12 139 34 108 105 212 71 0 33 45 18 42 102 200 126 84 79 28 44 58 97 29 101 60 38 82 49 158 63 93 6 177 42 114 47 77 1 56 112 128 30 74 67 37 48 126 71 90 71 66 54 47 128 113 131 47 69 28 23 62 124 18 64 18 20 4 69 150 180 146 86 104 132 84 68 106 105 84 9 25 129 196 138 38 23 35 0 0 23 19 106 134 37 46 59 102 117 76 67 213 86 146 154 73 20 64 54 118 87 3 40 83 122 85 85 88 102 39 108 109 176 119 8 81 176 133 123 57 28 117 22 93 96 35 139 36 92 149 0 68 12 90 80 93 68 62 168 86 54 58 170 77 42 71 108 79 75 314 62 38 2 4 179
61 62 149 91 40 58 37 99 133 78 34 117 0 57 25 24 89 159 85 180 6 105 35 9 101 156 39 149 31 90 36 76 127 27 85 85 0 49 58 57 54 97 74 92 214 33 150 66 119 24 22 18 127 127 75 62 32 48 138 6 36 59 15 12 146 166 43 94 24 0 45 22 6 88 16 61 0 35 19 22 57 142 188 65 33 139 159 40 110 34 50 131 39 97 56 13 171 181 58 63 25 87 21 34 69 85 137 39 42 128 87 0 45 43 92 49 118 62 23 0 122 121 0 182 15 102 0 40 7 107 67 106 57 24 57 72 21 27 111 12 62 58 79 6 190 191 140 32 69 51 36 59 68 149 0 84 80 9 51 0 137 36 176 82 75 86 35 68 36 49 81 112 57 130 40 86 74 269 20 18 78 20 87 65 67 28 52 167 74 40 63 82 56 8 127 56 15 78 158 113 0 136 0 24 46 44 3 0 21 76 31 48 207 16 51 9 26 135 9 31 125 42 27 27 41 63 73 98 109 200 122 120 24 36 9 54 8 158 114 182 96 32 92 54 102 12 63 0 67 111 100 100 48 187 80 147
19 0 87 0 18 49 16 18 86 62 0 4 0 72 76 3 0 66 36 0 26 50 9 79 69 143 0 0 54 178 35 53 75 80 49 7 12 0 44 6 92 34 0 43 117 92 43 80 0 40 7 12 0 72 26 37 42 49 42 70 3 51 43 30 78 42 98 49 68 32 141 74 102 25 126 70 18 41 116 14 0 65 115 102 96 80 5 0 189 0 0 0 176 101 104 48 89 56 117 47 38 0 7 43 76 18 9 54 86 123 91 60 148 24 12 72 12 71 95 0 160 83 42 86 12 54 109 0 29 81 100 100 84 81 72 79 7 105 105 8 114 18 56 48 27 119 0 77 0 78 42 1 59 0 30 109 0 105 20 126 130 12 119 53 20 188 171 7 48 162 75 38 58 16 40 1 64 122 12 35 0 136 70 33 69 10 39 100 2 0 113 63 88 56 105 86 0 0 211 20 100 44 56 90 55 63 7 24 0 114 72 0 66 72 36 4 21 113 119 125 39 33 122 9 16 111 69 138 92 0 91 0 64 40 114 152 126 0 0 42 72 62 0 48 15 113 57 24 79 87 70 0 0 95 43 136
0 32 105 104 75 98 33 96 73 50 6 55 62 16 56 170 18 226 9 31 83 54 6 25 41 4 63 23 39 106 0 64 82 114 96 100 111 21 35 30 100 73 77 69 42 0 91 0 0 28 37 54 75 45 62 268 51 0 219 0 27 132 30 7 177 140 18 9 99 181 30 42 0 72 2 0 127 133 24 133 81 110 80 116 77 42 24 48 64 27 21 32 0 13 64 85 86 42 45 112 48 45 87 67 89 117 56 20 9 49 51 65 45 62 38 27 68 0 0 0 96 157 25 39 111 112 39 165 40 0 5 15 152 10 114 52 135 232 149 34 101 88 81 74 102 48 63 9 0 55 30 36 114 67 0 67 44 14 67 24 236 77 39 32 35 104 102 0 64 122 161 30 49 16 100 42 112 59 48 63 27 51 24 55 0 0 38 203 84 96 50 116 44 0 45 81 0 0 93 139 70 126 0 48 64 25 136 99 12 67 68 42 130 109 67 6 110 35 35 117 101 78 37 56 18 0 64 50 149 30 42 22 45 12 74 48 126 96 74 72 0 116 115 9 40 95 110 0 33 160 92 56 61 221 74 102
72 94 58 0 21 85 0 190 245 36 28 45 105 62 60 18 56 14 25 75 63 12 109 18 96 104 39 223 150 4 68 110 140 36 173 55 18 57 82 54 32 116 72 168 126 57 0 16 25 55 96 0 55 66 181 69 43 34 28 132 112 66 9 206 95 120 84 125 40 73 67 61 0 60 132 79 131 76 114 0 138 92 175 0 62 34 100 30 146 107 37 72 147 124 173 72 8 143 118 2 78 40 66 48 45 228 75 0 27 87 85 0 31 56 106 83 71 98 10 49 182 27 16 102 30 145 8 86 92 0 70 30 69 99 92 137 75 95 244 75 16 63 31 24 11 155 107 35 106 0 69 15 181 151 32 117 28 0 16 91 90 19 45 60 71 146 84 35 0 10 135 57 65 76 109 90 66 149 49 28 52 21 0 4 59 30 12 113 144 27 62 91 5 47 54 47 40 0 101 34 74 8 52 30 53 0 137 108 47 5 0 177 195 237 48 18 200 28 12 47 0 44 48 0 79 108 129 128 27 0 6 84 40 45 84 0 103 56 49 168 48 199 108 49 12 60 63 75 76 121 151 128 64 20 0 190
50 107 20 79 0 0 48 93 12 97 137 111 52 6 57 57 125 0 48 161 24 48 128 79 61 74 131 10 26 65 74 165 36 24 63 9 0 28 68 24 90 9 72 41 32 18 96 22 6 35 10 96 8 123 30 72 70 119 40 9 43 83 70 28 32 15 88 119 139 51 0 48 36 18 57 109 47 60 117 36 24 151 91 20 91 27 82 17 128 0 120 129 119 3 126 89 40 0 63 21 27 23 20 42 0 20 10 36 0 0 40 42 16 24 63 56 4 7 81 15 69 65 10 66 27 84 17 82 18 4 45 91 0 145 124 15 64 12 44 84 132 32 52 135 10 51 62 93 0 65 111 0 28 189 24 64 48 0 35 54 165 57 77 54 35 144 107 75 80 35 71 128 26 20 138 34 125 45 8 95 0 71 32 63 93 99 66 68 6 140 18 27 40 32 127 146 0 18 123 43 103 40 15 46 75 32 6 36 40 69 36 8 195 63 3 10 22 76 186 214 12 35 30 45 50 165 54 112 162 0 69 36 56 79 26 32 72 10 55 4 16 65 0 135 96 10 16 67 32 92 104 0 24 55 75 67
12 4 152 12 87 104 18 0 40 54 48 18 80 45 48 8 48 15 18 50 7 72 1 117 121 15 4 93 66 118 0 52 75 51 81 51 69 35 66 45 35 70 0 53 87 24 45 80 57 40 0 39 54 72 16 18 96 84 0 72 30 0 14 30 48 43 188 45 133 40 22 67 7 27 14 0 14 0 112 0 27 81 56 32 60 0 4 18 127 0 0 21 106 30 153 42 0 0 152 5 25 12 72 51 25 78 0 7 25 0 8 10 0 32 30 115 20 26 36 35 0 88 0 12 112 104 93 6 3 33 16 50 27 81 31 123 7 28 50 59 64 0 0 94 8 0 29 114 78 64 30 42 32 151 15 193 0 0 63 68 66 51 21 6 0 141 90 10 36 119 56 26 117 44 122 24 25 106 42 35 54 155 35 16 0 13 71 35 58 0 32 21 1 104 128 77 30 0 99 0 72 84 8 32 26 44 0 92 162 35 24 33 54 84 69 1 36 8 45 64 0 76 10 1 113 79 144 154 114 0 80 90 92 45 78 12 296 69 0 58 0 42 10 114 25 90 9 43 110 42 98 28 18 94 66 83
0 86 0 17 40 4 78 54 39 27 30 88 0 84 18 48 67 26 56 44 64 0 24 32 6 72 48 26 46 170 95 74 8 69 6 4 0 58 0 21 113 52 104 22 0 0 20 138 12 0 68 24 96 34 0 88 0 68 14 10 0 36 44 32 43 14 199 26 72 0 6 0 78 0 27 132 0 84 0 0 0 114 90 0 24 0 28 0 48 0 0 134 0 8 36 12 40 0 80 272 0 26 0 32 134 54 38 8 0 38 44 70 34 28 66 14 104 21 24 36 109 101 26 44 0 0 16 12 6 64 49 56 96 36 53 43 76 0 4 36 54 12 76 0 54 82 146 60 0 32 10 10 0 54 18 76 16 32 20 40 12 84 14 109 18 72 34 0 35 100 119 18 62 28 60 104 126 91 0 20 0 8 35 10 42 0 0 112 9 0 8 12 36 92 48 27 68 60 66 26 0 0 6 18 16 0 0 50 71 115 0 16 147 0 0 60 88 42 165 0 80 45 0 0 112 70 126 102 46 24 85 48 0 8 50 36 89 12 36 60 30 32 36 54 42 83 32 111 10 114 0 14 36 71 24 67
18 77 88 21 98 42 77 28 28 0 151 138 15 1 110 174 13 6 55 6 6 51 52 54 156 87 14 99 58 94 116 95 222 42 25 3 18 0 39 49 116 107 0 30 140 49 70 0 39 59 74 24 60 0 42 133 139 119 0 40 0 130 36 72 49 0 79 69 4 81 6 77 109 49 141 46 128 57 93 71 144 66 90 79 97 54 28 68 55 33 234 44 61 9 7 119 128 85 131 123 35 0 36 79 103 27 18 135 48 4 12 124 104 70 168 0 107 6 6 8 146 76 26 18 135 166 124 11 49 0 12 100 96 72 164 76 20 79 0 53 66 54 48 64 0 109 118 24 76 237 0 81 109 36 44 81 8 12 106 154 28 102 92 39 6 2 105 73 64 179 12 41 101 0 42 189 113 56 40 56 97 0 2 0 128 42 131 72 6 0 0 19 6 25 12 28 35 74 89 12 0 39 21 0 8 64 126 94 16 76 99 54 39 0 37 44 162 0 79 84 53 42 26 0 72 35 16 114 0 24 54 152 3 77 211 124 121 9 57 135 86 14 24 129 0 92 55 0 76 36 145 9 108 270 37 80
73 78 30 75 91 53 14 221 124 76 32 97 0 121 50 41 80 56 110 21 90 4 36 151 54 117 35 36 117 115 10 135 102 46 135 45 18 50 51 32 6 128 18 72 108 135 111 42 12 0 5 118 6 0 56 116 46 20 0 121 81 129 30 54 62 76 42 222 28 64 81 0 54 130 246 147 71 153 58 76 0 147 52 32 10 56 120 81 0 81 65 63 141 36 104 200 90 85 101 70 0 14 108 119 131 81 25 60 50 113 9 10 28 62 131 71 54 108 104 4 115 122 73 42 19 36 36 111 42 39 45 143 107 18 104 88 20 88 105 0 193 76 63 81 0 70 44 24 9 144 33 12 14 76 9 61 0 131 0 18 128 149 36 145 81 87 147 36 88 137 138 7 46 89 72 94 35 24 12 149 39 48 94 79 165 81 96 107 93 96 90 90 118 70 77 118 108 0 63 75 73 7 36 174 9 83 5 54 72 74 15 51 125 125 83 88 120 101 155 0 105 151 72 27 26 37 76 91 99 0 176 86 117 113 52 75 36 14 82 68 4 30 52 110 19 72 89 176 12 7 110 113 84 24 100 137
116 71 42 68 124 80 16 64 20 89 21 313 42 95 27 20 94 40 20 177 11 0 71 12 146 0 165 40 78 16 138 21 29 34 48 43 14 12 0 93 0 0 0 77 108 48 153 33 88 36 54 0 36 10 86 40 24 79 14 5 129 46 3 0 58 16 43 65 0 2 77 0 20 94 168 24 44 62 40 56 41 149 12 107 82 74 94 93 128 9 101 24 34 38 18 70 71 0 157 85 36 6 82 76 6 40 72 63 154 0 24 75 127 8 131 9 74 6 66 77 193 93 60 108 184 42 115 18 63 44 117 72 153 174 0 69 24 0 98 89 120 56 132 8 48 198 145 6 78 28 112 0 138 125 31 104 1 16 83 60 74 8 18 249 14 66 0 125 10 35 42 20 61 24 93 87 34 92 30 32 54 71 79 56 257 1 12 6 28 27 27 6 72 53 84 69 59 36 103 4 0 120 73 81 96 48 58 115 69 88 55 1 12 2 8 0 14 20 46 66 56 48 94 46 91 70 0 18 47 56 67 108 24 6 54 18 56 118 51 165 72 47 30 168 24 32 82 68 0 0 87 74 81 97 101 64
28 129 54 98 59 124 59 33 129 62 0 57 63 75 30 43 150 77 127 123 55 36 31 182 20 113 3 140 113 241 4 108 270 34 42 142 42 25 81 97 40 105 44 96 81 128 53 209 63 20 110 154 131 136 89 101 52 55 74 4 166 45 54 51 41 74 97 54 64 156 71 20 36 116 47 86 98 155 69 132 0 252 115 0 80 87 24 0 76 42 65 48 104 28 26 69 128 198 165 114 63 11 94 82 84 39 85 6 57 97 57 0 60 88 114 169 162 66 87 20 97 135 0 123 174 47 72 34 39 72 180 72 44 95 104 75 0 32 99 82 54 149 32 20 32 106 65 154 118 34 40 96 88 46 19 48 0 33 61 87 239 139 172 41 72 161 219 68 192 184 194 198 190 65 103 128 68 92 156 117 8 232 96 8 106 44 17 133 125 116 36 7 88 174 57 54 75 45 174 130 108 82 97 120 36 47 258 104 123 82 46 269 179 45 158 57 115 58 66 32 85 68 54 79 26 91 78 110 172 45 72 115 82 46 180 74 47 22 264 48 87 137 193 72 43 85 101 64 30 139 29 82 8 98 180 144
28 17 9 36 96 91 96 8 28 0 155 29 45 20 109 101 24 3 18 67 0 54 64 136 0 29 48 70 36 49 79 11 64 52 58 0 10 20 0 57 36 26 48 26 48 0 20 69 61 92 6 16 36 84 62 6 83 46 10 4 63 74 6 0 12 73 72 0 27 59 0 19 96 12 0 66 0 0 108 87 156 77 58 99 0 0 56 0 115 54 82 93 154 42 4 0 109 0 56 101 8 98 0 4 66 63 0 0 38 12 10 25 12 31 73 80 65 27 20 0 79 87 25 14 21 32 0 28 11 119 116 26 27 0 0 42 56 42 54 0 12 40 27 8 39 24 68 64 16 78 76 40 40 36 40 68 0 56 8 116 36 55 80 28 40 96 158 5 59 57 88 34 0 26 64 0 24 126 80 8 60 86 22 94 44 0 28 70 31 54 0 0 0 12 80 18 0 48 104 121 54 56 7 0 39 31 92 92 92 38 84 0 58 84 24 2 24 76 112 48 24 41 53 44 64 70 42 106 12 18 46 149 161 56 18 32 53 64 97 63 41 36 36 92 28 71 18 50 8 0 24 0 0 97 7 48
13 37 81 6 21 54 0 76 40 12 72 93 49 92 72 56 74 0 42 81 160 71 83 24 109 12 44 15 102 93 162 174 75 58 30 0 49 57 17 102 7 33 56 45 69 68 15 41 74 0 7 108 38 20 79 152 72 131 21 0 9 32 0 67 120 82 82 135 33 100 0 90 30 121 43 98 68 120 44 18 0 45 0 34 2 105 88 15 15 42 82 54 68 18 11 41 29 34 214 128 19 18 29 10 127 102 27 0 0 33 11 12 40 149 186 28 108 93 57 4 93 85 65 74 0 74 89 66 35 154 105 134 117 63 126 62 69 2 0 56 2 62 46 160 0 57 3 59 1 116 50 20 24 136 64 26 63 32 56 63 119 55 136 49 25 2 69 45 54 74 84 36 78 77 3 129 40 90 0 24 58 5 61 122 12 39 70 43 0 99 33 0 115 0 62 159 61 89 127 61 0 9 38 71 101 15 28 148 42 64 0 45 199 71 48 45 61 3 86 0 89 103 24 29 105 48 14 52 56 45 120 129 3 85 112 5 86 16 24 27 129 129 42 0 121 136 0 43 112 21 16 33 32 50 66 46
82 50 45 27 31 42 50 62 115 114 54 8 151 106 0 81 155 0 0 127 33 63 27 28 73 52 94 168 91 51 60 33 72 16 42 18 114 5 7 39 0 24 103 108 116 34 79 42 61 14 26 250 41 20 101 94 87 68 95 2 69 20 81 2 164 141 153 37 80 46 24 16 44 8 252 0 54 67 65 58 6 96 18 27 81 8 169 77 37 20 76 126 23 80 115 67 32 8 132 100 9 40 86 10 73 128 32 5 33 19 42 15 0 40 0 40 54 130 180 79 138 208 54 24 197 47 0 71 73 153 108 49 97 57 84 51 28 63 43 0 35 138 54 97 32 139 53 18 28 100 16 66 114 290 8 165 0 51 0 4 133 77 112 53 196 45 34 75 32 91 150 0 42 53 35 89 156 166 0 118 0 129 133 52 129 0 39 44 24 54 31 24 33 0 14 104 83 82 68 28 84 109 0 24 40 152 120 95 173 5 90 124 100 71 35 9 44 121 167 6 33 126 158 41 0 136 59 131 18 29 154 167 18 25 79 89 124 127 148 56 86 24 40 54 15 82 28 95 84 13 29 39 28 32 72 109
64 0 29 0 115 80 35 156 47 72 5 105 160 121 10 129 67 48 26 125 12 51 6 5 74 53 25 137 120 22 51 51 83 38 5 76 200 161 150 30 5 18 127 80 174 103 44 65 97 79 44 110 54 122 74 125 12 32 72 5 138 75 85 8 133 86 139 5 28 23 24 22 154 27 102 83 125 79 21 82 40 99 186 35 42 93 154 72 136 39 33 81 72 26 39 75 78 55 36 95 16 22 48 114 56 128 67 40 77 45 45 82 163 3 10 6 0 14 28 93 132 36 40 76 164 165 0 53 123 132 6 24 121 199 15 0 59 16 155 0 32 94 57 55 103 154 57 40 32 29 27 43 105 220 5 32 48 47 194 67 122 118 106 30 84 78 57 53 42 68 16 38 66 137 71 92 93 184 45 36 87 56 104 28 120 49 128 83 0 69 63 4 6 0 70 115 64 153 0 56 56 26 89 17 21 32 52 11 142 14 22 20 148 60 45 48 74 103 52 0 90 46 144 53 44 159 132 171 25 52 102 30 95 68 60 185 86 133 146 44 151 84 32 0 122 58 91 56 23 57 67 63 79 69 69 89
60 135 61 109 95 9 96 90 45 14 79 78 114 89 30 173 76 75 0 83 18 12 78 75 37 69 125 64 12 53 16 71 98 120 127 28 82 0 68 87 0 0 68 28 64 35 58 88 27 0 3 140 67 0 12 89 3 21 93 0 59 66 94 35 55 45 184 3 78 8 0 35 11 84 146 23 69 26 97 113 16 68 0 40 9 33 66 21 42 16 27 216 127 82 35 91 45 51 18 24 17 66 21 74 24 21 100 24 26 12 93 81 25 0 114 3 89 63 25 56 176 58 39 30 74 31 90 66 49 68 4 1 3 36 0 6 195 9 11 177 24 18 24 66 32 144 51 88 117 1 50 0 100 137 9 35 3 0 151 20 38 77 0 94 0 0 78 0 51 34 54 55 94 44 0 0 99 34 42 24 0 3 85 2 149 27 12 49 0 74 45 55 12 27 116 42 69 43 0 35 58 27 0 33 16 61 9 62 136 0 0 21 28 57 71 3 27 46 111 15 45 5 153 75 56 52 73 28 60 36 18 33 69 7 189 39 145 131 35 27 126 35 106 25 30 69 21 97 47 0 54 49 40 56 0 41
0 15 118 0 59 90 56 42 177 41 4 99 0 74 24 30 161 6 24 150 8 58 18 20 52 20 110 78 110 32 8 89 24 8 0 37 0 68 0 60 68 48 36 147 54 73 35 9 18 0 30 0 28 0 22 112 0 10 42 63 74 3 0 177 45 77 120 75 91 93 53 72 44 22 85 10 56 112 2 56 0 0 0 4 214 84 125 45 2 46 8 47 10 7 121 15 30 7 61 45 28 2 0 56 64 72 42 0 96 72 82 25 48 64 14 56 0 50 64 77 0 16 73 3 108 0 4 64 12 26 35 14 24 6 143 21 27 0 3 69 56 93 93 18 17 41 33 24 99 14 32 56 48 87 25 0 6 0 5 57 18 34 51 0 140 0 0 48 0 57 28 0 36 174 108 0 8 0 0 8 0 44 29 86 10 129 45 0 35 33 0 6 104 0 124 106 64 12 21 10 0 45 15 0 92 18 0 86 0 47 0 9 168 63 60 0 65 0 40 0 45 38 18 0 40 27 45 70 12 51 94 84 12 33 0 0 100 111 4 6 0 12 6 91 0 48 57 17 46 0 79 48 0 56 27 64
32 64 5 22 18 20 116 73 15 32 0 16 4 0 9 16 96 67 0 90 16 32 53 113 12 24 6 83 11 129 54 7 9 5 36 14 0 13 25 0 81 15 0 52 8 0 0 52 96 3 45 27 15 0 36 94 0 43 15 0 10 26 8 57 0 45 0 0 64 47 15 25 11 17 10 32 27 75 0 27 6 230 38 21 22 36 94 32 15 24 15 0 15 0 10 98 5 92 68 72 10 0 124 34 0 0 6 58 44 65 28 0 26 7 91 46 8 119 14 0 59 72 91 56 106 79 65 9 30 11 0 16 18 53 96 55 0 3 171 41 110 5 33 54 0 60 36 53 63 5 0 75 6 78 5 32 15 9 94 17 3 0 126 185 142 10 12 49 118 51 129 8 44 45 33 57 128 35 59 27 24 32 46 0 40 3 47 99 48 5 0 5 32 54 66 63 41 0 132 4 46 24 0 23 52 24 11 74 39 61 48 0 79 23 64 20 74 6 88 9 5 71 0 18 7 48 56 71 47 0 0 99 22 48 51 8 24 70 124 64 0 73 70 35 6 23 92 79 0 29 27 56 34 0 18 0
6 0 64 0 0 127 10 57 164 48 66 53 62 10 31 124 48 4 40 90 34 8 74 84 53 54 20 82 86 0 113 68 93 85 147 24 77 18 31 75 8 141 16 153 55 16 28 8 34 49 28 123 82 106 88 90 48 36 40 114 31 36 25 122 64 24 89 3 82 24 18 82 40 84 41 20 97 121 60 16 0 14 35 8 101 4 96 36 62 87 23 63 143 24 85 0 18 78 87 132 30 81 17 24 81 137 45 3 109 75 0 62 6 122 72 102 47 52 32 105 115 107 36 27 84 86 86 60 67 80 123 0 78 65 87 76 64 138 10 8 42 54 6 35 23 52 27 0 83 4 8 12 76 225 106 98 0 52 0 51 56 27 21 44 10 74 67 75 132 94 112 40 97 100 14 50 63 152 3 31 0 64 34 6 82 46 44 12 141 2 78 21 5 0 16 76 17 8 104 68 6 15 17 49 71 0 96 116 7 0 95 132 74 102 18 53 82 16 173 1 42 44 32 5 80 27 32 41 20 39 48 118 0 67 24 64 36 20 60 10 18 103 42 58 35 153 6 69 0 99 93 33 92 35 32 113
37 79 71 192 58 170 86 32 135 40 0 115 78 80 47 56 143 0 64 59 43 64 18 69 75 123 0 40 12 12 9 47 8 76 0 102 18 22 21 4 7 19 0 72 35 16 48 85 33 24 6 80 113 55 0 84 24 26 87 88 41 120 14 54 29 103 15 15 21 40 54 12 21 153 88 48 79 46 10 34 70 78 87 25 12 27 83 0 64 51 13 30 38 16 53 144 0 58 40 236 69 0 32 16 32 56 6 39 122 99 70 42 27 4 132 57 10 7 109 14 49 52 6 18 0 99 63 30 75 36 0 8 33 0 64 148 97 0 80 91 48 75 61 88 14 5 136 0 24 108 113 42 12 72 13 118 55 0 15 18 46 73 60 50 132 133 62 82 18 14 81 88 59 147 2 149 14 126 0 94 10 56 62 19 157 102 73 49 107 9 10 160 59 0 53 99 0 20 0 50 7 8 24 16 67 8 82 103 121 86 72 48 112 91 48 7 32 56 24 0 105 107 76 0 80 16 68 7 8 69 124 53 0 64 69 29 81 139 83 106 0 16 89 81 56 18 120 12 0 5 130 86 7 108 66 72
4 8 132 32 45 24 6 88 45 40 48 55 72 32 28 52 21 18 18 92 71 76 47 38 92 56 15 124 64 36 18 84 9 46 51 108 65 0 41 20 19 63 30 38 21 42 0 9 56 15 0 122 59 11 98 25 42 61 41 0 65 24 19 0 100 33 46 153 56 2 9 9 27 101 40 6 40 8 43 30 78 113 24 84 28 90 13 101 108 82 24 30 60 66 0 49 13 93 81 52 46 51 65 36 118 102 120 0 3 9 9 10 42 95 15 3 65 102 61 0 66 90 42 52 6 74 0 22 30 88 62 30 111 172 90 62 26 154 89 15 54 32 35 89 26 5 88 73 14 54 0 36 54 134 0 103 0 28 54 6 29 9 123 26 17 54 92 33 16 38 144 15 100 24 27 36 82 53 109 78 78 95 138 75 27 54 18 67 37 175 40 36 43 18 11 103 30 0 92 4 0 103 8 44 31 72 108 54 83 49 96 167 76 67 92 3 27 12 51 40 23 23 109 3 89 76 24 39 16 52 10 117 107 42 87 48 71 93 12 77 107 22 112 37 115 101 57 14 39 21 10 79 0 15 36 0
104 154 197 27 64 100 45 56 124 36 38 108 45 6 0 7 163 125 9 78 49 0 15 12 20 19 0 86 102 35 57 69 44 164 198 9 0 20 138 56 0 0 3 65 147 121 45 35 0 34 68 72 99 5 196 70 64 35 39 114 94 114 50 69 137 102 91 147 100 0 119 32 72 0 6 43 0 0 48 175 34 106 27 37 136 0 120 22 129 24 27 0 55 0 121 101 146 35 41 0 50 4 54 42 74 107 115 20 26 9 0 135 157 0 86 110 18 48 18 28 99 14 24 54 63 59 45 77 3 28 5 44 30 222 78 52 66 64 126 1 201 32 106 10 52 102 24 68 38 41 0 0 42 83 24 123 0 63 201 22 130 90 116 102 28 144 76 0 242 110 113 27 31 187 166 10 161 50 131 24 111 48 21 18 119 0 47 129 0 110 91 146 105 0 89 27 27 4 30 73 32 45 20 79 96 9 39 78 32 156 100 4 48 56 57 24 63 7 74 72 45 100 74 63 57 73 56 15 91 38 98 165 0 63 65 63 60 45 189 32 136 30 143 0 15 111 44 4 49 93 102 79 54 75 26 43
160 136 75 0 101 67 6 94 111 12 45 247 4 33 38 145 57 63 15 153 24 102 45 17 120 67 113 73 54 73 36 79 174 14 0 16 37 24 25 33 101 21 0 126 123 56 33 126 54 16 48 97 64 36 105 16 26 63 56 31 107 55 38 91 66 31 102 108 81 48 48 38 43 144 214 6 0 106 53 69 0 183 66 12 195 0 41 99 12 71 57 92 39 8 0 85 188 59 106 72 43 41 16 146 37 48 12 15 126 60 32 191 69 0 25 34 73 0 12 40 84 86 64 55 111 68 118 42 30 48 99 52 9 133 128 60 49 0 75 36 32 29 126 5 17 112 119 51 79 15 63 43 42 26 0 114 36 90 60 60 150 54 111 63 60 0 50 192 8 40 115 72 36 54 10 139 78 48 21 6 24 69 8 0 87 78 47 157 48 73 36 18 81 9 63 84 45 36 36 63 112 63 60 21 73 15 124 28 64 124 16 71 140 14 27 78 50 109 127 27 195 54 80 21 82 91 6 99 74 78 26 46 55 109 9 146 38 49 169 169 158 41 3 114 6 98 3 56 102 30 65 49 32 70 126 29
140 18 39 84 18 18 5 47 65 140 12 39 33 20 18 109 137 46 166 31 60 33 76 133 85 119 93 95 84 49 64 72 0 12 5 88 40 102 36 39 116 91 6 0 27 58 42 109 49 110 149 134 86 43 128 62 23 112 0 65 92 62 89 154 180 155 107 29 0 94 67 20 0 205 40 7 103 48 57 0 180 5 97 16 49 134 42 95 7 135 76 90 45 22 144 33 102 120 163 135 17 71 28 42 55 72 199 0 81 40 0 9 6 16 46 30 33 51 127 68 24 167 0 5 123 17 127 89 88 13 42 162 8 57 135 30 68 43 81 66 4 72 0 40 82 54 65 110 74 0 5 78 14 60 88 9 38 7 19 0 55 117 156 101 114 88 80 2 30 12 285 73 7 46 30 91 75 23 36 114 20 38 96 69 6 18 5 68 139 36 134 106 57 15 66 123 85 35 217 26 63 112 0 34 14 49 45 81 204 79 31 233 13 62 161 0 133 58 48 50 12 74 59 9 103 57 102 63 1 81 129 93 113 68 103 65 8 55 122 51 49 96 155 133 116 11 8 4 77 41 194 36 0 152 64 129
68 55 12 71 30 39 144 61 145 105 0 60 17 76 70 80 62 17 52 90 45 81 32 86 14 32 45 47 10 57 37 42 45 18 16 108 0 37 58 56 128 59 4 53 47 129 0 24 128 43 4 0 4 0 28 47 118 0 0 31 45 164 101 9 49 45 67 51 121 78 20 6 47 6 108 76 43 54 84 74 0 119 9 56 114 65 76 22 111 0 0 0 78 30 66 0 47 0 135 116 0 72 19 46 98 33 106 9 8 100 29 127 80 113 63 65 21 20 32 91 126 7 102 44 35 33 93 82 0 9 30 15 128 48 64 29 21 12 30 0 73 86 132 52 30 103 3 97 46 0 92 55 39 37 6 55 0 0 122 74 7 118 118 90 55 111 8 30 45 44 36 30 129 85 154 57 76 138 6 48 0 93 32 53 88 18 102 0 114 0 0 25 118 35 24 81 21 36 28 2 113 45 24 94 99 0 0 72 88 152 21 85 147 119 27 127 179 116 62 77 21 35 66 12 23 97 94 72 69 0 51 3 35 6 0 0 96 6 42 98 68 12 0 0 9 0 103 18 12 108 117 63 0 106 24 54
30 112 128 0 36 117 58 168 166 56 8 18 72 229 68 42 69 12 7 126 38 109 56 128 89 46 3 76 10 88 0 6 79 10 0 32 50 50 38 0 7 9 80 72 70 68 27 32 96 24 70 56 147 82 0 77 0 0 57 77 90 8 0 100 157 53 136 105 121 0 93 161 13 56 99 64 241 105 80 26 0 70 71 33 94 143 151 60 113 0 27 155 4 66 68 78 4 105 166 120 113 3 100 0 71 114 61 79 96 68 202 92 84 9 20 52 129 106 8 99 122 110 25 24 18 104 105 56 42 18 62 26 68 44 30 25 56 127 65 197 4 0 78 128 60 96 47 211 49 103 104 77 107 245 10 173 41 57 151 136 24 70 79 6 0 24 139 35 0 83 64 40 135 68 104 132 0 94 108 16 30 62 71 0 53 0 72 77 14 50 18 0 24 0 56 99 15 40 35 30 0 44 5 24 6 7 165 63 99 38 54 133 167 48 77 76 153 60 133 8 67 12 88 25 68 183 43 20 7 103 46 54 0 57 88 100 64 90 0 50 15 114 73 81 21 194 198 5 0 0 110 34 42 45 0 173
75 173 49 126 155 55 20 5 45 2 0 58 16 168 53 195 123 0 40 106 24 76 2 82 51 45 84 34 145 114 4 149 45 57 105 7 18 18 70 17 32 6 36 201 63 94 32 69 72 12 0 18 107 10 38 58 0 0 49 24 30 0 18 81 57 185 35 60 37 188 35 4 29 158 45 26 93 12 48 85 77 120 20 0 99 92 82 20 36 51 28 94 130 65 0 18 45 42 115 63 72 79 76 28 1 143 3 54 72 49 81 68 49 89 128 85 0 40 45 71 297 69 19 23 202 163 35 35 0 13 35 29 9 63 88 92 109 74 0 96 36 34 33 42 0 45 63 4 40 23 52 45 38 58 42 221 11 65 127 33 30 24 103 0 107 60 3 80 7 93 45 8 98 150 72 59 111 101 22 0 22 87 135 123 35 149 117 9 111 53 18 16 26 60 5 54 12 6 7 32 0 16 73 44 2 29 56 171 103 18 90 0 61 83 13 60 72 0 98 72 28 44 0 17 70 0 74 127 0 0 134 9 129 61 54 137 136 103 90 125 8 67 25 57 6 33 44 90 5 50 16 59 72 150 0 12
22 57 36 0 12 35 20 114 94 32 12 56 24 9 5 19 128 126 47 90 21 42 41 54 117 212 45 100 75 78 42 61 0 112 192 16 0 0 44 53 88 46 42 67 72 57 102 18 6 0 20 12 56 32 58 72 30 87 24 119 0 93 23 82 44 9 142 68 54 18 132 9 36 75 34 57 24 151 0 42 40 104 86 63 0 85 47 0 24 101 50 16 54 76 172 46 63 56 68 111 0 0 64 79 75 119 42 74 67 138 48 62 119 8 46 20 24 62 40 0 124 47 40 131 6 95 72 15 5 0 34 78 75 92 72 13 29 21 113 66 96 61 0 56 102 163 42 28 5 61 0 96 15 163 31 109 0 0 175 0 68 36 173 106 59 245 72 53 155 156 133 45 43 65 160 105 71 55 95 50 53 80 18 15 44 16 28 76 63 9 118 87 57 15 104 31 43 98 182 36 0 56 47 58 28 1 35 75 0 83 56 8 49 63 133 13 65 102 70 70 68 109 64 86 22 75 84 42 119 72 77 72 8 40 35 36 49 105 22 46 60 52 138 36 47 48 55 43 22 58 80 135 44 42 107 75
46 41 32 50 78 4 28 72 58 99 76 45 40 40 45 16 40 62 85 20 0 3 84 41 69 80 66 100 56 88 8 98 48 0 36 77 0 46 14 10 120 195 2 17 9 58 29 30 18 80 71 71 0 36 58 36 46 104 66 16 109 129 7 110 56 50 56 58 0 98 107 36 14 59 90 38 106 128 1 44 16 6 37 0 36 184 113 53 0 36 64 48 64 21 26 47 77 99 69 98 59 0 20 126 40 0 58 0 73 65 72 53 66 10 51 12 0 100 70 3 48 125 72 134 26 30 27 102 108 5 23 32 36 0 58 59 25 0 6 61 24 74 28 54 72 31 112 7 46 45 34 72 48 9 29 34 0 0 27 0 23 68 0 39 36 76 122 120 48 32 99 90 20 16 45 0 5 80 0 98 32 53 19 73 86 78 70 8 76 51 5 54 0 51 183 106 48 4 129 56 61 113 21 46 81 54 5 3 43 72 32 48 91 10 0 14 58 50 20 0 72 42 16 0 35 20 14 61 10 0 108 32 103 10 18 0 58 149 0 30 13 104 36 123 0 80 6 42 8 46 115 104 108 131 69 122
14 107 47 44 24 34 19 8 72 63 5 158 0 82 21 12 153 72 64 72 33 4 70 8 36 90 89 42 4 61 56 85 66 42 51 75 0 21 81 77 0 35 26 104 129 31 130 55 57 6 21 0 68 89 154 76 34 50 14 86 54 75 20 0 138 0 104 133 124 2 200 0 0 0 126 18 96 80 56 64 45 49 7 0 80 76 51 69 22 21 30 77 31 0 102 135 142 94 145 42 28 0 19 160 42 97 115 3 96 0 52 29 87 35 21 70 49 63 14 21 80 17 0 12 63 93 91 44 27 28 63 73 57 36 38 37 25 21 97 28 80 0 118 15 0 68 6 32 0 51 67 48 83 45 72 99 7 6 180 20 87 69 45 72 18 50 97 31 67 80 156 40 114 124 18 66 56 72 48 110 42 137 49 40 44 82 40 96 16 127 69 106 24 29 45 90 108 27 84 0 0 285 78 85 70 40 36 26 109 84 7 73 150 32 63 0 55 15 95 44 115 28 113 14 36 77 33 63 69 172 111 7 32 29 94 101 85 92 105 30 132 27 140 94 39 18 64 77 40 48 81 98 3 73 147 0
87 14 75 0 0 12 0 0 41 16 24 2 33 4 48 36 67 18 30 81 36 72 0 82 34 63 14 40 0 46 0 24 39 34 55 15 72 0 54 0 121 51 5 84 45 19 3 48 0 40 5 72 55 78 0 53 5 12 5 52 9 111 0 63 0 49 18 53 41 0 39 6 5 32 102 27 8 13 90 0 0 0 56 0 20 53 49 0 70 0 7 5 108 11 15 0 36 21 64 5 0 37 0 0 60 27 44 1 0 0 51 57 72 37 0 79 15 8 0 25 8 38 21 28 9 88 21 1 0 17 69 0 8 92 46 0 0 8 115 36 36 12 0 14 24 39 116 81 10 24 0 0 56 35 36 8 0 24 33 48 62 16 0 3 6 72 96 25 6 23 0 15 0 5 46 32 3 35 24 27 39 54 0 40 36 0 3 41 0 64 0 18 0 30 80 15 19 0 160 0 112 27 0 16 54 0 56 3 0 6 36 30 124 72 36 0 2 0 11 113 2 12 52 0 49 118 4 72 76 64 36 8 64 21 0 0 67 15 8 85 38 34 0 120 39 5 0 0 0 5 39 0 31 20 0 53
79 0 82 20 65 146 77 107 62 177 66 124 9 71 65 189 106 45 16 18 26 98 19 27 90 28 28 60 185 68 63 144 167 43 98 1 40 65 57 111 71 99 67 44 51 15 20 67 96 37 38 19 78 70 54 118 135 94 83 16 15 50 27 31 124 50 47 105 231 87 94 0 83 54 70 124 190 112 126 67 80 167 53 115 89 69 85 81 91 71 30 104 213 56 91 56 56 8 162 66 32 33 24 35 88 159 15 0 24 51 53 116 41 114 172 45 57 57 17 133 75 44 35 53 147 133 162 84 51 69 89 116 187 41 112 120 0 164 27 7 63 118 27 66 43 208 34 42 9 7 49 53 130 151 36 96 105 60 153 99 141 123 56 23 30 42 49 28 2 182 53 4 163 172 82 130 71 217 94 63 74 86 15 42 40 18 172 69 164 10 125 1 54 48 56 332 39 42 120 139 48 104 0 0 143 7 3 48 50 35 127 75 178 12 0 60 140 69 183 182 42 89 68 7 77 30 87 101 123 68 77 197 0 169 140 15 202 113 73 119 36 72 30 99 63 33 68 69 181 150 78 104 81 216 91 125
92 72 104 40 12 187 49 129 6 85 6 81 6 68 41 10 38 40 36 145 0 14 162 24 86 49 0 0 71 61 126 130 36 15 63 36 18 12 0 33 30 30 162 62 60 66 48 35 48 0 10 0 63 0 201 155 0 125 35 9 105 24 18 69 54 63 147 79 24 32 68 99 40 68 111 11 180 126 9 30 50 175 101 28 143 91 103 39 46 117 69 101 24 167 130 101 81 0 53 79 58 76 54 46 24 167 145 54 105 223 154 31 146 63 103 16 109 60 76 12 138 64 53 51 30 28 45 18 36 97 18 24 72 117 5 33 63 0 135 77 128 11 65 29 46 100 150 20 85 109 127 63 85 205 44 49 66 36 68 19 50 147 140 67 104 40 40 153 38 169 63 25 104 85 93 122 144 40 12 74 0 26 83 0 6 0 57 53 105 5 42 0 0 15 174 136 56 137 48 46 48 72 104 116 78 46 56 226 38 117 48 86 148 132 128 8 35 9 0 18 56 112 24 89 74 126 18 106 13 33 63 24 36 135 111 108 166 100 0 70 97 73 96 90 107 104 8 67 147 111 0 158 178 36 84 24
107 37 33 22 73 66 51 16 55 30 42 32 0 118 15 72 103 48 28 102 78 167 42 25 0 121 72 0 24 124 81 59 153 26 41 64 30 34 129 93 105 33 114 128 127 88 22 112 40 27 20 235 39 10 28 47 6 129 146 20 94 92 137 45 72 126 130 76 91 4 42 17 51 48 56 22 45 57 58 127 0 150 22 22 137 100 40 84 161 9 0 36 53 24 81 14 123 0 132 44 4 53 14 0 58 89 126 60 56 33 116 110 64 7 119 27 89 36 10 96 152 59 40 29 159 134 24 98 14 32 4 0 39 311 0 52 78 36 179 45 58 56 40 58 0 98 186 66 0 0 11 3 104 0 29 142 61 28 205 89 75 55 27 128 31 169 25 115 12 135 2 0 0 161 40 48 92 40 0 81 5 115 34 55 151 15 114 223 0 94 99 105 153 12 0 36 0 8 1 74 119 75 139 8 106 27 28 51 118 89 52 69 26 32 30 62 145 62 56 67 167 15 117 25 24 85 149 63 158 0 51 143 45 110 4 77 124 117 156 160 145 24 16 56 136 103 109 142 57 103 43 85 32 53 12 3
34 11 146 9 27 132 0 24 15 104 0 76 90 32 5 28 15 15 26 99 53 6 0 20 106 2 48 126 15 33 79 66 165 33 0 93 60 18 30 45 0 28 69 90 36 25 20 62 27 0 35 124 93 0 0 28 0 145 36 0 139 50 24 126 27 48 91 129 20 12 9 32 44 0 114 15 30 114 0 64 0 117 63 15 75 0 63 0 44 0 0 60 0 30 0 39 133 0 99 30 2 0 0 8 49 80 0 67 100 40 31 0 21 16 70 10 45 12 53 0 176 69 48 2 111 28 0 9 0 48 16 33 18 0 0 86 27 0 60 0 108 0 60 45 0 0 50 123 42 62 32 0 21 87 0 160 0 37 45 0 68 108 21 49 54 0 75 163 77 236 56 0 114 82 123 100 90 0 0 81 0 81 36 48 64 27 18 45 0 48 10 24 87 4 56 135 52 5 0 43 36 72 21 41 16 8 10 57 62 136 19 65 2 0 88 60 90 49 0 14 96 105 0 14 6 70 120 105 108 15 160 38 28 48 30 27 146 28 48 74 81 32 0 18 16 48 128 8 82 57 0 56 0 86 36 33
51 51 95 62 42 26 36 16 18 105 18 85 50 136 122 4 79 106 51 13 148 64 84 144 184 54 74 107 21 34 90 82 45 48 62 74 48 21 116 0 75 0 15 54 60 27 86 110 0 37 15 58 56 12 42 115 24 59 47 2 30 109 29 10 111 54 195 62 59 19 113 17 10 99 169 90 92 49 58 62 4 56 18 3 42 57 56 88 39 9 54 51 56 66 27 155 18 102 6 54 3 53 53 30 44 55 56 1 104 111 77 115 12 8 109 7 46 21 0 135 119 69 13 0 73 0 68 35 64 22 16 0 15 144 92 24 68 27 30 50 24 44 2 51 68 46 152 71 98 81 18 49 16 27 25 95 6 33 174 42 22 58 30 78 7 66 77 112 73 60 54 2 98 54 0 213 9 16 22 111 10 73 18 0 54 79 136 161 30 8 0 66 67 84 47 63 87 20 67 31 0 174 108 62 0 70 35 70 48 85 20 147 32 40 86 42 125 4 3 32 67 86 96 84 14 32 43 26 64 0 72 98 22 161 162 8 110 67 60 114 53 67 44 44 149 6 99 7 48 38 90 5 77 79 12 22
38 0 85 18 38 10 4 32 72 67 64 34 35 21 21 103 94 29 8 56 17 50 23 69 41 10 20 40 51 117 6 136 76 100 46 42 24 36 75 18 24 36 24 16 0 35 18 110 0 15 31 38 40 52 66 79 24 81 42 10 67 69 55 101 56 32 48 55 111 131 111 15 77 37 29 69 81 94 86 95 100 23 24 6 114 63 33 25 150 12 54 1 39 21 30 56 24 40 57 86 48 6 0 65 61 12 26 0 53 33 40 80 130 59 75 83 100 25 10 30 37 76 6 21 136 119 44 127 5 20 2 60 24 21 92 0 36 2 107 33 88 64 46 27 32 24 57 31 30 25 46 58 58 68 0 120 35 66 53 81 73 16 33 43 52 85 80 31 18 170 110 38 14 79 33 129 52 59 40 35 42 57 34 43 70 9 61 64 83 86 57 24 48 22 107 75 79 0 123 76 41 72 37 36 87 71 30 12 68 138 76 99 68 89 39 16 6 34 42 96 5 65 45 47 34 66 2 102 32 8 135 95 65 38 122 63 22 40 4 37 55 18 72 23 92 32 0 119 46 46 0 7 92 162 32 20
80 0 56 6 30 53 48 111 5 91 27 32 75 10 0 26 56 60 2 88 8 120 80 5 64 35 34 72 25 132 28 48 72 11 186 12 47 18 40 5 16 31 32 33 69 4 132 0 56 42 4 9 12 93 16 192 24 6 24 8 12 39 16 79 32 40 45 32 0 35 46 40 83 92 36 83 12 0 18 7 0 96 96 44 65 105 101 32 11 86 5 36 8 36 99 20 68 56 181 71 16 68 171 111 50 45 37 0 93 40 0 40 15 8 61 4 56 124 119 72 85 16 60 68 167 64 112 45 93 76 36 32 159 52 64 0 56 64 54 130 0 66 64 88 15 107 44 37 120 10 48 0 50 292 5 62 0 9 138 16 127 20 24 9 92 44 25 0 0 0 30 0 76 94 26 81 13 112 1 35 8 64 94 0 130 0 96 0 65 42 15 0 0 0 96 132 146 106 57 80 2 43 18 44 0 90 85 24 174 0 31 0 24 104 71 3 6 57 51 8 40 20 36 95 0 61 0 104 2 16 132 48 32 0 96 36 88 85 96 17 90 52 128 24 6 24 24 20 3 11 24 52 24 138 63 0
150 0 79 60 52 30 59 96 79 77 39 90 83 73 137 150 15 55 54 94 78 48 121 95 117 7 96 67 54 0 53 118 85 0 3 51 69 69 0 26 36 18 30 124 82 28 55 0 18 26 3 61 24 117 101 122 92 65 44 3 45 45 57 70 56 67 92 92 40 105 63 97 60 172 102 56 27 85 71 0 99 8 83 48 0 78 24 21 96 30 81 187 35 99 42 34 89 42 109 7 99 20 111 54 65 33 170 45 34 28 15 12 26 63 56 88 102 152 65 40 156 66 20 97 70 74 165 11 129 0 4 78 47 107 168 60 91 15 179 136 72 56 31 57 72 50 96 116 65 97 96 26 73 157 6 0 0 16 116 66 87 82 0 69 12 45 22 27 79 53 77 235 92 56 0 26 25 26 10 14 52 85 12 83 57 12 36 47 78 48 94 36 6 0 44 56 10 68 42 39 45 119 18 111 110 158 98 116 15 39 72 111 82 47 27 6 54 15 15 18 35 107 61 123 69 56 6 70 27 54 8 48 25 66 112 112 114 30 4 59 84 141 80 124 68 57 0 0 118 71 36 67 112 149 40 125
88 74 37 48 44 111 11 201 24 24 40 162 42 130 20 30 104 16 62 57 106 92 83 2 105 165 17 87 135 49 104 22 69 24 111 26 28 143 17 37 60 0 72 69 87 19 60 155 67 48 10 115 46 63 68 75 32 139 0 0 50 104 18 108 114 0 72 45 117 6 48 46 21 96 93 87 101 121 140 112 35 89 178 26 0 45 101 72 72 116 59 104 45 52 76 69 237 36 102 117 42 37 0 85 72 108 24 0 134 64 39 6 147 0 85 126 137 18 20 12 69 39 67 106 62 168 110 63 17 8 32 181 0 130 46 0 63 36 77 61 52 12 118 97 81 99 133 91 63 39 77 30 82 171 24 64 33 12 75 57 120 63 12 60 30 70 154 123 29 45 62 28 212 136 87 270 165 102 6 28 139 7 31 63 78 63 72 116 84 126 19 8 45 73 110 131 129 83 35 172 0 54 60 55 62 40 57 9 82 63 32 43 168 108 116 45 130 148 82 35 85 109 58 45 10 245 132 65 75 52 89 33 28 126 0 65 71 36 46 72 12 104 67 155 49 32 72 148 20 81 60 67 32 12 72 103
21 171 100 84 188 153 36 80 185 33 18 157 12 132 12 40 78 18 59 157 30 26 142 118 143 6 61 92 28 111 120 52 130 27 74 72 14 25 25 0 18 55 71 98 18 54 108 67 12 12 45 27 91 82 105 164 21 100 67 94 13 38 9 74 15 71 148 68 16 40 109 69 4 72 135 32 114 40 72 32 18 74 75 4 118 77 61 96 18 34 26 24 103 98 1 14 54 45 113 46 0 15 49 40 69 63 83 17 90 12 62 60 10 76 115 49 102 8 50 110 196 147 125 34 86 14 84 26 15 64 38 6 0 93 56 118 79 8 9 171 102 40 40 9 48 138 327 129 211 60 81 56 36 63 28 0 17 36 168 24 6 22 12 93 96 58 69 94 0 84 83 58 59 126 135 168 51 34 31 20 6 134 103 39 148 54 52 79 30 11 23 48 0 145 218 45 147 0 5 111 8 87 124 68 55 141 60 49 157 41 0 91 67 42 173 58 161 38 48 1 63 100 70 116 30 40 31 104 50 18 110 73 115 17 41 0 113 80 67 168 14 166 108 180 56 63 82 165 81 55 82 2 68 66 38 152
24 78 80 18 101 135 81 117 60 56 62 168 24 54 18 61 31 122 16 66 106 8 98 56 14 139 77 89 45 78 161 64 9 35 93 0 0 27 12 31 17 0 100 72 27 58 0 0 0 18 50 12 98 54 161 193 48 164 37 34 70 8 13 31 18 51 122 4 189 6 72 57 0 22 54 148 93 60 120 50 42 97 62 111 53 63 112 48 36 5 9 106 73 28 37 8 36 63 83 173 130 46 27 101 89 9 80 0 27 24 14 43 26 60 97 110 8 60 144 0 85 135 68 66 46 36 99 4 24 104 111 45 68 25 12 110 98 23 107 112 16 19 95 31 18 62 76 31 60 6 52 8 54 143 46 99 9 0 149 24 40 0 144 82 70 137 72 0 80 51 95 59 57 10 27 81 110 77 51 64 0 117 176 40 123 12 52 77 160 47 64 21 0 22 167 52 123 56 54 49 0 34 113 75 29 119 116 188 24 0 58 9 66 48 71 20 15 18 128 0 87 54 0 20 92 96 8 16 0 0 14 63 16 0 104 39 58 18 131 50 36 33 90 65 0 145 0 93 22 2 0 14 175 82 20 89
6 108 81 52 57 74 14 63 95 144 81 7 167 54 77 83 126 29 21 36 84 148 114 104 95 159 9 119 100 62 40 99 92 62 68 48 16 53 32 48 118 100 24 106 56 0 36 135 135 53 48 210 55 21 122 129 80 130 44 16 83 172 12 114 52 2 116 72 69 111 124 21 0 24 90 56 0 76 42 179 110 20 24 93 43 100 76 5 61 36 76 42 46 8 88 4 88 100 33 183 86 31 39 36 273 130 0 0 188 172 170 40 9 0 159 24 59 32 5 0 120 66 14 69 142 80 81 72 12 14 32 32 76 108 38 71 73 14 19 108 78 116 60 0 36 64 105 47 78 40 42 62 96 137 52 59 4 0 36 67 100 48 92 92 36 213 62 70 70 135 82 65 180 44 66 39 58 138 10 112 64 154 81 0 53 0 12 145 24 53 0 0 184 14 0 103 0 27 72 20 24 0 37 45 117 0 76 153 117 48 100 64 33 87 18 56 74 150 0 54 56 120 118 0 56 225 182 31 73 8 33 56 60 145 0 0 45 63 95 77 15 122 71 99 20 80 24 73 40 0 140 112 4 60 16 140
0 42 16 62 82 52 54 44 0 100 36 42 24 2 94 192 60 118 12 44 60 54 25 61 32 22 28 54 144 54 22 70 148 86 56 0 97 36 26 24 72 43 12 60 21 0 146 0 73 28 12 27 24 78 36 15 139 60 94 2 0 60 12 32 28 56 18 0 64 102 25 6 0 88 0 36 96 28 0 101 142 76 188 42 48 127 31 2 60 24 85 52 72 20 14 4 92 0 78 114 0 32 96 57 32 129 44 38 118 26 38 65 74 66 48 35 64 28 0 12 82 2 36 54 142 82 0 43 119 0 8 20 54 86 51 68 63 18 111 8 77 54 25 99 94 22 16 0 0 77 34 54 34 38 10 35 0 16 78 10 108 51 0 36 16 72 5 22 21 68 99 0 48 41 10 76 94 72 5 0 40 0 56 18 44 40 58 62 36 8 54 22 46 64 80 79 0 24 48 80 10 24 70 0 14 0 42 62 51 56 124 24 142 18 6 3 36 0 50 124 46 76 0 91 16 82 4 110 56 48 36 72 35 84 90 0 22 143 76 49 40 68 50 76 0 66 49 16 38 86 133 96 48 266 82 72
96 122 86 88 59 12 33 35 37 114 68 73 43 35 0 89 126 4 88 75 3 21 1 51 0 0 100 21 15 72 0 123 4 53 23 50 72 1 79 0 35 48 1 109 62 85 73 32 32 2 1 156 27 50 92 21 74 58 36 40 50 7 15 84 24 70 61 36 0 4 21 21 15 8 135 38 39 6 76 116 0 68 45 45 82 37 42 46 21 87 101 54 22 42 104 47 114 29 55 9 141 94 6 59 89 1 2 36 88 24 101 17 40 16 18 97 105 37 73 6 100 67 67 10 54 90 12 140 0 34 51 72 8 92 62 85 173 5 51 54 1 50 59 30 80 21 123 63 40 61 24 124 3 13 41 113 54 0 105 30 12 35 137 11 42 112 145 83 77 19 136 30 204 73 119 7 109 87 65 54 24 105 116 64 15 69 9 86 24 74 9 24 40 59 13 83 6 63 48 101 91 18 6 97 40 0 134 0 124 0 48 4 61 52 208 44 103 107 112 65 85 75 45 2 70 102 4 17 92 148 58 57 30 35 54 78 8 67 38 89 15 42 74 76 135 111 9 48 126 63 24 71 109 90 166 62
67 54 81 35 0 16 0 0 68 32 6 59 0 132 129 66 94 26 72 0 4 12 4 58 30 32 22 51 0 49 53 135 84 43 33 47 32 22 96 50 76 104 7 95 42 12 87 0 51 12 2 50 6 42 67 32 89 63 54 109 72 1 116 23 44 0 151 78 16 28 6 54 24 0 87 66 54 27 0 36 45 108 7 64 64 80 19 43 123 0 157 12 36 68 0 54 33 88 15 108 40 0 59 38 112 24 30 9 40 24 40 96 99 30 28 0 40 11 62 0 193 27 162 42 48 4 108 0 40 54 0 61 54 207 24 110 104 1 54 64 35 0 3 97 30 54 16 136 60 2 78 0 91 103 0 91 32 56 86 8 0 152 0 26 0 73 0 111 67 18 108 208 111 58 77 14 116 60 0 72 17 100 0 134 24 54 0 88 0 61 42 15 94 152 123 108 97 6 99 30 90 71 48 123 111 49 20 82 154 55 9 159 33 0 57 55 39 24 122 84 54 65 54 174 32 81 30 51 67 0 8 16 123 36 37 8 154 144 15 187 58 0 86 7 72 42 8 83 118 8 170 36 96 22 4 0
0 9 28 14 52 126 6 162 92 63 12 99 0 48 41 56 173 44 70 84 32 79 16 123 88 56 32 72 100 32 76 30 18 147 1 26 62 0 72 76 48 27 10 0 0 161 110 8 64 74 0 82 83 23 134 42 4 12 15 50 60 88 35 52 61 47 70 0 93 109 0 27 32 158 96 0 40 64 2 11 43 6 17 26 24 108 64 20 68 0 47 203 0 0 89 67 52 0 54 16 7 88 35 32 36 103 36 81 0 56 0 34 60 126 4 0 12 50 0 3 86 50 15 36 56 56 20 98 81 0 21 67 9 64 132 87 42 21 39 72 186 67 48 26 40 2 70 32 24 73 8 0 31 31 72 55 1 92 61 17 33 108 113 16 69 48 58 51 5 104 185 65 14 58 72 49 69 20 24 42 0 0 99 8 55 74 20 16 0 52 48 38 90 0 141 80 22 0 68 31 0 41 0 35 68 22 0 58 12 85 81 18 72 27 158 4 26 85 156 89 52 48 0 77 45 97 20 33 16 30 129 95 16 40 14 82 82 49 97 0 17 134 54 74 36 16 76 83 78 23 79 43 16 32 64 104
0 0 84 0 0 135 108 78 35 6 0 7 0 35 0 40 59 0 39 0 59 78 2 79 49 8 4 24 68 32 47 23 47 62 60 51 0 15 8 69 1 63 0 16 36 30 12 7 23 20 51 111 4 0 28 114 84 86 5 2 54 0 81 0 24 5 113 65 9 0 53 0 41 56 3 20 8 122 0 61 0 102 0 69 106 21 63 21 16 48 69 95 4 0 81 119 57 36 59 28 8 54 0 28 84 28 39 0 80 56 20 56 45 36 63 0 81 60 128 24 81 80 41 8 35 1 9 0 42 76 21 83 76 8 93 86 67 0 38 45 129 12 120 66 0 105 70 0 141 44 54 42 106 26 28 41 0 25 81 34 9 35 3 13 48 14 0 14 40 103 103 0 33 39 95 5 113 5 30 60 30 39 22 32 133 54 25 0 38 47 76 0 9 90 79 93 135 20 0 12 93 51 8 0 26 55 40 38 56 40 15 96 53 12 70 74 81 163 101 27 43 46 99 18 25 8 15 83 88 0 148 99 116 50 111 29 157 70 0 73 105 42 18 42 33 12 106 49 107 0 0 68 0 64 34 0
142 43 132 116 32 65 14 135 162 106 64 96 37 68 27 50 0 54 72 112 97 44 84 147 83 185 56 169 14 72 22 89 9 69 49 45 77 28 58 93 0 72 64 98 124 44 62 40 0 84 10 100 98 48 72 164 0 48 18 93 59 56 16 123 21 9 89 157 63 4 102 56 42 137 103 132 105 17 139 25 0 51 204 3 54 15 90 115 145 40 4 74 168 80 116 86 54 135 42 49 69 24 28 77 140 19 12 27 82 88 52 83 30 0 89 93 79 91 74 45 40 64 53 48 3 39 12 95 69 60 19 56 15 69 130 185 75 8 36 45 49 46 49 15 101 69 120 83 91 71 31 20 101 105 108 190 20 24 30 15 0 36 30 37 115 102 106 17 135 86 159 0 72 23 20 76 0 66 46 82 43 28 89 0 201 96 66 82 68 51 60 66 44 37 36 91 53 8 0 68 12 33 29 71 40 28 72 10 10 59 16 86 5 19 36 39 65 70 48 63 11 5 85 7 91 92 104 20 34 75 35 204 54 140 134 62 25 26 69 101 14 88 85 47 24 119 0 70 56 12 101 69 119 108 20 134
36 16 77 12 100 0 156 68 42 31 8 61 42 49 15 1 64 32 12 99 33 0 21 44 6 114 27 63 24 216 48 8 51 14 19 61 72 66 30 37 171 61 61 46 42 22 90 65 59 0 75 70 0 21 36 0 10 85 75 62 65 20 73 36 80 69 61 35 64 56 24 18 6 101 101 42 153 57 2 133 0 116 112 36 21 149 82 74 56 8 0 222 14 50 45 18 88 0 70 99 12 62 28 33 75 0 63 16 24 54 108 24 63 50 50 34 7 25 0 51 5 82 55 59 0 0 30 19 7 120 27 27 26 80 49 35 13 20 2 24 72 98 15 56 63 24 12 41 30 58 18 69 17 93 3 20 57 0 47 0 36 43 17 80 0 182 3 36 43 0 91 158 127 30 14 30 138 115 9 94 6 128 9 84 77 12 10 127 15 52 50 43 32 10 104 42 0 18 70 77 28 68 108 10 29 60 80 66 60 55 16 3 186 97 0 15 73 23 44 0 35 52 118 89 7 63 93 99 104 35 4 27 20 89 9 78 39 139 39 18 50 2 114 89 128 63 64 100 14 69 49 28 48 21 33 90
56 18 3 34 44 45 0 9 17 96 34 61 3 8 30 95 118 18 44 67 12 3 1 0 56 74 78 95 18 16 0 118 0 21 29 6 14 12 14 20 69 37 2 34 18 1 37 50 0 30 106 45 61 6 56 113 38 26 29 2 32 59 105 0 83 48 55 0 9 66 6 0 8 228 13 42 18 86 4 24 32 6 71 22 0 45 56 60 23 24 5 135 30 14 44 7 36 30 81 126 72 103 0 50 0 3 38 12 103 13 16 47 10 10 38 16 18 5 69 85 10 54 5 0 78 91 33 36 12 3 69 8 8 18 91 26 16 54 0 18 0 27 69 55 24 12 0 29 25 16 0 6 21 103 40 72 0 16 3 38 35 82 66 0 79 110 41 12 7 33 42 73 15 37 0 3 30 2 40 78 16 32 11 36 42 72 36 8 61 0 117 0 20 78 70 96 58 42 58 56 21 0 2 35 8 0 35 83 31 21 39 6 78 139 6 4 49 73 73 54 65 98 17 1 52 82 127 9 69 18 88 8 33 43 117 24 7 40 75 154 19 3 33 25 69 18 0 18 8 8 27 0 42 24 0 21
51 79 36 169 42 35 77 14 126 145 31 62 15 71 42 155 98 12 72 74 131 3 99 198 28 3 0 50 35 135 48 103 45 86 71 89 68 47 76 64 54 0 65 108 141 0 84 48 45 27 99 65 129 54 81 105 43 40 135 92 29 154 121 0 140 21 190 99 43 121 0 12 98 92 28 0 95 16 45 83 108 56 48 87 82 42 42 36 173 0 36 21 56 55 48 83 48 30 120 83 54 8 48 50 62 0 139 0 61 84 0 73 81 84 16 72 0 3 49 10 89 36 51 83 112 72 0 101 0 0 0 0 54 47 56 43 121 49 210 31 0 56 52 40 0 74 15 119 0 36 84 21 95 157 40 161 0 75 50 42 52 72 78 51 54 167 96 23 6 77 68 65 35 35 78 135 81 76 0 43 0 71 32 26 18 18 75 227 54 27 15 112 40 48 61 32 85 48 24 8 153 69 32 91 154 27 29 238 56 79 70 0 31 118 92 78 103 34 87 89 24 57 44 0 0 148 163 110 81 27 86 16 94 92 91 0 15 62 34 237 24 14 98 24 45 55 7 73 39 93 45 103 141 104 99 116
77 79 119 133 15 124 59 54 23 86 64 74 69 90 97 121 83 51 9 4 86 55 120 104 45 28 57 0 110 305 62 70 50 140 171 178 28 13 138 57 80 0 49 0 42 92 46 56 51 57 61 0 68 36 138 109 68 131 62 48 93 59 45 0 7 140 86 84 35 93 139 6 100 79 49 54 218 39 19 123 191 112 105 85 139 151 158 78 82 59 36 26 128 88 81 100 161 155 124 199 126 34 24 48 102 111 254 25 128 112 107 225 0 172 48 57 100 41 8 89 184 5 48 35 129 101 72 52 152 74 0 91 130 0 177 88 0 93 132 18 174 67 133 41 136 161 253 49 0 63 104 24 90 37 0 102 67 111 77 103 73 202 77 85 45 18 63 135 154 124 54 50 120 65 120 195 45 104 106 0 60 179 3 0 67 14 131 69 163 16 59 162 49 105 78 72 49 90 30 82 32 310 80 95 57 23 31 32 161 150 113 36 68 18 112 52 43 63 45 132 61 32 56 0 91 71 78 207 179 118 141 82 23 56 221 66 82 111 48 29 104 88 141 193 119 63 129 21 119 66 182 82 125 231 25 16
61 5 5 36 72 45 27 139 119 21 57 76 144 5 52 33 51 31 91 39 58 20 49 9 4 92 102 12 41 0 59 63 64 7 102 56 111 12 0 71 25 24 48 95 71 0 52 38 45 84 24 314 21 49 110 103 23 3 69 0 111 46 108 23 196 55 8 88 18 9 0 16 15 0 45 24 31 118 85 39 35 96 42 67 102 81 72 44 66 75 66 61 67 0 4 68 108 79 146 143 13 0 63 93 84 64 62 18 0 15 8 30 125 7 48 8 4 18 103 3 54 124 167 66 40 44 57 60 33 72 10 24 189 16 54 20 24 5 19 0 26 60 168 98 18 161 0 94 27 47 88 27 80 189 7 38 0 3 101 4 127 61 68 80 140 85 138 102 0 46 125 11 44 27 45 30 63 84 57 34 0 3 68 88 178 24 77 49 87 110 11 0 93 28 9 157 1 12 31 109 63 48 13 31 58 0 59 51 126 74 38 73 59 28 52 8 0 94 170 29 49 48 197 53 16 84 0 59 42 6 120 8 117 8 35 6 69 200 134 57 43 20 76 9 27 78 0 102 45 54 72 58 0 85 115 72
60 0 4 72 121 50 89 0 8 35 7 56 5 6 18 187 75 53 0 111 104 76 163 78 0 92 16 70 30 163 148 131 56 28 23 50 0 46 16 27 66 9 50 145 22 75 0 69 99 63 60 118 84 63 66 40 47 70 107 54 72 79 43 101 36 93 121 46 54 257 72 39 0 78 0 25 105 63 66 182 74 119 60 85 86 168 24 7 144 51 32 160 60 24 108 36 140 0 22 192 27 24 0 36 76 54 99 54 52 30 36 45 21 68 0 62 0 28 53 0 107 29 35 113 155 125 39 0 35 48 0 4 10 127 193 94 51 0 62 81 56 63 130 0 0 0 56 39 12 42 90 30 41 104 64 40 8 0 84 55 84 30 105 9 42 105 60 2 18 126 87 125 8 39 59 96 20 79 0 104 6 151 108 102 54 6 0 135 1 98 121 15 101 34 54 66 0 36 7 77 14 0 117 127 94 98 81 161 5 26 68 68 91 123 37 0 21 0 104 150 216 89 59 21 113 78 67 152 99 0 83 66 6 53 54 99 115 0 123 15 43 128 49 76 12 82 0 24 7 57 32 8 96 132 100 143
155 24 64 45 71 107 24 61 120 101 0 0 14 0 64 68 18 12 87 61 115 70 62 96 44 15 34 4 0 72 48 76 65 94 72 49 0 98 96 43 82 83 16 116 92 87 63 30 60 38 0 0 44 86 83 11 75 57 16 25 6 31 90 64 0 41 84 0 37 60 60 12 70 4 0 42 75 9 6 48 42 28 39 63 134 68 20 45 140 16 81 69 56 7 152 114 25 135 43 68 102 72 22 43 64 48 37 27 67 3 66 48 30 20 21 50 83 64 32 23 96 45 60 90 46 84 24 39 141 72 0 26 68 59 66 64 45 71 137 45 74 53 68 32 70 4 65 54 8 9 83 93 107 33 16 53 74 42 204 41 8 135 91 11 0 149 78 0 42 88 97 116 23 110 162 30 27 108 63 181 0 60 0 84 87 6 18 226 28 24 6 75 0 45 33 63 35 24 0 42 227 25 61 126 42 26 50 82 217 92 36 35 127 26 20 73 114 144 25 143 43 5 62 0 0 43 174 0 141 89 28 30 63 6 0 30 90 78 74 214 54 56 60 3 54 24 32 1 75 102 45 24 84 24 19 112
45 9 0 81 14 118 62 39 38 4 46 81 43 91 80 94 86 10 73 42 21 32 20 54 46 11 76 61 18 64 16 27 27 56 107 6 0 33 0 181 2 6 40 2 0 113 0 20 40 14 26 16 18 0 0 32 41 33 9 24 37 15 12 0 48 134 90 0 0 24 120 0 10 175 20 0 12 27 38 44 26 18 17 0 10 14 73 18 27 23 17 247 0 30 16 120 38 28 77 106 33 76 16 79 74 11 0 15 99 0 73 10 79 56 37 65 14 109 4 0 81 12 0 30 36 68 62 69 41 85 20 2 16 0 68 6 85 40 37 7 119 18 112 8 17 32 0 21 94 42 38 37 24 75 12 138 65 70 52 5 6 64 0 58 0 24 42 40 98 18 47 137 89 7 47 126 67 9 69 0 50 107 2 6 86 36 0 9 75 44 48 72 85 42 22 109 0 52 12 46 0 51 14 56 0 9 8 11 97 0 17 0 58 47 0 0 34 29 183 0 50 19 52 20 48 88 89 26 62 0 24 38 0 5 80 62 91 29 30 57 80 0 63 61 21 19 76 66 41 15 81 24 15 68 26 6
65 0 66 56 166 8 86 82 87 133 36 44 35 53 72 120 9 42 62 188 57 26 171 96 162 37 15 202 75 112 14 167 281 93 12 49 24 33 17 201 134 156 38 116 174 68 107 103 157 31 77 110 13 36 143 110 150 122 122 72 80 169 50 85 115 35 49 157 25 142 91 53 58 271 116 4 70 143 87 96 62 149 47 28 75 140 82 99 140 40 115 174 48 69 147 47 169 36 119 42 71 8 0 44 299 63 82 28 111 133 43 125 109 39 36 136 85 64 54 32 41 84 65 131 73 54 18 109 86 80 122 31 62 174 87 86 159 45 53 90 155 90 93 85 57 0 129 67 93 84 49 50 68 182 52 145 60 93 24 38 125 160 129 58 17 227 151 104 135 42 130 105 122 68 50 27 43 183 0 49 40 163 28 39 142 150 34 50 59 172 48 77 200 48 76 76 15 22 138 139 113 49 121 85 110 19 21 110 69 145 67 70 137 158 0 175 96 154 84 54 96 44 36 39 143 165 147 125 40 18 124 92 107 128 79 102 57 21 73 162 129 46 38 57 121 124 88 95 0 36 209 72 120 141 34 101
45 90 42 118 94 49 70 58 95 56 6 128 55 153 78 32 42 86 6 33 93 71 40 137 38 72 15 18 79 0 91 67 14 173 47 95 0 42 42 0 64 9 9 20 54 39 72 27 7 29 36 45 136 65 18 28 0 0 101 42 20 204 97 46 165 26 25 16 93 36 25 35 70 28 60 6 32 131 120 26 52 10 60 113 11 18 15 9 115 6 45 9 60 6 75 15 14 124 81 84 59 6 84 66 41 106 113 38 0 144 66 95 202 66 9 82 24 9 21 39 115 29 44 48 12 40 13 74 4 14 47 32 91 0 14 12 75 0 134 0 62 10 170 40 72 160 15 157 0 76 72 0 83 72 98 49 0 42 121 66 72 2 118 80 12 101 73 6 10 134 54 18 74 56 30 77 0 57 17 25 24 32 21 18 99 107 44 41 68 52 50 41 64 20 119 44 46 25 72 0 27 45 45 33 161 21 40 58 45 146 60 64 69 62 41 23 27 79 30 100 4 101 59 76 26 80 69 117 24 48 20 44 93 64 0 8 36 78 30 93 10 133 35 33 54 24 50 135 8 110 73 59 24 36 41 239
38 22 60 9 65 135 73 147 160 16 10 52 2 36 37 102 42 11 36 173 7 5 9 63 73 73 28 147 103 90 92 154 41 9 97 72 18 0 11 43 37 59 61 59 210 121 22 0 93 14 60 18 39 120 78 97 129 60 14 15 56 32 86 64 61 29 117 0 38 0 14 0 25 20 76 68 52 106 140 26 8 228 106 76 4 55 173 52 0 88 23 84 16 60 67 103 15 53 78 81 28 67 56 81 60 158 17 65 48 46 51 57 56 32 159 109 10 31 27 0 72 54 87 24 18 177 72 33 11 69 40 51 116 59 44 13 15 93 72 45 98 93 147 66 20 158 24 64 66 5 176 117 131 46 9 37 22 21 107 10 39 128 94 56 49 16 27 59 121 211 96 13 89 152 30 200 62 128 102 109 111 56 84 12 52 0 29 26 90 0 18 8 21 0 114 81 34 79 0 0 104 101 20 47 31 13 49 65 8 56 74 97 220 75 66 44 83 95 70 18 123 32 44 14 129 18 17 104 120 111 48 214 0 25 101 25 133 63 62 44 4 0 2 0 0 81 136 32 95 26 36 84 13 86 108 45
140 54 16 18 56 22 18 14 124 30 50 141 0 118 75 30 114 30 162 175 12 36 119 128 84 45 0 54 138 85 7 65 127 72 81 63 8 46 19 65 56 103 16 72 160 67 97 114 126 26 20 183 31 38 94 4 57 146 49 122 30 78 48 49 20 20 6 146 84 148 54 27 7 76 102 4 7 98 36 58 0 310 6 2 126 81 14 156 86 0 36 56 82 108 78 32 167 24 21 78 27 16 30 25 0 75 73 61 112 94 33 44 0 22 35 59 0 82 60 0 145 68 107 45 128 156 64 8 37 83 72 18 16 87 22 97 56 30 125 14 72 12 12 48 0 64 76 24 45 18 5 76 94 60 26 108 62 64 43 8 42 115 129 89 36 66 6 211 189 57 16 26 8 150 53 139 56 95 18 35 54 17 93 18 48 62 20 91 62 72 70 32 54 143 75 21 97 63 54 30 78 6 25 69 55 0 36 46 92 85 24 56 67 10 0 47 57 112 157 9 89 42 134 19 34 101 69 185 144 45 72 175 54 102 8 32 107 108 117 192 75 69 150 124 42 40 44 102 57 51 63 151 134 108 124 150
18 75 0 98 24 81 42 28 66 77 72 48 51 52 89 88 50 153 84 236 37 66 100 87 43 78 27 70 0 0 67 99 49 121 33 72 0 18 4 39 61 191 0 15 20 28 48 78 73 64 0 15 129 63 48 6 0 64 45 39 33 63 18 10 96 65 34 56 144 0 45 33 72 7 32 47 227 119 10 32 54 147 6 97 33 42 105 24 108 0 16 78 146 36 63 24 35 199 24 76 138 59 54 149 0 92 12 63 24 11 58 14 36 98 80 16 57 36 70 0 18 40 46 49 25 84 63 68 72 19 56 30 110 59 28 47 56 109 117 0 23 6 42 24 165 50 180 46 7 24 81 24 56 152 14 41 92 22 63 20 20 69 164 105 7 24 60 63 33 127 0 62 12 87 26 48 51 20 60 0 28 57 134 0 60 30 33 28 73 23 37 54 4 0 36 86 84 20 42 17 49 123 10 38 76 0 30 25 90 95 66 58 48 8 26 5 34 26 141 16 70 37 66 0 23 71 13 0 0 85 48 142 55 56 51 74 92 59 45 0 31 0 36 0 42 28 61 24 24 37 104 190 18 73 12 94
0 2 51 0 0 172 0 58 50 61 8 16 81 95 4 80 150 106 81 90 24 62 79 80 68 60 60 140 144 0 68 40 54 174 8 38 72 9 12 145 60 69 16 69 12 62 56 37 126 70 0 56 59 42 84 68 0 26 15 28 209 109 18 48 0 36 48 39 0 80 93 32 40 0 27 0 121 24 15 4 0 18 7 74 97 117 32 0 7 80 96 128 36 24 64 56 36 126 51 173 88 64 0 228 48 49 0 2 81 104 80 45 28 83 72 60 40 37 37 28 63 101 96 0 91 66 81 80 80 96 135 56 102 58 42 96 79 86 71 73 24 136 0 10 94 131 144 55 68 27 56 27 15 103 28 39 58 4 12 21 65 45 56 79 0 0 106 79 59 35 57 54 38 0 102 0 21 83 0 74 0 57 73 78 9 171 4 14 32 48 57 24 22 117 40 93 6 80 47 8 0 78 4 36 30 15 8 30 51 8 40 4 12 134 131 9 17 53 90 86 49 24 2 5 88 108 16 64 90 18 71 110 40 6 136 49 60 48 16 33 30 28 0 48 78 90 142 26 172 48 133 14 0 55 0 167
22 30 9 32 32 36 80 42 36 0 0 14 43 35 93 9 34 125 27 45 69 0 55 133 10 0 42 0 81 190 103 79 71 30 112 7 36 12 68 0 135 63 0 0 4 79 68 45 0 37 121 0 0 85 0 61 25 36 181 9 0 45 0 71 28 56 0 0 76 96 46 60 63 32 78 28 56 102 48 74 0 91 91 62 62 134 0 0 85 14 62 0 161 24 0 63 56 0 66 29 8 10 0 0 42 15 25 35 99 144 171 55 69 0 23 53 0 13 18 25 99 53 114 41 6 20 16 0 9 53 4 24 63 0 55 49 0 36 113 36 42 62 107 80 0 48 51 50 18 40 0 52 116 0 4 48 4 73 36 51 102 119 42 98 56 73 147 144 86 50 57 109 34 0 25 52 117 75 0 0 0 68 39 10 104 72 18 146 7 43 0 0 28 126 85 68 15 18 63 72 81 84 87 21 66 0 23 21 16 92 24 4 180 45 9 0 68 2 45 68 0 0 64 40 12 65 0 220 110 27 23 26 47 62 81 62 21 63 68 32 86 110 97 79 57 45 62 21 50 96 15 96 0 84 38 5
22 137 183 2 44 72 4 11 124 9 33 61 45 30 80 19 64 27 1 146 0 12 0 72 36 2 12 59 51 1 12 97 14 8 40 12 24 6 38 46 35 0 0 40 58 84 27 18 0 4 62 25 91 68 60 109 20 92 62 8 125 14 4 8 14 54 72 99 27 14 36 0 39 86 127 8 8 81 5 53 61 44 15 60 50 45 141 54 36 22 0 40 15 6 84 12 24 0 56 5 139 35 43 16 61 56 54 4 2 37 0 28 92 32 121 36 30 6 0 0 92 110 0 15 45 69 16 50 22 62 58 0 0 28 73 25 49 0 42 87 40 29 88 2 62 92 58 93 14 20 0 12 43 60 20 145 10 71 32 25 0 19 1 5 48 34 103 64 24 32 9 19 78 69 87 0 56 36 84 82 45 87 32 39 22 12 17 13 58 24 45 6 30 0 34 82 3 0 41 6 0 142 18 18 74 0 112 3 6 0 14 40 24 31 92 19 46 33 74 48 18 31 17 21 31 0 60 54 67 62 57 79 14 40 0 61 113 28 96 44 49 86 9 12 30 45 54 30 12 9 27 81 18 50 0 9
14 107 0 52 15 25 42 15 103 96 0 24 0 63 49 25 134 114 87 11 30 9 142 261 75 0 3 48 55 9 32 105 79 58 0 60 87 106 10 130 6 155 7 69 24 49 13 56 14 54 6 0 48 18 102 178 0 81 62 59 25 64 24 14 0 81 133 61 0 31 47 36 2 49 95 69 94 124 21 105 50 125 66 0 31 156 55 42 38 86 24 63 88 97 107 112 42 176 8 30 48 98 73 92 31 136 96 0 61 73 81 30 36 40 164 64 37 0 63 0 154 192 25 0 0 75 55 26 99 101 100 48 165 139 48 155 56 18 114 24 18 20 122 28 96 79 95 71 116 0 32 116 89 82 22 104 37 3 112 14 0 34 119 61 84 33 45 0 75 4 42 68 17 0 51 0 251 45 0 38 0 70 153 94 28 54 31 80 92 134 117 6 48 20 90 0 35 130 47 0 30 76 128 0 0 0 162 43 50 2 30 56 23 57 81 0 51 12 97 53 36 60 61 62 131 148 37 75 15 23 0 85 37 0 63 3 93 132 88 112 132 46 123 0 115 30 64 70 59 85 56 78 41 89 55 8
25 90 8 58 62 131 32 51 0 14 85 34 0 84 51 4 52 6 12 57 16 28 21 21 39 68 111 64 179 46 42 0 28 0 45 43 52 93 72 78 44 63 72 87 54 73 57 34 129 0 13 20 12 30 10 48 75 80 4 25 66 80 16 121 30 72 40 72 20 66 25 27 135 31 33 5 27 76 0 102 45 148 15 0 192 18 19 87 0 144 82 103 0 20 81 0 190 0 54 67 45 0 12 80 101 197 40 27 112 99 36 101 81 35 52 18 56 122 0 0 78 80 4 49 96 105 0 34 45 93 0 104 32 0 0 29 27 11 10 30 0 207 23 91 0 131 49 0 0 7 55 85 31 97 5 21 21 0 0 16 18 90 93 6 54 15 45 45 30 16 14 93 50 83 198 39 25 0 0 64 78 82 42 72 9 32 103 64 102 67 69 0 15 20 127 48 46 161 12 69 10 72 18 9 8 88 34 115 20 70 0 90 27 87 15 0 50 81 34 0 40 26 75 30 0 24 135 88 16 16 34 74 125 0 9 173 90 14 48 36 84 95 16 105 59 30 0 113 123 93 40 40 102 34 93 47
149 61 40 9 105 51 141 170 91 101 8 178 70 99 81 104 147 54 10 40 40 20 27 87 48 0 95 195 157 34 140 35 1 81 3 158 62 27 36 142 89 0 76 117 24 105 0 36 87 79 32 32 19 66 70 73 42 24 134 131 130 90 69 120 194 40 28 162 137 145 27 85 78 221 162 130 100 11 20 57 95 136 138 56 58 70 174 156 86 55 63 204 46 96 110 6 0 105 167 81 16 119 57 58 40 107 69 24 30 88 24 66 13 88 122 99 117 0 30 15 71 52 80 4 72 6 96 11 46 56 28 3 106 105 217 85 198 135 79 0 49 62 50 103 21 28 50 139 75 57 109 75 160 58 94 113 9 81 95 0 2 59 165 114 81 28 8 71 0 49 134 137 36 139 64 169 42 46 160 76 0 11 111 4 72 0 0 35 28 73 98 92 140 6 31 277 0 92 35 12 144 219 114 87 101 8 49 21 65 105 21 60 67 149 66 62 84 76 80 133 50 27 101 55 75 82 79 79 15 0 43 122 30 186 79 121 72 73 42 145 78 82 143 55 41 69 57 13 21 114 36 237 8 169 85 152
26 94 25 68 36 92 38 110 85 4 56 45 126 46 126 20 27 72 20 8 6 6 82 56 57 53 14 12 60 95 52 20 68 42 154 0 91 42 60 1 45 3 7 120 65 72 43 0 0 103 47 49 27 100 25 39 59 59 87 9 7 18 0 81 143 29 81 4 0 60 30 109 83 57 50 7 0 68 5 7 27 9 58 15 47 78 39 9 56 51 42 81 162 34 54 64 15 0 72 156 89 109 20 0 46 174 50 45 100 105 120 102 20 32 60 32 0 86 40 36 170 90 44 82 17 65 61 42 123 42 2 12 82 18 10 35 65 15 106 24 40 54 127 69 0 49 9 82 123 101 75 0 45 168 49 57 18 43 29 21 12 139 20 34 0 40 77 117 103 107 104 117 24 30 24 127 0 105 22 0 0 45 0 0 36 63 30 150 85 21 52 56 56 4 88 69 9 48 24 12 138 0 0 23 24 40 83 145 19 0 35 32 112 114 73 64 54 101 15 4 0 0 45 33 0 73 38 0 36 55 8 0 93 49 38 40 63 20 72 91 14 145 18 5 15 65 7 28 45 64 51 0 75 42 5 131
45 70 164 91 91 76 69 28 52 18 70 75 76 99 84 120 36 48 34 90 27 74 72 95 76 44 40 40 50 66 63 40 110 24 61 36 30 53 103 18 87 44 76 100 0 62 20 0 113 35 24 0 98 6 94 10 96 107 56 113 14 124 51 90 87 35 77 90 42 14 103 0 27 63 53 95 96 9 92 56 123 117 90 21 60 80 35 18 135 0 100 104 120 133 129 46 111 0 117 42 36 104 57 5 14 109 175 18 45 27 105 36 85 155 66 32 141 20 5 24 150 172 95 53 28 59 45 59 83 0 0 38 85 130 75 21 0 60 134 50 24 0 0 9 4 80 84 34 49 89 64 54 120 156 30 51 24 10 20 23 31 117 0 33 21 95 72 10 6 16 113 75 63 0 42 138 80 39 108 45 137 29 43 36 86 72 81 135 109 78 83 62 0 37 69 52 0 68 89 83 48 60 0 38 162 43 5 56 41 0 96 58 172 40 80 0 3 71 23 41 0 36 78 20 105 56 136 126 151 28 52 64 94 40 48 93 28 101 45 116 116 12 0 100 100 42 45 12 11 149 75 26 69 88 63 107
41 0 145 50 79 63 47 132 76 87 0 25 37 103 4 242 154 56 15 90 52 48 150 108 169 0 0 63 147 40 3 172 113 24 50 99 111 58 42 15 76 98 6 30 97 7 51 129 6 6 90 104 126 52 35 144 86 25 161 75 3 6 123 115 105 135 267 171 124 99 12 50 103 37 60 16 12 58 27 145 14 285 82 37 95 75 88 0 105 55 101 33 107 90 93 41 140 0 85 63 66 9 27 141 176 45 55 51 108 75 36 81 16 64 38 54 0 81 12 75 201 105 74 40 101 12 81 60 63 18 18 95 156 26 120 49 21 72 60 77 75 81 36 45 23 161 53 118 0 98 102 87 92 72 18 161 6 35 126 74 43 183 73 102 56 9 176 117 107 94 205 18 146 88 36 69 63 130 24 0 24 51 48 64 75 98 68 103 92 77 10 12 84 40 53 92 30 89 112 106 201 72 30 35 79 92 35 82 48 101 88 159 115 115 63 0 25 71 22 0 55 105 115 8 90 42 0 89 122 172 0 133 0 64 195 117 33 87 32 106 92 98 160 137 69 22 72 15 122 102 48 147 69 198 170 147
79 81 46 42 70 77 66 12 32 28 78 114 24 7 22 65 165 214 36 53 0 97 24 68 46 21 139 51 15 156 66 63 58 27 195 6 0 28 42 0 45 0 52 70 54 8 61 9 3 28 21 21 60 38 36 8 13 5 107 6 31 43 0 35 111 82 34 72 135 40 40 0 0 129 8 106 0 49 63 69 35 109 61 42 33 70 88 44 30 15 111 73 113 0 114 22 55 0 166 21 33 0 119 60 12 59 60 12 0 20 89 55 39 0 13 28 91 20 59 0 78 122 30 102 63 72 79 69 39 0 29 102 101 54 46 20 63 0 159 0 86 42 66 158 35 62 0 38 0 27 0 63 16 144 0 88 12 0 123 9 138 23 20 104 6 52 150 6 78 16 132 21 16 12 81 36 124 78 178 0 100 72 21 70 60 57 91 192 29 100 65 6 51 0 27 131 9 22 33 114 93 2 9 23 0 40 18 9 81 67 26 18 253 49 0 0 0 39 88 48 0 116 37 57 94 60 27 54 145 30 53 14 27 68 0 0 81 105 100 116 73 30 62 13 81 57 70 15 27 85 56 152 55 111 40 0
67 8 54 51 113 45 90 0 28 96 51 15 100 49 29 75 64 38 82 86 31 0 111 43 52 33 100 7 27 56 68 171 12 17 14 11 156 42 0 58 59 25 28 81 194 71 80 9 62 4 0 107 20 130 121 76 3 21 100 33 33 30 95 19 94 42 135 122 0 95 95 28 69 120 20 65 40 42 36 98 39 50 65 88 24 113 44 39 36 21 82 135 42 18 9 81 26 8 119 46 0 151 93 27 89 72 25 3 12 4 18 32 54 56 42 25 0 108 41 50 82 24 44 41 81 12 20 59 77 24 0 109 92 109 62 68 17 18 77 0 63 115 51 6 23 170 19 66 78 88 73 11 122 149 30 70 34 125 83 54 90 107 50 19 50 90 69 15 18 32 221 9 0 15 35 4 93 91 30 48 36 116 3 97 66 0 0 155 20 154 62 3 139 67 35 2 37 46 54 49 35 103 72 84 12 44 232 67 59 0 36 32 69 98 64 46 2 39 156 88 21 56 102 26 84 45 54 57 40 64 15 33 57 0 65 0 63 66 83 58 145 12 49 5 63 48 0 94 138 15 40 35 0 51 106 141
64 9 15 0 97 68 28 55 43 31 4 20 0 12 0 49 66 48 0 14 40 87 3 52 40 70 39 96 87 33 12 114 88 40 27 93 31 0 42 86 115 63 0 33 18 103 36 42 65 0 21 164 147 81 10 71 135 103 0 8 75 88 58 82 12 67 86 26 45 39 68 45 0 80 66 21 12 48 41 50 9 137 135 1 106 0 31 99 18 42 8 72 31 34 103 98 91 42 127 66 54 78 0 16 91 96 9 54 135 94 14 8 72 32 30 13 94 72 63 1 107 136 38 25 68 143 17 14 62 150 91 12 57 128 29 5 8 27 35 111 48 60 0 124 93 78 149 27 57 0 24 0 32 75 15 56 0 31 15 8 163 75 80 14 30 72 102 34 32 46 86 0 131 12 0 27 9 18 16 136 10 129 162 18 128 0 23 115 76 82 110 61 86 0 78 79 0 24 9 30 36 155 71 34 88 111 176 3 0 89 40 157 13 100 131 3 6 35 69 41 54 36 32 0 62 49 56 144 138 86 81 36 0 34 97 190 24 29 48 16 81 116 71 78 0 42 37 44 72 90 71 0 35 30 52 95
80 69 76 73 8 134 37 95 0 110 0 181 62 59 114 85 61 72 8 21 8 48 36 33 73 73 117 123 61 28 98 58 35 110 95 103 45 40 0 86 106 61 64 99 144 20 88 30 6 78 107 32 104 24 109 144 32 146 0 114 75 178 12 96 154 126 170 0 0 0 64 0 42 28 0 31 98 84 36 16 143 63 74 72 100 70 142 12 24 47 88 25 40 29 103 32 69 69 96 50 44 56 12 116 52 77 10 33 72 96 75 51 204 25 66 34 30 9 16 27 114 21 3 72 93 120 0 14 126 72 81 132 84 54 0 72 158 136 73 8 81 99 88 15 32 272 22 0 48 4 118 75 104 49 19 143 66 20 50 52 66 10 40 106 0 82 143 64 5 43 108 21 0 46 40 99 103 80 48 196 56 62 14 0 102 72 0 84 93 27 76 85 40 0 77 15 119 74 226 140 0 128 59 0 89 0 48 123 163 55 0 123 115 109 80 5 42 1 169 0 95 65 69 0 44 84 49 0 54 0 40 45 97 0 66 60 139 152 67 96 28 8 93 121 3 90 37 114 24 79 56 0 0 51 177 28
188 32 63 27 9 99 4 143 45 126 0 20 93 51 22 14 94 0 0 75 58 0 122 95 98 6 37 12 36 19 64 84 20 52 0 46 144 7 18 48 0 83 78 115 70 17 59 131 78 72 0 187 163 53 114 58 87 43 38 35 129 15 12 30 173 12 91 16 72 0 32 22 21 18 223 72 142 40 78 39 12 116 36 1 157 85 76 90 24 102 63 0 8 34 92 34 54 0 172 63 0 79 84 44 74 36 109 3 8 24 84 67 110 38 24 90 56 2 97 35 68 120 64 0 25 0 79 12 8 38 72 6 110 90 40 72 48 199 20 0 82 48 53 29 18 0 32 0 42 27 44 77 145 148 43 114 16 90 45 0 55 131 4 46 71 0 81 99 43 89 198 1 59 64 207 82 76 83 98 0 74 98 108 56 75 3 9 58 14 16 37 0 36 49 131 63 0 6 110 70 146 49 12 68 71 58 71 12 173 8 12 157 96 5 93 21 46 68 9 72 20 201 78 44 56 31 26 70 52 120 172 118 18 12 87 93 184 24 32 2 22 24 36 86 118 135 20 9 105 105 157 28 68 27 72 145
64 157 21 0 0 40 6 81 36 57 0 145 45 72 51 18 53 40 78 140 42 61 41 97 25 118 129 92 44 80 11 136 48 39 66 0 56 10 31 38 20 44 3 163 108 48 175 119 8 0 0 8 20 18 76 32 72 0 21 36 75 25 32 39 102 20 62 36 0 128 39 23 36 40 90 4 32 166 10 30 10 155 45 74 53 0 62 50 65 32 89 25 80 174 66 56 18 163 52 94 78 0 59 36 25 36 15 83 103 127 88 105 12 0 21 0 72 52 0 67 160 14 27 56 24 127 27 72 5 12 122 43 52 0 32 116 64 45 85 130 159 0 27 55 71 253 25 36 0 10 94 118 68 61 4 87 0 65 120 14 53 37 63 83 0 42 54 40 48 84 108 32 27 19 87 48 66 12 15 138 39 76 15 79 22 72 20 44 56 33 48 0 108 88 66 27 30 73 108 34 64 135 0 51 156 14 35 25 10 60 30 0 40 81 52 108 20 229 48 55 0 129 96 0 0 81 108 84 32 113 95 83 134 120 59 72 3 44 40 166 28 15 58 117 32 68 92 162 64 21 48 44 30 47 135 63
66 0 3 14 65 32 6 180 60 42 47 79 24 35 97 72 26 18 0 0 54 66 28 56 30 0 98 31 35 38 104 48 49 9 0 21 32 44 95 9 35 6 60 0 3 31 0 27 9 32 10 0 47 0 63 63 0 50 20 39 37 16 18 0 46 90 33 5 55 3 28 0 0 89 6 6 62 4 6 56 21 101 9 103 25 50 45 39 18 98 0 60 36 0 0 18 0 0 66 48 12 22 36 135 114 0 24 15 3 69 22 2 69 20 102 0 21 11 72 0 101 35 72 30 16 36 88 75 38 24 42 12 117 21 93 15 22 48 20 60 0 29 42 48 42 0 71 0 27 0 58 18 81 54 16 35 42 4 132 46 12 29 54 12 103 123 0 0 66 35 91 97 12 33 0 45 58 69 36 0 4 60 3 49 15 1 81 31 8 28 60 14 36 58 14 81 63 0 38 25 0 106 48 18 93 0 27 106 29 0 45 22 42 4 7 5 8 0 40 24 0 6 27 38 48 48 0 0 12 23 12 94 63 69 58 124 101 81 87 30 78 13 46 25 98 75 31 50 42 0 29 7 45 59 89 0
94 104 31 21 36 3 10 4 56 29 43 29 33 108 40 22 117 33 48 83 0 38 90 84 12 51 54 10 8 0 38 26 12 22 8 23 0 0 66 51 0 5 68 13 67 55 85 9 66 40 67 8 34 63 54 25 42 63 0 58 0 32 28 10 69 6 123 43 69 51 25 0 9 118 0 39 54 6 67 2 66 15 54 0 37 35 165 72 88 2 27 76 15 18 59 21 12 0 76 42 0 48 45 5 51 42 110 0 37 12 44 18 44 85 24 24 66 40 0 47 90 56 83 0 24 0 8 78 63 70 32 0 36 104 56 16 4 12 10 63 45 61 35 3 8 95 51 100 18 23 50 0 90 185 31 66 12 52 0 8 36 87 63 5 94 65 95 21 15 26 61 31 18 83 48 108 48 54 56 29 22 3 9 0 90 54 0 63 18 4 122 48 40 27 0 64 6 75 40 44 0 2 6 14 68 0 28 9 0 30 25 70 74 81 0 9 44 60 63 78 14 3 22 0 20 54 194 115 55 0 56 61 48 10 57 12 18 94 112 68 117 83 8 30 12 47 0 10 5 33 36 0 19 19 24 27
31 41 31 0 66 56 89 63 35 63 16 34 136 84 36 36 86 100 146 80 99 0 115 159 66 88 104 127 76 38 102 42 30 3 34 42 193 232 11 64 72 90 56 237 144 49 9 108 144 56 62 145 0 119 75 110 12 152 94 12 37 30 0 162 149 90 74 28 72 56 35 18 63 66 42 18 63 98 9 8 0 37 128 26 55 164 103 146 83 38 63 103 24 30 103 63 27 72 94 272 0 0 36 61 86 84 66 24 54 47 27 8 23 14 30 92 34 64 73 0 90 260 15 48 104 50 119 62 122 67 107 0 78 114 77 36 0 46 164 6 72 73 67 72 124 48 79 30 124 34 12 124 28 229 71 0 64 50 68 72 68 87 135 47 112 163 42 18 75 48 186 38 68 40 158 45 42 160 115 0 15 86 63 92 55 49 6 114 61 60 40 56 9 20 65 26 90 35 54 14 115 114 154 112 15 51 120 82 108 49 100 25 140 0 158 17 11 24 15 45 7 78 120 19 77 208 155 77 52 0 127 137 105 0 32 0 82 8 180 128 49 126 42 15 105 59 20 16 73 35 29 63 75 56 96 113
23 0 105 16 110 24 69 82 19 93 12 2 57 16 63 17 59 0 39 139 57 30 111 3 0 84 6 64 54 139 23 105 36 34 62 39 96 10 91 23 0 5 28 16 39 0 23 3 9 18 5 172 84 10 66 55 44 50 32 5 98 48 15 20 44 64 75 7 86 87 7 20 18 49 74 0 115 105 97 132 0 138 0 32 24 73 65 0 25 22 58 103 36 0 49 4 72 89 9 6 17 7 12 73 78 19 116 49 0 18 142 67 60 1 19 47 23 68 21 48 0 41 45 14 88 38 85 86 0 17 12 25 27 78 4 48 45 15 74 32 0 146 123 26 0 17 12 16 4 57 25 49 28 150 8 44 22 0 102 44 39 59 60 67 21 57 54 53 3 49 99 54 69 32 0 0 39 146 0 32 4 119 29 72 24 18 74 40 14 54 86 50 0 60 54 15 33 6 0 47 0 95 21 22 0 62 94 138 71 35 18 37 83 76 59 36 54 8 8 0 27 47 97 20 0 24 30 16 84 28 15 13 50 0 67 108 82 88 23 33 11 20 136 56 47 63 42 102 34 36 35 80 21 42 50 138
24 21 72 21 25 94 91 0 24 97 40 7 57 48 24 68 99 59 116 42 56 0 14 16 52 70 70 58 74 71 0 197 49 61 0 21 176 80 0 59 6 72 30 25 111 0 98 61 40 0 56 72 82 33 37 71 0 35 30 19 2 48 52 7 38 0 60 65 57 0 14 20 194 41 110 178 240 127 0 36 28 18 74 123 24 104 0 37 42 4 0 234 24 28 0 38 0 6 69 49 16 78 27 71 51 105 9 28 81 56 14 63 12 88 88 28 141 0 0 72 56 12 6 22 24 27 54 14 81 4 42 49 194 60 18 50 49 0 83 0 21 30 0 39 35 0 96 24 2 72 42 9 116 78 31 72 54 117 31 76 0 190 12 23 35 12 30 0 5 64 36 80 73 91 0 42 27 15 29 17 39 54 64 12 66 34 16 85 12 32 62 0 0 85 0 72 83 45 14 3 18 157 58 24 28 0 93 27 96 85 9 37 66 21 0 35 42 7 99 0 49 40 33 12 109 121 75 26 20 51 60 83 8 77 79 106 63 67 0 24 65 21 72 0 65 0 0 121 16 52 64 57 0 29 54 0
97 23 32 84 65 66 76 104 80 104 4 33 36 43 117 1 90 7 17 55 158 56 85 88 84 0 4 45 0 67 69 168 112 8 48 9 22 78 27 16 19 97 82 26 45 34 25 95 24 7 39 121 145 58 68 18 84 73 67 96 25 97 0 64 97 102 16 68 7 40 9 36 60 14 67 81 28 35 82 27 28 68 137 38 83 28 92 38 48 55 60 28 9 8 294 8 72 48 205 93 149 43 49 112 78 38 127 43 72 35 41 0 48 78 32 21 47 57 144 0 111 90 153 77 52 64 2 28 80 143 121 42 187 59 100 69 36 20 70 44 0 44 170 13 34 0 92 101 20 26 83 72 25 153 28 67 0 38 79 50 57 67 35 103 20 28 156 35 18 73 130 98 189 28 77 168 120 81 46 18 23 84 136 7 18 169 49 118 137 23 88 14 0 34 54 175 70 66 0 25 104 68 93 63 120 24 130 67 175 15 9 65 8 56 148 60 125 18 103 97 29 10 62 77 170 112 41 66 6 144 64 0 101 9 56 75 127 151 8 96 20 33 24 80 100 85 74 76 36 150 112 121 45 39 10 168
119 0 0 0 30 24 26 12 16 60 47 78 67 0 15 0 42 29 42 42 0 3 16 72 55 95 118 76 20 22 12 20 8 22 0 0 8 35 9 133 7 18 48 32 136 22 59 15 42 22 4 20 96 62 14 60 54 24 6 8 7 30 48 24 74 0 28 25 45 0 9 20 15 66 6 114 18 44 41 24 16 70 66 14 12 3 6 94 118 16 83 99 42 18 10 47 0 51 117 36 44 39 51 28 56 61 43 62 27 12 10 8 88 14 53 5 54 8 35 54 58 29 18 41 24 28 70 4 22 40 18 30 45 40 0 24 41 2 28 63 4 126 20 101 16 16 68 16 53 50 91 84 163 77 23 23 0 0 34 23 44 93 3 64 10 64 38 48 0 40 8 43 86 12 74 0 0 77 56 22 36 13 98 35 39 15 14 20 30 28 30 54 53 45 2 57 18 15 40 33 0 15 8 2 10 9 104 52 0 20 51 25 100 26 60 11 31 0 137 16 0 30 62 18 81 84 107 18 32 40 6 141 12 45 93 59 143 26 12 14 0 12 0 0 92 40 14 45 27 16 28 0 0 107 0 39
46 18 68 18 78 84 28 141 82 89 0 105 12 199 83 83 232 68 0 78 88 24 3 73 126 95 18 98 0 48 62 41 57 0 121 15 36 106 37 91 44 156 75 9 69 151 87 100 63 30 62 78 40 28 22 118 100 63 25 73 0 42 32 0 196 92 51 103 182 72 42 54 31 36 112 88 141 128 16 32 0 48 90 120 61 73 132 10 132 45 20 109 72 142 79 69 160 52 51 66 34 105 60 105 104 18 89 18 145 75 5 10 57 198 42 25 15 58 38 8 40 32 93 98 87 97 70 5 103 157 43 20 154 30 182 53 30 190 8 7 56 18 40 43 81 31 4 53 34 119 20 36 119 208 52 171 78 98 54 12 49 61 125 8 102 78 97 42 133 0 48 168 152 139 64 74 44 90 36 90 67 162 28 24 115 117 48 101 56 34 72 7 64 27 63 187 33 45 97 56 0 72 95 98 55 12 25 70 84 69 53 30 172 117 9 48 48 81 52 34 15 28 72 106 128 225 168 124 59 0 68 85 11 139 52 16 12 117 27 36 69 33 84 0 138 27 37 63 0 20 158 23 48 45 124 86
69 64 147 50 105 15 39 0 78 50 30 131 108 91 8 8 90 0 143 177 16 34 23 117 48 32 27 48 68 128 25 190 173 75 127 64 32 8 3 232 134 121 0 9 230 67 182 33 127 8 43 39 101 48 83 89 70 150 21 45 163 39 8 21 152 0 64 85 72 24 131 24 27 81 204 28 63 137 88 49 18 159 45 58 48 130 158 102 84 0 67 88 58 176 189 27 134 20 91 66 0 8 14 9 141 54 116 70 133 79 99 0 106 0 41 54 95 158 33 0 52 8 60 30 24 124 24 120 31 182 8 0 36 57 50 84 60 104 78 129 225 18 149 40 2 126 27 72 68 23 15 116 80 113 81 251 79 128 24 92 35 109 54 147 0 72 144 180 227 85 74 62 112 90 164 0 110 0 88 14 131 217 97 22 40 31 18 3 34 32 9 27 56 21 169 153 3 44 71 75 21 87 22 63 147 24 44 64 6 54 82 39 114 0 0 36 79 8 129 0 16 120 104 0 54 173 114 152 145 63 128 125 66 87 63 70 136 120 18 19 12 92 126 56 133 136 38 118 18 0 48 75 145 66 32 8
0 45 74 180 77 76 114 77 67 99 8 74 0 0 53 32 134 44 63 168 118 53 7 53 72 210 15 18 66 17 115 0 16 66 65 0 31 4 66 24 28 36 8 17 0 71 71 63 63 42 39 58 88 53 64 79 25 54 10 0 10 135 48 40 148 63 72 27 42 0 76 72 121 162 49 69 96 48 8 64 141 29 28 0 87 123 80 0 39 70 96 40 4 28 107 152 0 48 144 144 3 52 68 55 20 62 88 8 83 165 19 49 86 115 102 32 72 102 0 10 137 117 0 10 10 2 32 25 33 95 82 140 44 0 198 104 67 42 130 9 18 81 6 56 58 50 27 48 34 147 21 79 2 72 11 19 32 37 25 14 17 32 8 113 76 16 81 21 47 33 236 131 17 44 94 161 63 67 84 72 93 28 63 33 119 135 88 104 220 16 105 56 87 0 69 165 62 9 120 27 23 94 27 12 50 52 50 65 0 40 16 12 33 99 47 14 65 65 145 70 9 76 32 18 20 115 94 42 40 181 108 17 108 22 33 48 23 76 120 100 33 104 35 103 30 81 0 41 94 134 170 63 29 35 40 10
21 105 54 7 27 20 17 89 0 60 87 12 24 45 41 82 103 27 142 79 0 0 0 77 40 85 92 2 120 54 69 108 0 42 76 24 25 3 2 81 80 113 35 54 81 28 24 184 56 56 62 99 96 102 224 57 100 67 0 69 80 77 54 76 184 18 105 12 0 15 69 6 0 96 0 63 89 77 55 59 9 114 3 120 73 95 34 21 69 99 104 121 57 24 72 53 15 54 204 76 0 50 0 113 0 48 74 0 0 0 38 115 72 15 29 0 28 25 121 94 36 136 96 18 107 46 67 97 60 0 63 5 115 32 10 32 87 58 8 12 96 18 47 49 0 24 32 0 0 8 0 105 53 69 91 40 4 18 146 38 24 129 51 79 90 49 92 48 66 40 209 101 118 0 47 86 62 19 9 0 65 54 45 73 134 69 56 69 16 0 30 23 101 178 22 146 72 57 157 0 64 113 141 70 0 56 66 73 50 49 34 81 104 0 142 6 46 10 27 12 103 91 0 20 42 73 81 24 68 0 104 84 63 0 192 27 61 98 63 48 46 105 77 16 106 51 76 0 44 40 179 0 28 59 162 101
176 54 0 39 66 63 54 37 0 54 12 54 83 91 7 113 129 0 69 226 18 1 55 31 36 129 4 42 18 32 40 133 42 0 14 19 0 15 68 56 57 48 14 0 112 121 179 0 112 14 101 73 8 30 79 70 80 114 92 0 0 55 63 14 77 7 173 0 0 56 104 126 34 16 42 42 56 22 0 37 42 96 0 0 91 111 79 0 73 0 86 93 67 88 7 134 49 0 83 84 0 0 115 38 30 0 58 18 160 178 32 90 71 24 111 40 42 47 0 72 42 16 16 0 121 0 23 7 75 204 0 35 91 83 112 0 0 2 0 50 1 111 68 81 0 115 4 38 21 70 14 24 82 145 54 42 61 0 73 12 78 56 211 9 42 71 167 103 160 30 42 204 24 93 13 49 12 105 93 70 24 47 24 0 137 155 70 52 0 17 4 0 0 0 197 92 38 84 85 42 60 91 131 0 14 28 106 6 127 69 59 5 82 0 24 0 0 0 124 0 61 33 106 37 66 38 7 240 35 49 133 107 140 79 6 123 7 143 132 80 166 98 50 0 42 8 74 49 0 36 80 0 57 18 118 0
48 138 72 61 36 20 49 42 106 6 26 179 153 133 37 151 36 21 16 174 34 32 59 136 17 15 64 209 157 36 24 148 12 177 72 87 24 27 20 123 32 12 24 28 0 93 30 15 6 50 74 35 162 91 72 12 79 57 27 97 25 42 22 27 93 36 64 121 0 86 85 16 128 123 76 0 52 107 17 76 68 152 42 11 89 49 36 68 0 0 0 144 48 98 78 70 45 42 95 120 51 72 39 147 105 100 70 8 0 56 72 71 42 46 3 9 133 123 0 0 64 90 8 21 36 73 67 27 71 132 36 72 72 72 149 96 164 45 131 58 112 64 0 64 12 171 107 118 40 14 0 16 33 146 66 151 30 95 0 0 57 68 50 69 0 34 101 15 130 82 80 126 156 27 103 78 103 0 40 185 35 152 80 32 8 107 22 76 32 72 19 28 63 32 38 107 93 127 28 33 48 211 77 80 32 78 166 56 36 61 60 167 171 90 66 9 28 0 150 32 15 56 78 48 53 124 71 124 168 67 34 47 0 144 32 164 157 30 78 46 176 217 212 71 48 84 47 39 116 60 20 301 164 171 89 15
88 17 4 70 69 54 46 28 43 110 76 55 41 83 66 59 110 62 169 124 69 24 143 86 48 167 0 128 93 97 94 262 98 6 21 5 0 24 93 56 90 170 34 80 93 38 61 155 91 4 24 54 76 6 94 4 52 167 74 45 20 114 0 97 111 73 39 4 30 90 129 0 0 3 92 33 0 79 18 72 84 67 10 0 82 223 43 42 58 37 158 134 30 100 78 12 137 36 102 104 0 0 24 45 60 0 48 0 78 76 46 0 0 16 45 32 36 76 28 0 74 52 94 62 36 45 88 45 28 45 130 60 50 18 82 47 94 53 133 86 12 97 33 0 44 49 4 32 46 101 35 97 122 30 40 6 71 0 76 48 55 122 55 65 13 77 21 69 81 43 67 59 16 22 30 33 138 41 9 46 92 180 62 27 37 158 16 90 66 32 92 41 0 114 55 123 0 90 71 2 137 64 80 64 154 94 88 6 32 0 42 57 60 0 23 10 9 0 3 6 10 142 63 12 0 146 60 136 168 155 94 199 82 78 36 102 69 83 145 63 40 44 8 78 85 0 78 32 67 57 76 16 40 70 24 95
73 45 13 35 6 15 22 12 41 29 45 34 5 52 66 21 101 67 128 6 18 54 32 117 73 29 32 20 43 0 8 40 48 0 5 19 23 21 9 2 32 8 5 6 54 16 74 88 28 10 14 95 114 3 35 14 62 56 10 78 8 68 61 2 115 36 0 106 85 67 20 12 79 118 0 32 35 20 6 25 29 183 37 0 127 57 81 69 12 69 131 99 30 0 46 3 0 5 69 76 6 8 57 35 94 27 136 15 12 53 0 69 28 27 70 28 12 72 30 64 148 64 17 10 39 12 6 100 40 34 8 37 106 57 30 61 0 1 43 45 83 38 97 54 24 145 60 25 0 14 49 92 0 64 19 74 41 117 45 28 48 171 21 89 61 41 109 14 25 20 162 12 0 37 69 97 81 126 44 0 0 4 38 0 39 24 24 60 76 32 51 0 32 148 54 36 47 116 80 22 10 17 12 68 36 62 16 40 27 0 2 145 26 0 33 54 0 72 218 12 0 86 81 2 56 29 86 152 0 59 66 89 101 0 107 48 80 54 96 98 160 12 79 91 128 0 0 123 51 66 48 71 50 95 48 54
40 0 42 0 0 0 2 56 0 45 0 0 0 24 0 4 58 0 0 45 6 0 28 36 31 9 0 42 18 72 0 14 12 0 2 0 0 0 5 0 28 0 1 0 0 66 2 0 0 0 45 0 12 0 26 0 50 0 0 0 0 0 0 0 34 75 0 36 24 12 7 0 42 68 26 20 63 0 6 51 0 76 0 3 89 111 0 10 0 10 63 29 18 26 94 0 0 0 74 103 0 5 0 0 51 9 51 0 0 42 45 35 0 52 0 12 0 11 0 0 56 36 7 20 21 0 0 0 0 0 9 9 60 0 36 24 0 27 4 63 0 77 20 0 58 56 45 24 0 105 0 0 4 18 0 39 0 21 25 2 0 132 6 18 0 12 12 0 0 45 0 77 10 32 63 0 54 41 0 0 24 24 0 38 0 48 2 0 0 32 0 0 0 24 0 9 0 49 28 0 40 5 0 8 26 40 0 12 58 0 18 9 42 0 26 0 0 0 5 40 0 29 18 45 28 12 0 0 5 41 48 35 24 0 0 54 7 0 0 12 95 20 73 42 24 0 117 4 3 30 0 12 42 70 24 27
132 0 66 135 94 76 68 140 129 138 6 87 40 23 0 54 123 64 42 18 4 54 143 184 28 140 95 54 94 64 16 74 42 68 84 66 66 11 122 219 6 106 36 69 102 36 84 0 131 40 58 72 88 146 126 176 6 80 112 104 70 22 34 199 76 66 197 90 68 82 39 55 42 168 54 32 0 72 47 96 0 20 154 48 36 72 44 153 178 78 155 72 55 32 74 15 103 42 140 136 50 45 160 68 26 69 132 41 58 67 12 72 48 51 32 36 129 115 55 0 140 75 10 46 159 63 195 58 30 108 20 20 19 74 48 94 50 30 40 72 0 164 60 101 0 37 25 72 10 14 38 49 198 199 34 80 1 76 115 80 168 106 0 127 67 97 79 105 48 112 136 93 103 26 103 51 88 25 75 30 60 75 137 21 132 0 45 97 18 57 19 102 164 0 44 139 7 40 0 97 33 137 145 106 64 36 135 84 45 49 52 136 139 45 159 23 14 28 160 63 118 70 94 56 95 124 63 97 94 30 55 97 69 89 138 54 30 126 28 129 91 100 172 14 151 39 25 82 29 95 172 93 0 81 64 82
20 103 48 58 18 0 55 80 16 62 106 66 45 63 44 16 184 15 61 28 10 87 42 158 60 10 112 59 37 87 18 214 62 94 63 68 2 58 21 35 49 41 99 60 119 29 8 76 119 6 72 15 52 34 104 37 76 81 4 142 119 72 44 0 74 223 204 103 16 30 27 10 71 78 38 41 53 54 120 59 5 198 85 16 39 199 204 12 75 0 55 203 91 113 204 10 90 8 96 113 54 83 34 26 83 35 66 82 79 56 120 83 79 10 20 68 89 20 40 30 260 144 75 59 0 54 45 66 103 67 57 0 93 60 51 69 91 34 55 7 67 42 84 6 15 88 74 0 42 38 72 73 28 90 42 180 13 26 87 58 46 95 63 9 33 92 15 90 54 25 64 55 76 51 77 66 94 94 31 65 40 87 133 93 130 15 40 15 70 86 0 36 37 80 55 97 40 94 42 82 99 166 24 50 44 40 67 65 65 55 0 1 60 70 35 45 62 99 117 0 35 58 12 65 129 168 103 146 8 37 15 0 47 157 83 67 45 93 59 15 26 138 98 44 32 90 8 0 81 15 195 175 30 28 72 32
12 70 40 63 40 24 92 32 21 12 22 13 0 45 73 30 117 0 2 23 21 59 40 177 112 41 39 130 116 0 30 32 184 52 0 80 17 57 22 45 17 59 30 52 114 26 30 125 96 26 38 59 70 65 59 45 89 94 15 70 15 38 41 28 165 15 63 27 83 57 0 24 138 77 82 0 45 47 64 112 169 125 131 33 54 0 73 85 32 4 120 95 96 31 42 86 123 93 58 8 0 70 15 12 96 93 14 72 38 91 74 42 50 75 17 60 66 85 0 59 177 215 63 0 0 103 9 0 16 92 30 72 31 33 31 113 134 24 55 20 67 73 34 122 3 72 82 48 84 68 81 70 66 51 16 24 70 25 90 87 53 77 95 45 56 76 104 12 113 37 117 40 18 50 50 56 111 21 19 180 40 57 48 56 76 7 85 98 16 53 27 71 123 43 122 0 79 51 173 102 55 95 0 56 52 221 25 9 94 44 22 246 93 148 44 16 126 84 126 73 63 67 94 3 24 38 72 94 18 12 28 124 52 27 237 158 43 30 57 107 82 41 81 52 84 52 9 24 98 19 12 9 64 44 12 70
124 201 87 89 166 9 23 104 121 43 108 199 143 138 39 167 186 64 0 266 27 0 65 137 116 52 180 85 17 78 2 116 0 30 35 91 201 24 69 19 0 182 36 143 95 52 102 35 98 21 36 197 42 75 143 45 0 71 123 108 160 32 108 151 108 38 146 102 63 32 46 18 34 72 239 30 88 84 63 32 149 170 71 99 80 36 152 169 34 30 8 69 52 71 10 113 27 95 96 69 107 48 181 119 0 37 90 54 99 23 32 25 6 67 42 23 91 124 12 81 97 93 18 68 344 83 62 188 135 95 27 97 137 126 78 65 117 36 118 144 24 96 8 30 78 214 161 148 83 32 48 38 92 178 5 64 0 32 45 24 75 83 66 178 134 95 104 123 0 0 292 104 70 18 50 109 106 79 28 54 16 110 16 0 156 0 0 64 31 46 59 39 9 28 119 7 120 48 207 49 71 0 87 71 0 40 81 62 154 0 131 185 36 9 136 30 139 168 161 7 23 0 194 114 28 120 7 50 6 81 42 39 83 21 18 60 92 196 125 156 25 96 178 99 75 170 56 279 78 36 72 21 106 53 42 95
68 61 29 128 58 92 72 39 196 30 72 72 8 35 54 90 48 71 132 114 51 15 36 101 28 89 44 66 125 32 45 34 38 144 52 22 63 46 70 134 85 3 13 34 45 50 146 47 77 24 16 58 9 59 91 16 15 3 84 0 71 0 108 0 31 98 185 63 26 22 23 1 72 95 62 121 54 153 14 110 80 24 24 106 14 0 20 4 96 7 32 93 65 50 25 165 54 42 137 129 0 148 49 103 37 81 74 46 57 18 93 75 120 46 28 138 108 21 46 0 152 85 71 63 122 8 106 77 69 158 47 54 134 70 83 56 131 46 142 1 67 14 110 174 95 121 59 127 68 35 86 66 93 9 41 129 54 51 113 40 61 18 63 115 33 164 30 20 75 48 80 91 60 53 64 95 105 44 31 50 0 148 85 125 150 119 57 68 110 23 42 102 132 36 9 242 56 20 155 51 58 106 76 74 45 0 60 87 88 71 67 76 193 10 90 56 126 70 117 104 136 45 117 63 7 0 143 52 58 66 0 31 14 105 120 30 92 163 16 132 171 161 34 0 88 36 27 9 22 44 124 72 81 19 17 101
36 58 96 57 111 108 78 36 45 23 0 44 0 6 50 15 12 30 0 56 112 99 42 67 112 16 4 123 128 114 22 111 138 54 162 52 16 76 60 105 82 112 1 79 54 30 22 153 59 29 7 20 12 64 111 89 72 119 93 19 135 36 38 35 26 28 144 92 56 113 0 0 68 43 174 44 7 63 16 72 0 144 23 39 29 21 93 63 2 104 60 84 141 31 138 30 62 98 213 49 59 81 64 96 61 34 28 24 90 83 64 36 32 12 84 108 101 96 42 0 101 71 9 108 136 91 40 6 72 55 90 171 67 184 58 116 102 30 6 102 216 9 143 104 7 69 66 86 93 61 43 112 75 73 0 164 37 120 94 46 6 35 17 26 15 81 68 121 56 101 141 18 66 56 172 7 110 23 72 97 81 146 28 58 0 0 81 57 55 136 28 75 62 46 128 196 161 15 0 18 48 42 66 50 138 112 90 29 187 35 1 6 18 10 157 53 30 27 55 48 40 129 46 68 26 38 164 29 101 23 256 188 90 72 0 36 185 68 113 73 57 44 24 25 18 60 14 94 145 57 57 257 39 73 61 67
128 74 264 18 0 56 5 82 68 170 99 47 93 67 66 60 36 48 155 105 14 6 36 107 159 6 14 109 70 0 0 199 187 32 45 4 74 23 113 96 72 133 29 48 201 66 232 6 133 25 17 63 71 10 181 45 12 142 0 135 7 9 8 120 129 17 107 166 69 32 24 62 81 0 162 18 0 26 2 117 21 171 42 28 20 51 107 58 66 0 86 69 107 126 136 47 68 0 23 51 104 2 47 41 0 61 65 90 62 103 50 0 24 0 69 7 7 12 17 0 101 67 23 13 71 46 4 41 3 144 30 66 111 130 100 78 91 25 36 0 53 27 47 18 8 78 78 191 31 101 40 18 38 110 56 140 129 60 46 48 113 18 116 7 57 60 66 108 110 50 51 23 64 58 63 91 169 128 27 103 42 69 45 22 57 116 24 65 40 89 39 18 102 137 87 167 41 160 198 40 29 8 0 62 7 52 18 0 16 75 4 33 58 42 108 48 46 27 95 16 0 38 79 2 48 64 56 112 86 25 79 79 95 153 78 54 27 24 75 237 140 70 15 8 129 1 0 68 52 42 69 67 90 0 0 103
0 10 123 48 0 18 0 0 63 189 0 31 43 10 52 6 103 14 84 54 3 0 46 94 66 0 0 62 0 0 12 81 42 81 0 0 24 36 18 138 48 52 21 9 21 0 0 0 56 72 30 24 51 24 56 117 8 73 20 10 42 45 39 35 145 0 21 109 26 7 75 41 7 97 0 0 75 28 0 96 31 0 0 0 7 126 60 0 123 0 87 30 0 39 0 0 0 72 40 18 72 7 16 28 45 14 53 0 64 0 6 0 85 54 21 0 87 32 30 0 123 2 33 61 0 90 12 7 62 0 0 0 56 21 81 24 83 51 42 0 7 84 8 6 63 7 63 32 0 66 16 0 30 65 0 85 48 14 7 0 61 14 0 40 0 20 18 46 18 10 20 83 0 10 78 38 74 42 26 56 100 25 48 36 0 0 0 0 126 64 0 24 48 0 28 136 0 10 140 51 16 34 0 12 12 0 71 8 43 21 0 45 43 28 14 0 14 6 66 41 42 85 0 0 42 116 21 18 0 0 12 12 70 27 18 36 88 24 14 50 48 100 28 0 48 0 0 68 0 15 56 0 0 41 0 88
9 79 81 0 39 26 48 18 111 0 55 0 24 0 0 14 24 18 144 58 24 14 7 8 15 115 10 56 0 24 35 48 8 13 13 0 125 0 55 0 80 24 28 25 0 58 37 38 36 6 14 101 48 45 16 94 38 0 24 33 0 11 14 44 8 24 20 63 0 48 8 38 14 78 62 54 57 58 13 25 0 17 25 50 87 9 5 29 0 14 8 114 14 27 10 45 56 0 65 18 30 45 8 124 90 80 2 4 27 0 15 86 63 11 19 34 27 50 45 28 17 72 20 58 7 30 89 69 4 0 24 4 18 7 87 34 28 0 6 0 54 3 85 14 60 0 56 9 72 23 1 0 34 33 34 36 26 61 19 0 7 72 87 2 56 133 61 1 12 22 70 42 109 6 0 57 24 41 0 10 0 146 12 3 20 23 51 114 3 1 30 3 75 24 8 23 0 4 65 15 0 70 4 21 15 8 153 19 35 73 2 4 11 74 182 32 74 26 67 24 10 6 13 0 55 61 28 0 18 79 36 39 2 0 16 47 48 55 102 26 56 34 0 0 27 9 1 76 88 50 56 32 9 12 72 25
60 72 28 27 131 60 191 112 111 94 32 69 58 39 20 14 76 109 84 108 74 15 49 79 114 49 136 64 152 113 40 195 68 0 63 99 2 6 41 126 112 0 30 102 30 67 94 24 111 60 0 192 124 6 0 53 47 122 123 67 36 52 23 62 30 51 0 107 63 0 48 74 18 100 231 30 12 8 49 58 47 68 24 51 39 138 48 107 87 43 90 266 45 62 35 58 114 45 185 0 55 30 75 35 35 59 155 72 42 87 40 45 0 12 15 121 179 109 145 48 96 59 0 76 179 9 75 52 67 82 0 88 63 159 124 39 82 106 122 137 74 121 44 135 20 36 35 93 36 18 14 101 34 124 26 8 48 0 56 27 41 10 95 132 114 24 50 13 0 0 40 79 76 37 118 73 64 67 112 157 20 85 112 24 138 103 24 0 134 132 124 63 81 86 79 170 61 47 48 58 155 235 206 101 79 83 171 78 99 30 18 51 154 125 0 2 43 120 54 36 103 63 48 24 14 98 33 136 78 73 170 116 117 68 56 97 74 16 30 95 63 89 42 99 144 0 7 14 55 33 86 74 0 88 74 118
18 26 70 21 21 139 32 15 60 23 0 45 51 31 3 0 17 117 29 21 0 16 33 28 35 36 51 65 0 83 12 30 48 22 18 105 36 0 56 25 36 0 8 0 21 33 39 45 39 41 35 71 45 30 20 85 105 58 45 21 10 96 40 0 34 34 18 58 0 108 49 43 8 82 19 36 95 27 90 28 0 59 0 54 65 84 6 45 8 27 15 13 0 38 41 129 21 42 71 63 0 56 40 113 54 32 49 5 45 96 35 26 0 22 108 0 9 4 18 12 0 28 0 35 29 34 94 107 21 47 15 8 50 4 75 87 0 93 55 23 67 30 0 53 48 52 94 9 28 74 0 103 19 55 5 54 24 20 55 10 63 72 31 0 6 10 168 103 73 77 0 86 87 45 25 51 21 33 18 112 81 61 5 0 92 113 68 0 8 27 18 66 0 0 24 5 0 16 21 9 30 130 28 23 105 10 7 3 51 52 0 55 36 118 30 27 58 73 40 9 36 67 57 39 94 18 87 148 67 15 22 89 72 100 72 4 116 126 25 30 70 27 35 6 44 21 83 65 27 27 48 13 24 62 8 9
14 89 18 0 60 50 14 52 118 70 61 166 26 95 76 60 190 76 85 54 21 24 40 122 49 7 38 107 152 62 48 64 56 8 57 122 21 100 0 110 78 183 42 36 21 61 9 202 90 4 24 147 97 70 45 114 53 106 49 103 113 46 28 32 92 123 114 135 33 62 66 18 27 0 118 27 39 181 3 129 24 155 0 79 83 69 32 81 147 21 4 38 69 6 141 15 184 57 220 138 35 49 42 43 145 163 75 6 72 86 0 42 149 47 92 3 55 56 83 36 171 249 109 47 82 57 109 0 26 145 4 18 75 55 37 70 31 113 51 36 55 84 110 111 60 84 141 55 36 36 0 0 67 151 15 100 16 33 72 20 67 92 22 93 31 79 73 74 15 28 76 106 147 4 119 54 63 142 27 72 0 131 125 105 116 128 44 42 156 93 150 36 164 99 119 98 75 36 22 88 15 213 99 102 52 105 166 43 124 12 85 141 103 91 46 10 18 16 109 67 115 74 62 80 134 144 27 108 72 0 87 32 102 27 6 57 220 179 130 75 54 139 52 124 70 91 0 199 46 95 222 81 86 208 34 55
16 83 35 37 24 116 162 14 14 6 1 121 27 9 26 49 35 32 27 102 6 4 21 71 0 18 36 36 15 42 44 24 60 87 5 132 62 40 16 20 64 3 0 76 36 80 0 84 38 35 6 0 15 83 61 0 132 69 88 102 28 88 6 30 4 34 6 14 16 35 46 49 84 24 18 50 78 0 72 0 33 94 12 65 48 75 0 26 12 51 58 10 25 33 52 91 10 68 100 58 16 90 2 60 14 66 25 18 36 42 30 16 36 38 49 12 57 1 14 3 12 7 6 0 4 39 76 43 8 56 66 13 0 48 57 92 106 0 0 27 42 54 27 91 40 4 74 43 46 0 54 111 0 6 46 0 60 42 39 106 0 132 64 28 30 14 83 108 33 88 50 81 72 73 60 42 0 42 48 93 85 85 3 0 0 0 2 86 36 0 49 69 32 10 40 91 26 0 27 26 0 60 0 46 20 16 171 39 168 53 2 87 28 78 97 19 100 23 68 4 46 8 44 14 116 61 16 35 8 59 30 56 70 56 74 0 144 100 39 64 30 36 58 0 34 45 49 18 74 48 64 63 0 63 36 61
93 8 30 56 27 7 77 58 77 32 24 0 9 29 89 128 36 30 102 115 48 83 61 37 0 56 20 20 4 36 3 104 0 6 64 76 63 0 28 35 35 44 14 36 0 7 16 15 50 82 5 84 64 44 16 55 51 59 38 23 2 66 23 6 13 0 5 0 31 33 0 8 27 113 42 80 42 47 79 67 16 0 7 32 8 71 24 4 155 12 80 36 60 48 0 0 25 48 108 87 56 0 0 37 167 71 111 3 32 18 11 147 77 28 12 23 41 27 70 41 30 58 5 42 58 41 63 87 88 28 20 0 11 40 166 18 93 0 12 5 82 1 124 40 40 0 41 41 22 2 28 0 16 57 28 61 4 63 45 108 6 72 88 45 37 97 67 40 62 58 106 81 10 47 5 30 0 39 0 32 10 193 0 2 40 1 72 41 49 5 28 0 66 14 9 59 0 24 67 7 9 165 91 0 57 15 83 39 68 75 8 1 8 63 72 37 98 31 12 57 35 4 27 40 84 15 13 86 13 40 18 15 18 0 14 0 177 0 80 47 38 77 5 6 9 56 96 34 0 21 49 8 16 90 7 4
5 69 63 12 53 0 35 66 8 0 22 91 73 0 62 10 43 11 103 54 36 8 29 6 4 15 89 113 6 36 0 144 1 83 30 25 0 3 8 72 9 9 0 63 77 0 135 63 43 18 0 45 73 73 113 90 109 45 8 11 58 15 19 0 0 0 45 10 51 0 0 24 13 1 31 82 95 52 107 30 27 87 63 47 60 21 20 44 20 0 58 34 23 18 36 101 0 107 40 27 45 48 0 132 40 56 1 11 27 1 0 47 11 45 27 8 0 4 16 27 0 0 24 0 29 27 99 33 3 53 81 46 53 40 20 61 0 25 18 12 74 0 40 42 18 81 3 29 69 0 90 79 44 106 0 78 0 0 59 16 30 88 49 7 21 2 77 58 59 79 80 56 111 9 27 5 60 47 14 18 85 114 140 24 16 52 3 11 0 72 27 7 38 21 32 41 15 0 79 0 7 229 11 44 81 0 21 0 44 45 24 7 42 2 0 0 54 28 98 0 90 28 90 0 68 28 43 63 88 9 1 115 20 0 131 54 168 33 4 0 27 12 37 81 0 13 0 28 27 36 27 24 3 80 134 27
24 112 6 0 79 0 110 32 44 30 45 95 18 95 62 31 174 140 84 98 44 72 130 69 0 167 130 102 64 27 32 116 22 32 82 0 56 42 8 192 81 24 42 15 27 74 70 72 121 82 66 16 116 199 25 107 9 193 24 21 81 70 80 21 110 3 48 56 134 64 0 14 18 104 0 191 24 76 48 68 32 144 54 112 100 151 101 103 87 32 0 128 80 66 31 97 69 159 165 115 120 141 0 50 27 28 86 0 31 72 71 94 98 0 45 69 102 0 18 66 148 26 82 59 82 62 81 13 0 54 136 72 110 80 74 137 64 110 17 100 26 8 14 12 46 174 31 84 144 28 56 87 95 80 72 200 26 10 0 40 0 80 180 126 16 56 140 99 56 72 74 64 21 48 132 50 60 51 46 0 136 92 101 119 76 14 29 180 123 7 194 6 253 135 30 112 104 126 40 100 28 57 88 81 26 29 131 80 51 7 35 32 12 110 131 0 35 126 84 96 86 48 55 18 36 139 168 8 0 100 70 110 0 2 56 57 45 58 54 228 88 110 94 56 44 66 56 70 94 93 185 46 24 113 3 191
27 101 48 64 89 120 18 46 25 70 4 4 16 41 37 0 49 159 108 55 40 21 77 126 73 0 41 68 99 78 10 162 87 10 49 42 73 71 76 67 84 68 47 8 0 48 62 67 9 2 0 4 100 76 67 107 25 71 77 0 65 38 0 42 71 185 88 3 139 47 53 4 0 0 62 0 8 77 64 73 33 73 42 6 7 0 0 38 99 72 0 32 0 7 170 19 42 49 81 7 32 3 0 78 110 38 96 1 53 52 24 0 99 48 63 72 143 40 0 0 20 170 95 61 55 0 0 54 0 43 54 27 0 10 22 67 28 8 114 46 72 90 114 64 116 20 192 31 63 35 50 49 88 63 44 3 6 9 63 16 53 39 5 55 56 48 66 56 59 80 87 127 42 78 99 71 90 3 96 106 7 135 138 56 56 81 16 55 117 146 78 42 26 126 141 45 87 3 6 85 8 255 26 99 53 93 24 2 120 70 0 69 83 43 113 0 73 12 0 15 0 54 5 71 84 0 44 189 67 75 108 79 153 34 27 88 132 70 24 19 45 52 131 112 53 0 24 172 140 77 28 103 4 86 0 5
95 18 0 64 0 32 0 40 0 63 54 141 42 55 67 33 83 4 18 144 4 18 0 43 25 0 64 8 4 34 98 65 54 34 96 55 21 7 0 120 0 24 78 22 49 38 61 40 56 6 38 35 35 0 9 0 27 42 20 20 44 32 4 0 135 42 125 76 50 18 44 38 36 8 142 0 72 57 44 28 64 139 9 9 36 26 52 30 45 0 45 55 26 74 9 29 112 0 136 140 18 27 30 0 28 38 49 49 43 68 64 12 65 39 2 48 9 62 20 25 183 104 6 21 24 73 0 2 0 143 58 20 40 45 20 30 118 40 42 16 48 0 95 15 10 18 15 14 53 36 16 35 101 84 0 109 80 36 0 0 5 75 38 133 0 9 39 172 134 83 139 28 145 35 36 97 0 62 36 6 30 54 24 0 42 0 11 44 25 59 14 48 75 0 56 138 32 43 167 0 5 15 16 65 3 35 34 79 73 39 17 129 24 0 42 4 16 30 171 34 25 65 28 94 6 153 32 18 42 32 57 68 0 42 65 8 73 0 75 0 6 34 114 0 77 89 10 35 50 10 44 70 118 122 0 30
64 26 49 69 25 25 21 91 99 44 38 2 80 69 56 92 24 0 9 152 28 0 48 84 121 21 16 115 64 34 18 24 87 45 106 17 20 49 16 30 2 25 80 21 85 32 72 56 0 78 3 28 9 74 32 80 55 0 46 12 99 0 50 12 0 58 41 27 18 12 24 9 48 0 48 84 79 16 48 2 0 100 108 47 3 61 183 32 62 8 20 106 68 67 120 46 5 128 30 73 101 56 128 51 68 29 8 0 48 46 15 6 69 28 80 18 45 8 40 64 78 65 47 48 108 4 40 76 150 49 73 3 163 36 0 13 3 28 28 0 61 72 65 10 158 88 66 8 52 12 50 12 108 170 2 45 36 14 5 32 15 37 47 16 10 124 83 0 26 15 8 6 62 41 85 0 28 88 67 0 44 33 148 5 135 72 0 105 0 32 0 24 0 0 14 57 2 4 7 0 37 30 0 0 9 0 95 48 52 4 67 19 17 56 44 0 44 49 130 0 0 17 74 10 84 63 104 35 44 24 49 131 35 16 32 8 21 41 8 8 10 0 16 0 24 10 56 0 9 0 5 40 24 121 0 78
79 22 15 170 82 74 40 86 30 56 120 85 86 80 35 148 106 34 71 101 30 21 58 58 20 42 76 58 98 0 77 163 124 106 121 107 54 4 56 110 69 84 71 63 117 7 45 71 63 24 28 0 105 21 32 123 41 43 117 66 72 158 76 15 67 24 149 104 54 64 111 14 40 202 231 0 3 71 90 32 72 164 21 96 0 25 60 170 25 18 42 199 135 60 63 88 42 67 139 107 93 58 29 41 231 110 106 20 38 2 89 144 61 48 58 64 82 146 18 35 242 115 22 0 7 0 0 138 41 95 52 66 162 92 18 55 144 91 69 68 169 56 71 116 8 129 45 39 52 31 109 43 78 106 44 113 0 91 95 28 59 200 66 86 38 45 81 30 120 167 345 5 68 65 30 16 75 40 16 123 28 155 92 56 84 0 24 38 30 118 49 77 6 35 45 35 80 83 50 74 107 127 48 74 63 104 57 58 69 32 88 194 0 63 77 0 49 149 257 42 25 106 112 115 0 67 0 66 142 121 104 70 95 21 0 80 146 20 88 112 30 6 64 36 87 36 106 60 122 63 69 0 76 104 94 98
70 100 61 28 90 108 87 63 78 24 139 168 16 45 55 144 164 95 36 6 45 35 68 167 61 44 68 150 67 12 7 90 76 176 40 118 24 30 56 128 100 140 0 55 40 102 112 121 54 48 104 91 89 2 32 152 93 112 171 72 20 234 187 77 92 2 165 65 54 132 0 79 45 109 113 35 9 109 20 117 74 0 159 87 57 40 27 92 0 83 107 194 102 0 54 63 84 16 30 195 78 240 51 68 84 26 135 143 85 102 96 93 54 0 134 87 43 83 36 98 129 145 0 54 122 77 72 170 68 57 2 12 42 47 129 42 174 71 41 41 85 21 118 85 16 109 51 44 99 65 28 129 162 49 51 177 0 28 101 106 86 45 82 0 96 126 90 25 96 22 132 15 108 63 30 61 123 55 22 233 0 33 55 88 59 0 38 16 6 108 48 0 36 61 125 36 22 51 35 40 136 32 24 107 55 40 80 34 140 66 77 65 94 113 0 69 118 54 126 21 36 188 142 27 54 0 110 52 32 24 44 97 84 200 231 40 35 160 54 109 67 119 145 45 115 28 11 42 8 21 20 81 9 107 70 4
0 78 5 2 93 41 62 0 132 0 0 29 5 42 21 45 156 8 135 0 72 39 26 52 45 53 18 64 100 42 2 84 47 20 0 9 32 35 41 77 15 48 15 5 0 39 20 127 38 51 38 99 17 9 63 43 82 95 9 53 27 26 53 0 37 85 67 90 32 0 12 61 75 49 25 39 93 20 8 49 32 111 22 50 185 69 12 84 155 0 130 96 9 36 54 55 77 40 74 161 18 89 76 22 86 82 103 18 59 42 6 30 54 60 40 41 102 81 16 8 147 68 68 14 49 45 72 39 49 111 18 3 62 86 46 50 99 0 44 0 6 50 0 240 36 88 53 24 68 101 61 52 39 112 30 21 30 35 25 81 16 222 24 23 60 27 74 85 42 135 117 207 46 60 31 101 161 8 14 136 0 74 63 6 20 93 22 50 14 5 47 56 69 63 86 59 14 0 105 9 13 72 47 105 56 99 12 76 45 22 0 161 118 96 6 40 78 120 115 48 32 4 112 54 0 109 15 134 14 23 125 48 119 42 81 35 119 175 59 19 98 0 36 6 61 26 6 117 38 35 91 6 0 63 0 0
161 16 0 78 79 87 74 128 76 30 127 63 110 139 42 16 0 34 2 120 0 70 47 96 28 169 75 120 0 60 28 104 131 70 32 21 54 42 82 69 87 54 118 27 185 0 135 123 6 70 34 44 71 19 36 38 61 93 48 56 49 126 56 8 170 45 37 10 65 27 27 16 80 15 41 111 0 45 6 5 54 18 98 72 22 7 83 49 222 18 0 159 72 0 118 18 0 5 46 121 36 72 83 0 68 124 154 15 70 12 15 39 60 0 87 0 47 30 5 118 88 3 54 57 85 48 0 108 80 117 18 36 109 171 6 11 103 13 74 18 18 90 18 8 54 16 15 24 6 0 100 28 74 166 86 69 38 56 28 141 12 99 51 33 42 72 94 0 33 70 42 57 107 26 39 35 19 131 90 20 5 59 24 0 123 102 54 141 15 40 113 42 0 81 0 5 18 27 2 79 16 86 15 12 150 24 95 57 81 0 21 103 45 64 24 34 11 46 33 35 19 54 39 43 62 110 259 59 30 42 51 119 224 76 102 81 24 137 15 140 74 51 44 0 183 21 68 118 60 119 0 43 24 33 31 95
121 0 84 110 24 72 42 0 16 0 24 42 24 39 74 88 20 0 48 90 6 78 7 39 0 48 0 68 2 0 0 41 61 57 18 14 153 3 20 76 40 20 47 0 114 0 104 12 48 10 0 113 95 0 22 134 30 62 63 0 13 49 75 0 7 54 149 35 2 16 54 5 0 39 220 0 64 24 8 67 12 0 45 32 0 0 16 63 57 0 5 143 25 12 63 110 57 0 96 139 0 18 0 0 63 0 0 36 83 0 30 24 81 5 40 52 48 6 0 0 97 0 20 1 49 87 0 30 61 53 36 0 20 7 0 20 61 25 0 24 5 0 37 52 0 73 0 86 51 0 22 0 90 2 35 45 66 29 15 47 42 39 40 0 6 10 0 5 12 52 0 34 97 48 4 78 91 0 0 4 0 151 42 15 72 0 34 76 51 36 64 68 30 0 69 62 27 76 27 28 49 2 16 0 51 21 128 56 91 30 0 11 6 16 41 0 60 10 30 0 59 30 80 27 0 0 104 12 0 121 12 20 0 21 62 126 121 110 25 9 93 8 32 0 24 24 0 48 28 0 74 4 6 29 0 10
14 6 77 150 141 0 63 0 135 24 72 79 15 22 8 75 24 54 16 9 81 63 63 202 107 12 7 0 16 168 54 139 144 48 75 81 32 60 47 30 158 92 13 18 90 61 106 40 28 54 46 68 70 0 24 33 0 26 96 20 44 164 81 10 103 48 27 17 71 50 26 0 34 27 124 4 0 0 68 97 0 73 21 63 43 98 61 19 32 0 65 3 128 30 90 9 24 9 114 67 42 10 45 12 36 83 133 0 127 102 107 116 64 63 63 65 132 16 0 37 62 95 32 8 78 25 0 135 24 17 0 12 78 18 18 11 0 66 6 121 32 96 27 0 0 68 0 97 30 36 14 0 18 20 59 63 36 28 15 78 92 6 0 29 0 6 0 0 27 109 39 6 85 3 16 56 45 62 4 81 32 63 51 60 18 27 12 124 127 20 4 45 12 21 51 119 21 0 18 42 40 26 0 30 171 56 46 172 0 16 24 2 58 36 31 12 11 21 53 6 45 125 113 0 24 32 152 74 40 7 48 0 61 47 0 0 6 14 32 73 14 95 42 39 93 8 6 68 8 117 63 18 0 18 95 104
90 114 15 7 76 6 86 13 0 29 48 61 65 40 40 4 73 61 68 150 94 55 11 40 20 4 67 8 48 27 17 204 80 0 2 56 28 7 57 112 117 6 0 51 14 6 115 39 44 0 52 60 28 5 106 18 133 21 90 32 63 58 13 9 26 19 26 75 25 80 15 4 15 57 55 4 0 127 52 61 0 207 6 2 139 57 47 124 14 87 15 98 48 0 18 88 59 66 31 63 92 1 83 50 20 54 102 105 15 0 91 71 14 2 6 71 34 0 0 55 14 0 56 28 58 48 139 56 106 0 45 48 134 229 54 78 56 49 80 0 40 39 23 48 2 43 24 104 5 16 46 82 8 72 64 139 44 21 41 35 73 86 64 83 6 73 54 120 16 119 49 22 88 14 80 17 100 37 12 10 133 59 51 56 69 56 20 107 32 157 37 77 50 77 6 24 0 5 41 46 64 91 64 36 45 2 123 53 50 80 15 69 74 56 28 12 71 0 16 8 1 40 81 2 121 12 30 24 42 0 72 29 56 49 69 0 90 16 24 56 112 9 76 45 105 58 0 14 46 49 129 140 0 4 129 28
7 63 0 0 48 30 93 63 0 62 4 0 8 50 4 21 164 100 14 96 28 91 0 4 20 116 72 88 139 0 0 24 0 40 81 44 72 92 40 0 42 0 36 205 24 2 57 43 84 56 36 62 0 4 14 35 35 28 52 46 54 70 6 131 23 72 0 6 0 4 20 0 21 91 19 23 32 10 0 36 100 90 64 14 126 144 63 54 0 59 6 22 16 28 53 0 64 58 139 60 0 25 33 40 49 218 50 16 72 92 25 46 65 0 14 0 35 74 0 16 23 63 49 0 72 81 54 5 72 66 48 20 84 56 135 63 56 0 106 21 28 44 1 88 83 75 58 18 0 20 12 0 0 132 7 12 6 5 32 0 0 33 30 6 72 35 6 36 0 20 0 33 40 127 150 35 5 20 49 120 32 41 35 123 0 57 28 28 63 15 152 24 16 86 20 128 9 36 69 28 3 64 84 39 59 63 4 81 0 28 48 63 46 181 21 6 0 115 35 123 0 0 40 36 24 98 158 101 36 24 19 36 25 7 15 55 72 81 54 83 28 74 0 75 19 8 6 35 28 0 111 0 0 21 0 20
52 52 28 42 175 72 116 77 15 36 64 100 8 178 100 160 40 0 3 161 42 116 76 78 9 111 68 55 135 8 58 16 229 38 81 5 4 15 47 113 116 14 99 49 65 32 98 0 156 18 69 4 32 3 89 136 149 183 0 50 86 127 73 6 157 76 40 15 39 0 21 30 103 32 70 48 123 175 40 8 85 187 68 0 65 9 140 24 65 53 143 209 103 97 83 40 129 0 40 105 0 62 35 42 50 117 91 34 32 85 68 118 0 35 172 35 52 57 0 142 297 137 19 37 63 34 7 36 118 137 0 36 151 49 89 62 35 103 25 0 59 75 40 62 16 160 158 0 26 138 131 25 42 8 98 110 98 31 69 48 56 91 74 60 10 86 83 125 58 110 42 57 105 40 56 5 103 83 6 182 0 8 40 25 141 122 160 61 121 1 49 31 0 0 179 47 27 129 105 86 32 63 15 8 10 99 30 13 35 0 145 5 107 28 3 72 102 36 29 0 33 41 40 0 52 10 121 188 85 99 4 138 132 162 30 132 135 55 0 9 108 50 36 222 77 8 42 159 40 93 56 36 182 180 59 56
0 25 69 9 53 104 59 0 0 42 35 59 9 66 56 44 91 10 34 51 44 4 36 54 22 12 0 34 54 126 0 48 115 2 48 74 59 53 87 37 117 111 0 0 45 5 93 46 148 56 17 24 44 79 28 114 33 98 43 53 2 11 0 42 40 0 85 4 184 32 0 5 98 48 17 26 66 94 8 8 5 56 4 0 55 39 0 74 0 26 3 58 28 6 75 39 72 62 51 5 0 64 0 1 32 43 96 23 16 17 22 18 3 98 1 15 102 0 2 0 63 4 23 0 42 25 134 38 40 39 60 17 56 7 35 16 70 38 25 70 44 23 0 33 0 0 41 5 78 3 16 24 71 89 0 22 37 53 3 78 49 133 9 54 10 34 16 24 12 29 116 4 71 101 17 15 53 26 15 0 17 96 36 23 28 49 8 2 11 34 35 88 50 28 124 78 149 16 0 57 7 74 16 63 40 87 13 156 154 59 0 49 133 27 157 23 60 29 102 12 0 38 37 104 6 27 126 116 23 0 52 77 11 56 57 43 113 1 79 29 15 103 125 50 62 3 4 63 15 12 156 69 66 0 10 35
74 6 82 9 0 12 96 30 19 42 8 32 6 8 42 2 45 0 36 26 66 128 78 76 29 111 4 38 40 0 0 16 0 111 5 26 36 42 4 90 48 42 26 37 16 12 40 47 18 94 87 52 11 0 38 105 102 4 42 41 24 36 0 33 3 104 10 74 42 28 48 36 8 72 60 54 43 149 136 42 0 26 0 71 93 4 49 41 16 8 56 118 12 49 182 18 0 81 44 74 8 30 0 14 110 25 16 0 42 209 114 106 22 8 24 116 142 77 24 64 120 93 23 0 24 48 36 71 87 18 44 36 0 45 119 44 66 78 93 54 100 44 74 8 48 72 28 8 0 78 6 0 52 68 108 76 16 81 72 48 59 136 144 22 20 69 85 0 79 103 92 0 91 32 12 48 126 25 72 24 78 35 86 0 24 16 64 40 60 50 26 51 82 4 49 43 12 42 4 95 56 87 0 74 65 41 117 26 49 42 34 9 65 52 8 89 103 102 84 9 42 58 44 36 168 74 84 46 2 16 48 74 16 86 0 107 128 10 24 54 0 44 33 30 0 34 103 24 6 18 138 88 79 14 110 108
206 108 15 140 80 196 67 105 62 132 40 105 55 67 88 45 144 152 56 115 94 35 30 185 108 63 53 189 69 79 153 14 33 84 30 67 101 88 19 0 22 21 10 112 81 44 155 63 219 28 63 6 175 113 123 200 66 222 67 119 54 161 0 195 56 9 175 122 126 161 121 0 35 68 60 133 75 179 26 18 103 19 77 145 120 19 72 72 28 56 80 138 99 32 108 53 45 28 145 175 37 30 130 156 151 54 53 30 113 141 133 24 101 58 153 25 171 49 64 40 118 111 78 54 179 0 30 74 95 18 30 145 145 47 0 15 50 64 87 207 18 121 89 36 22 199 50 206 76 62 0 48 125 173 14 32 54 63 118 100 224 47 139 80 154 85 163 18 66 192 216 24 87 42 115 138 149 53 24 56 31 90 77 0 66 88 42 121 65 60 84 79 0 10 0 63 230 79 103 22 48 76 2 167 39 61 170 127 179 50 92 171 21 66 98 85 121 2 138 81 60 95 191 0 21 72 134 49 0 52 184 107 46 85 62 80 105 44 142 89 40 100 88 97 6 52 141 33 0 128 16 0 76 74 106 54
0 40 83 0 68 6 72 45 5 0 0 0 10 41 0 27 27 2 0 0 8 71 65 0 38 0 25 0 18 94 0 26 38 2 0 36 0 6 33 4 30 0 4 16 4 88 0 0 30 14 6 0 0 0 0 42 79 0 18 35 81 1 3 38 2 36 0 9 36 12 0 30 35 23 18 0 90 75 39 0 0 45 36 67 40 132 74 4 12 32 0 0 18 2 85 0 15 0 47 24 24 103 18 34 0 9 101 27 8 24 81 21 66 12 6 54 0 92 118 24 14 20 60 56 55 0 54 47 26 48 63 6 123 26 73 25 45 0 19 57 0 0 50 38 0 5 26 35 20 5 0 120 63 75 0 12 12 0 75 39 45 28 27 0 18 0 27 3 0 0 19 5 50 12 1 52 40 54 0 63 0 4 48 0 35 45 49 14 21 0 10 0 0 24 72 86 64 15 21 12 16 13 0 101 40 4 10 30 18 0 0 23 148 64 9 90 32 101 0 12 15 0 0 0 24 26 0 9 18 9 17 12 16 0 96 0 126 72 9 33 48 30 36 72 0 56 22 0 11 0 24 60 8 21 24 27
21 48 42 0 0 60 0 0 36 33 0 47 15 78 0 0 6 10 8 40 12 0 36 48 67 0 6 21 5 32 0 63 0 16 0 63 0 0 10 0 36 12 0 12 0 26 27 21 0 0 48 0 30 37 24 0 0 36 111 6 36 27 8 26 42 0 48 30 0 56 35 7 62 62 48 0 0 7 12 0 11 63 12 6 24 36 4 0 10 21 0 2 0 36 0 8 20 0 23 63 63 0 7 0 54 7 57 4 27 18 54 53 13 0 28 0 24 12 0 0 72 0 9 28 38 0 0 0 3 12 7 0 72 0 0 56 9 54 12 109 51 21 0 2 8 120 101 54 0 20 0 0 0 0 0 120 0 49 11 0 60 45 0 0 16 62 42 56 0 6 12 10 32 48 72 0 0 20 0 21 14 63 0 2 8 0 12 48 30 0 6 42 0 0 15 60 0 63 51 44 0 0 0 0 3 2 0 21 20 64 44 84 0 49 42 0 12 24 0 8 74 62 60 9 0 24 0 3 1 42 68 2 0 24 0 68 0 62 0 77 45 54 36 72 31 34 74 0 0 7 4 2 54 85 0 18
37 65 142 147 151 114 7 18 115 77 22 60 14 21 144 51 96 110 13 27 41 10 28 60 89 4 3 132 24 64 22 0 45 62 22 10 64 79 51 46 78 24 0 24 57 48 8 19 49 10 35 24 106 54 21 176 53 21 49 13 11 30 2 56 83 94 151 108 103 204 5 5 3 85 35 5 0 121 45 140 15 48 28 4 45 27 63 48 106 10 16 174 72 103 61 17 33 15 9 42 102 0 91 19 40 16 69 42 39 6 9 0 60 5 82 21 0 94 18 2 324 36 90 111 27 117 27 58 146 13 9 9 0 86 35 53 66 45 77 8 8 69 42 13 24 77 39 56 9 48 16 0 97 75 30 72 18 26 50 29 126 23 0 55 41 62 50 34 74 72 217 67 60 31 5 32 77 94 38 0 25 63 141 65 10 65 16 7 10 29 54 55 30 16 24 69 18 46 0 72 19 13 7 66 9 60 155 59 9 58 22 130 66 73 9 12 73 7 65 35 88 87 46 7 42 56 26 5 5 19 27 47 110 72 69 110 177 75 25 126 20 86 76 31 5 10 32 11 11 88 49 48 81 79 132 129
14 43 7 56 3 76 39 12 24 15 0 19 57 37 56 3 0 67 3 63 63 14 6 67 18 17 51 0 9 50 11 41 0 66 77 0 0 35 108 6 80 7 0 12 0 26 2 72 43 0 25 0 8 0 30 32 15 6 23 21 0 77 36 47 20 13 68 0 44 72 0 0 21 60 64 22 7 130 18 116 39 169 8 14 6 16 7 28 18 0 3 31 97 0 2 41 63 15 6 37 6 74 52 3 0 67 80 49 0 80 91 72 39 0 22 16 8 0 0 69 29 13 29 0 0 84 0 24 6 31 4 48 3 52 36 5 0 21 112 4 27 13 0 38 1 63 0 24 41 0 0 0 80 29 0 15 4 0 0 0 72 45 17 93 0 96 12 89 100 147 104 44 17 6 69 69 83 0 0 36 56 0 21 0 21 35 49 39 16 44 21 18 42 54 37 12 34 103 9 66 0 54 1 50 28 16 55 48 18 41 0 93 48 43 8 0 55 71 20 40 0 0 123 5 0 25 66 41 84 0 0 6 58 68 54 35 25 34 0 18 48 6 22 0 94 17 15 12 0 26 31 71 0 0 72 18
65 18 7 25 3 0 5 50 4 54 8 6 15 4 14 0 1 0 0 30 0 5 20 0 7 47 8 25 8 0 56 2 8 40 0 53 9 2 48 11 8 45 4 75 8 20 21 0 52 35 48 0 19 48 28 162 82 34 40 0 53 59 1 9 8 8 88 40 4 30 12 0 33 77 101 77 31 19 3 20 25 0 0 81 52 0 8 93 21 1 72 6 65 24 72 59 6 20 32 0 3 50 35 44 52 78 0 0 8 67 0 53 87 8 105 36 0 25 2 16 7 9 0 0 8 8 0 8 48 11 5 64 62 0 65 40 64 11 6 8 10 72 24 8 17 58 3 0 125 63 0 18 113 0 5 97 2 107 39 57 0 30 10 5 16 55 84 184 0 0 0 0 51 34 50 8 7 72 29 56 20 58 0 8 156 63 64 0 0 10 12 4 25 0 0 48 25 32 2 0 64 4 54 24 64 0 13 139 51 30 10 0 10 45 0 75 56 48 9 48 14 0 0 24 17 49 40 92 43 15 15 63 37 31 48 38 31 12 0 24 0 40 8 0 0 24 29 0 0 36 105 152 3 2 16 0
3 36 17 42 182 27 124 74 79 28 62 57 72 66 64 149 16 30 29 61 62 72 32 156 0 61 116 72 10 72 42 43 48 74 45 70 78 60 115 0 79 72 42 28 0 28 4 44 24 26 3 25 54 0 0 0 48 40 0 0 64 138 65 4 41 10 0 48 0 45 0 27 24 65 42 46 108 28 0 35 136 0 40 42 27 54 35 3 6 0 175 32 40 20 6 0 48 56 127 42 0 0 58 213 0 0 70 0 0 92 85 8 56 84 48 6 84 42 34 8 0 64 0 58 108 76 82 95 39 0 0 20 24 10 97 58 84 21 48 5 16 32 0 68 40 7 68 59 8 66 23 63 0 25 0 20 0 0 25 32 0 0 0 90 22 61 12 0 8 45 23 133 0 0 81 56 24 5 81 0 39 124 14 11 77 30 35 33 10 49 63 62 0 0 81 40 49 0 35 9 11 27 54 7 74 55 0 42 45 7 76 0 69 40 30 0 15 0 0 49 0 48 0 35 16 82 60 83 16 0 75 96 96 40 50 63 48 49 14 18 8 0 10 93 116 95 5 105 48 50 0 72 96 137 5 49
165 84 0 122 36 102 92 10 24 4 2 169 7 10 44 35 36 29 79 149 32 0 56 36 36 57 59 50 42 101 70 72 128 68 57 110 127 2 103 50 0 49 91 132 200 4 209 61 107 48 56 27 41 74 104 112 0 116 13 17 150 97 20 0 63 36 56 9 31 0 9 40 123 54 9 98 187 13 32 21 32 114 130 105 8 47 85 75 76 15 50 4 104 154 19 88 83 9 10 34 48 72 57 95 14 97 143 58 83 92 65 32 8 100 41 93 95 7 14 41 80 97 48 50 35 87 0 118 83 151 67 7 13 4 130 30 72 57 62 81 56 72 43 16 80 85 83 75 65 105 109 7 94 70 14 18 82 156 16 167 129 114 37 28 104 72 118 133 78 43 62 9 48 56 92 83 0 116 32 110 33 150 65 8 129 75 84 91 50 60 86 67 42 55 137 57 7 111 94 43 52 177 90 21 50 9 50 28 0 12 44 6 66 63 32 17 43 63 65 42 95 80 36 34 128 142 83 222 83 111 126 61 85 58 150 90 67 11 116 20 96 97 12 68 73 128 0 117 52 64 71 16 83 44 0 12
6 0 181 16 30 55 127 2 64 12 16 12 12 12 57 0 33 0 20 54 53 108 42 63 27 0 12 24 54 103 32 3 104 54 20 36 6 55 100 42 92 60 0 68 27 70 5 51 31 45 9 63 35 42 45 57 0 27 6 74 35 38 76 85 18 72 63 21 44 32 24 48 95 29 0 17 27 32 55 75 5 52 34 28 105 36 34 0 47 100 60 59 16 0 76 0 173 135 52 7 36 0 12 18 25 14 123 0 16 67 40 87 88 28 36 69 40 98 87 114 98 18 0 70 87 74 81 99 36 24 9 29 6 46 108 66 15 48 14 59 27 27 54 0 28 41 70 82 48 7 76 0 62 42 31 3 15 25 226 93 150 122 27 8 30 36 24 8 6 23 72 41 9 54 16 0 99 39 0 72 14 0 3 95 104 12 109 1 18 53 10 95 63 60 71 63 79 27 72 64 26 124 6 0 37 6 26 67 0 29 9 6 12 30 118 59 109 63 0 82 104 34 6 2 21 39 38 38 8 9 14 75 29 42 71 44 247 0 84 60 0 38 72 12 25 56 72 18 95 40 127 54 32 24 0 100
94 85 41 39 0 108 0 15 101 119 82 56 114 106 110 152 174 9 0 92 0 49 90 110 20 131 28 55 138 72 111 191 16 111 48 18 29 21 20 106 55 25 24 3 132 20 24 9 152 48 0 75 65 66 65 8 103 103 0 0 62 17 0 2 7 0 160 0 67 93 25 54 65 24 131 12 156 83 32 130 73 74 36 97 48 126 110 62 94 49 146 91 86 56 86 50 0 102 74 245 63 16 71 117 106 25 23 0 160 92 100 124 74 60 120 41 29 72 45 0 227 57 5 0 161 76 0 78 65 112 54 35 40 114 64 15 115 8 28 8 16 93 62 141 33 231 31 21 51 11 57 36 80 2 48 62 63 10 47 14 28 174 84 66 87 19 44 59 102 177 138 135 99 30 63 62 27 71 29 24 42 15 73 12 30 0 0 8 38 32 5 36 91 0 143 166 40 93 105 0 32 125 0 42 32 7 60 82 132 34 52 88 27 35 45 23 44 120 70 95 40 176 8 48 0 74 49 132 28 20 108 144 28 0 76 35 147 24 72 46 28 72 23 60 46 81 51 42 142 28 116 33 173 148 112 163
3 12 60 66 99 70 69 51 31 12 0 53 20 72 0 105 148 9 17 0 78 92 72 48 121 70 14 0 50 177 69 103 129 11 63 62 16 0 24 53 147 35 54 0 91 45 27 36 14 10 42 91 26 6 72 71 18 14 0 27 49 78 8 0 23 24 49 6 85 52 52 0 84 29 72 32 196 59 24 75 67 124 137 27 34 150 47 54 2 24 10 0 116 68 27 18 66 20 33 52 0 30 31 63 15 72 16 72 16 4 121 0 77 94 57 0 12 50 29 0 164 120 42 30 45 175 0 25 36 22 14 0 69 84 118 48 0 60 6 47 260 30 10 1 0 24 135 1 21 75 72 51 65 42 87 72 0 10 45 36 13 22 24 80 36 12 12 7 127 117 114 40 38 14 102 30 72 0 34 7 105 9 88 7 41 63 39 68 8 41 45 0 32 0 102 113 0 0 0 36 53 0 16 3 96 71 0 24 10 47 56 0 172 7 62 0 8 0 65 85 0 64 66 25 12 105 62 215 54 42 96 0 144 27 128 100 100 71 0 2 15 29 144 112 15 30 25 112 63 13 0 12 40 59 65 48
0 55 80 0 26 113 49 0 64 6 5 4 0 8 12 5 41 0 30 72 88 26 0 53 81 0 0 32 12 109 18 8 55 58 0 28 28 0 34 89 1 9 28 72 4 90 28 12 14 10 105 40 6 18 41 4 107 68 5 58 63 4 0 48 8 71 180 0 17 0 43 104 54 35 10 8 93 166 22 58 8 0 32 46 126 63 109 0 41 0 70 83 20 0 75 70 19 0 32 46 36 46 0 0 0 56 24 0 35 24 63 17 70 89 0 76 25 8 0 56 117 50 1 0 25 30 9 14 72 45 61 0 8 28 122 10 43 0 16 0 64 5 14 45 28 0 30 45 208 97 0 49 42 64 55 8 0 59 67 32 36 130 15 18 0 18 94 89 44 101 122 115 165 57 82 113 130 14 81 12 0 52 6 4 44 7 28 25 63 15 0 0 50 54 163 81 1 24 52 5 18 63 24 112 27 28 54 100 72 0 0 14 155 34 138 0 46 18 93 16 65 52 28 0 60 40 33 23 40 51 102 56 50 38 63 12 77 42 28 21 49 0 0 122 0 84 0 23 86 15 40 0 0 22 64 32
67 128 140 0 23 82 97 81 6 69 65 120 65 116 94 98 105 112 24 84 37 58 159 7 155 40 0 158 129 130 45 199 159 0 28 80 69 3 34 144 109 140 20 21 51 51 54 66 70 47 9 40 48 60 69 216 12 74 157 34 14 89 49 113 74 0 124 26 176 110 50 99 77 152 220 109 58 148 18 130 24 115 99 56 28 102 89 124 0 28 51 47 23 26 138 36 65 184 42 4 82 41 88 82 9 37 56 27 77 142 23 109 51 0 163 4 53 144 68 48 87 42 64 65 164 18 163 76 81 80 24 24 146 138 161 35 142 9 13 128 135 55 100 118 40 150 67 36 114 23 91 0 144 195 6 8 0 15 171 118 72 78 54 117 80 57 188 131 91 9 152 0 148 16 61 83 79 190 57 100 1 73 87 32 69 123 94 0 22 120 156 0 44 70 133 85 96 135 58 60 45 9 13 111 56 24 180 90 25 25 50 126 98 69 0 32 85 69 124 42 85 144 40 74 72 12 4 184 12 18 79 54 9 8 90 86 249 81 72 93 112 166 154 50 35 0 63 68 118 0 85 105 104 216 77 141
26 106 42 111 35 148 13 12 84 77 40 107 53 103 116 33 47 90 11 36 60 135 0 42 161 67 143 22 94 12 57 159 232 57 6 71 36 66 32 24 119 106 18 103 38 0 81 51 78 18 4 82 68 94 72 170 74 96 32 61 68 141 34 66 99 69 35 0 125 91 16 4 109 1 136 14 4 64 0 9 91 75 30 77 100 2 0 18 1 31 0 0 70 24 47 20 28 16 123 120 36 113 34 128 70 64 8 36 30 50 187 9 16 8 113 67 50 18 143 43 101 32 59 21 184 91 0 131 52 53 125 67 141 145 29 63 154 148 43 156 148 26 90 55 2 125 128 49 35 20 100 0 2 118 24 84 96 43 11 98 209 30 99 30 84 17 53 2 51 100 0 40 88 79 24 64 69 59 18 81 0 85 32 0 102 0 133 85 130 68 58 67 46 61 8 219 143 0 212 43 0 107 8 75 230 90 26 125 140 85 88 173 13 71 36 8 121 24 33 49 25 35 149 30 10 114 88 0 8 0 135 77 45 75 58 32 163 18 59 71 34 62 108 161 70 65 13 48 107 28 213 47 108 70 137 143
12 15 0 36 55 26 0 58 40 97 80 40 77 77 90 128 161 54 102 105 65 216 43 117 73 77 45 31 48 92 0 144 56 46 153 40 0 0 115 4 42 60 0 77 36 35 40 64 77 18 0 80 69 87 55 113 55 106 15 30 8 54 33 41 103 86 92 0 105 63 65 35 0 54 23 47 3 86 126 100 5 60 18 56 53 54 93 18 210 23 75 99 187 104 56 66 49 128 130 88 10 26 75 96 82 71 16 30 91 123 72 16 76 65 77 126 56 81 35 68 149 99 124 14 87 93 87 116 0 15 36 62 31 60 13 64 88 116 170 46 36 32 106 81 64 132 134 45 66 8 25 127 73 76 24 85 88 10 117 55 5 63 256 35 92 106 82 60 86 108 93 61 62 123 57 81 29 48 6 0 58 136 71 0 48 75 133 152 111 109 58 90 141 113 0 42 66 0 49 73 68 195 0 68 156 74 10 120 54 167 66 85 55 109 15 24 132 82 27 33 0 73 12 35 42 48 40 54 124 0 5 84 56 38 121 76 0 113 45 145 32 88 50 97 169 54 30 77 48 68 32 32 82 103 36 100
99 20 0 96 75 5 124 181 55 86 26 113 69 66 100 49 53 1 7 299 8 35 32 84 159 87 120 123 36 62 0 69 52 20 26 0 10 21 26 105 56 22 101 111 120 60 120 63 12 14 93 24 69 57 184 158 32 88 119 6 55 70 8 81 130 76 10 30 167 80 69 21 77 135 175 102 107 93 28 24 32 255 73 150 91 45 42 204 34 62 46 50 44 50 90 105 84 58 96 10 138 96 117 14 89 106 40 0 193 68 88 0 6 16 117 44 48 50 7 64 159 27 17 0 245 8 56 54 68 12 77 113 167 147 124 49 27 72 0 99 32 76 16 35 2 58 72 0 67 42 84 41 119 118 34 111 0 72 48 86 93 31 162 75 158 87 24 97 82 14 123 76 73 151 82 72 123 18 134 4 24 87 56 72 76 36 14 132 38 6 5 0 125 6 24 51 71 0 14 28 0 180 4 0 122 16 115 110 27 27 92 7 62 67 47 9 54 83 147 7 0 44 83 41 56 94 45 44 39 70 56 151 13 62 9 46 94 33 49 173 63 0 46 106 47 73 31 63 2 56 81 0 7 139 25 107
97 89 21 16 36 10 25 105 23 129 66 178 112 58 104 107 38 0 87 40 0 56 96 65 25 21 76 57 63 0 99 72 135 43 91 19 18 0 6 63 0 72 0 84 0 4 98 82 83 30 9 47 31 0 92 147 148 67 19 20 12 57 26 15 151 0 116 96 0 42 53 80 8 19 88 50 4 0 56 27 40 28 0 14 114 12 14 25 168 14 95 45 180 64 72 4 72 38 159 165 38 40 9 99 111 82 25 0 14 8 24 13 44 40 101 32 140 134 47 91 117 166 70 18 8 19 31 74 1 72 143 64 28 48 9 133 171 70 0 80 131 38 121 17 14 160 12 68 71 85 140 83 48 88 34 89 30 32 73 41 25 55 0 70 27 119 80 14 81 92 146 67 186 78 73 99 15 219 13 28 32 101 8 21 8 6 78 41 73 26 58 12 64 4 63 87 103 40 172 85 77 90 21 71 146 84 19 91 149 103 112 77 17 72 64 69 56 90 99 122 7 43 48 89 40 161 54 107 32 16 89 142 51 25 101 32 16 50 38 7 31 36 98 163 61 137 0 23 100 106 63 176 36 153 90 112
24 48 92 21 57 96 5 63 70 12 21 114 109 40 28 75 84 79 56 8 80 44 14 60 45 86 93 77 166 64 24 124 83 71 35 133 44 14 57 21 60 50 0 32 40 60 0 58 21 77 8 0 28 0 0 156 66 17 86 19 20 91 31 37 0 15 20 18 82 224 0 58 82 75 57 101 22 173 0 0 8 82 53 84 33 29 10 12 73 42 90 19 131 32 30 0 52 40 32 95 76 136 36 76 85 114 68 66 0 92 48 44 60 44 68 104 105 18 80 30 56 91 2 60 56 30 151 72 28 44 14 70 94 54 129 115 90 116 85 16 78 15 76 10 32 0 18 22 6 75 10 161 82 67 24 182 0 38 64 32 69 35 117 16 0 138 42 0 73 68 61 58 52 46 81 0 15 110 105 84 16 97 56 30 24 6 50 0 77 130 41 20 0 90 97 80 75 15 66 38 40 24 9 90 2 46 55 103 24 35 52 66 118 152 51 83 41 54 84 0 3 132 48 28 15 68 18 32 24 0 120 53 30 29 106 46 75 52 45 56 0 106 76 68 81 0 42 15 8 114 39 52 17 113 168 81
30 9 84 54 48 35 93 28 15 164 0 3 79 21 58 58 42 105 43 32 62 56 40 105 42 142 79 153 0 109 0 59 77 32 27 70 110 10 66 44 100 89 20 93 40 68 88 0 25 24 63 172 0 75 75 88 8 63 123 30 42 181 75 108 52 128 118 122 34 14 115 0 28 40 115 36 60 0 0 98 18 70 63 40 65 21 0 19 36 0 52 132 14 41 24 104 99 35 9 23 4 104 34 22 87 60 24 0 40 42 0 49 0 95 70 28 16 10 62 0 101 24 2 36 40 53 0 18 31 24 0 15 6 56 56 0 131 4 0 21 53 125 0 38 40 43 94 63 64 54 30 0 12 42 3 110 0 73 55 8 69 41 0 0 31 61 48 67 72 35 60 45 134 53 75 82 155 12 102 111 0 99 27 61 86 51 53 70 63 44 30 30 27 106 0 90 6 0 63 81 66 162 32 98 51 0 4 75 123 99 43 101 81 9 0 35 32 83 76 91 38 18 71 21 0 66 58 34 116 0 58 28 49 105 144 66 42 73 36 106 71 30 54 112 49 0 40 80 27 81 103 120 0 138 4 71
52 61 25 24 112 78 79 54 100 38 0 175 24 38 128 12 16 48 36 36 56 52 98 156 74 50 25 190 128 21 48 27 166 96 0 90 45 0 24 141 198 38 0 104 117 72 15 8 36 93 30 106 46 72 56 8 52 198 64 94 0 130 121 0 88 45 124 48 32 0 10 34 55 116 164 9 62 24 127 54 0 84 80 20 0 18 72 210 70 71 103 171 64 0 110 14 108 72 24 53 8 48 37 0 60 78 11 60 112 53 101 15 0 12 99 159 32 40 65 36 56 55 3 32 75 61 75 13 9 52 70 36 40 296 45 70 114 91 110 32 0 70 16 118 0 147 141 119 72 28 76 40 86 22 25 69 42 16 112 56 75 0 4 88 0 190 150 100 6 63 88 27 50 44 68 200 57 75 18 309 34 20 41 80 15 0 0 33 20 116 77 78 0 56 110 12 56 74 64 27 140 87 69 6 0 40 40 0 93 37 0 76 134 138 0 8 81 32 66 121 32 40 26 0 0 81 48 146 56 0 32 65 152 172 0 59 50 55 32 231 0 18 56 108 75 64 8 92 106 60 90 136 12 91 61 15
22 82 108 0 52 47 87 43 5 88 66 77 32 10 38 74 127 153 0 90 24 2 4 46 229 89 78 91 81 0 43 88 99 0 182 2 156 45 35 24 98 104 17 99 185 56 31 79 17 6 25 84 114 63 50 178 62 58 109 8 153 30 59 33 186 99 11 34 163 0 24 21 101 53 128 58 68 136 14 68 0 42 129 84 99 35 113 122 18 4 71 133 114 0 106 63 72 47 57 40 43 163 0 120 5 41 60 124 96 24 92 10 36 36 46 22 32 60 0 68 59 157 16 0 134 132 44 37 63 60 46 40 102 5 13 37 14 99 106 88 160 44 116 28 65 80 18 0 59 100 58 46 81 91 35 0 0 16 52 44 108 70 60 97 53 89 173 51 117 94 148 60 56 41 47 44 102 84 111 67 45 109 24 10 24 79 46 156 48 12 76 0 76 64 49 63 49 24 77 86 0 91 42 71 41 158 91 12 25 25 57 60 104 117 94 25 111 9 48 15 0 48 49 4 40 57 32 31 70 119 89 145 18 103 68 118 89 12 48 0 91 14 49 58 58 33 0 15 63 8 5 96 0 95 60 2
28 45 42 20 102 71 86 32 156 44 22 84 0 24 21 101 146 81 15 153 84 3 43 101 34 35 97 79 116 23 42 103 33 11 14 137 12 71 18 92 144 147 59 106 16 18 0 74 24 8 30 52 41 0 45 51 28 41 127 121 57 71 62 155 103 64 99 56 46 40 48 56 4 36 112 12 0 49 0 68 0 79 0 14 167 56 24 95 4 0 54 104 30 12 91 32 38 2 66 111 9 5 55 91 66 91 45 36 64 43 16 52 38 77 0 119 9 37 36 78 46 82 72 5 72 2 108 56 6 67 3 45 79 153 90 59 24 45 6 5 30 12 61 62 19 10 33 106 68 0 59 95 49 79 4 40 4 10 60 36 40 71 1 45 72 87 70 64 60 60 61 99 25 62 129 41 58 30 49 33 2 87 30 96 0 79 0 94 57 151 44 88 50 63 57 60 1 0 100 44 116 51 176 78 49 44 26 91 58 20 43 105 56 18 15 15 32 70 49 4 52 67 27 63 68 43 88 49 87 0 55 114 72 19 45 55 60 84 36 0 87 44 19 38 79 23 58 51 13 50 120 75 9 60 52 64
72 48 124 36 58 81 35 35 0 15 54 86 72 52 104 0 36 73 66 10 84 72 57 23 117 0 12 36 47 80 48 62 162 137 27 16 0 16 53 115 85 49 44 94 89 35 36 45 63 9 0 18 80 57 51 84 22 106 82 2 30 68 50 66 145 105 46 31 51 54 15 99 96 0 32 13 56 9 0 35 0 0 88 0 84 36 27 16 81 55 30 34 31 0 93 31 84 0 58 72 0 1 0 54 48 40 1 13 45 80 30 72 84 0 108 32 27 0 44 0 91 94 82 106 45 97 0 72 0 72 84 3 72 7 0 32 96 48 82 29 89 104 63 14 67 134 28 61 24 68 85 5 8 54 12 18 82 63 32 87 128 38 80 27 2 48 106 8 8 141 55 27 26 4 31 158 129 88 2 0 36 124 27 69 78 89 65 157 12 12 76 48 55 36 42 27 0 88 0 109 79 3 64 26 115 40 62 71 26 119 27 32 89 93 40 20 62 36 1 20 77 88 20 0 82 108 30 73 165 42 79 98 20 5 56 101 64 7 81 74 81 58 118 0 54 66 15 16 96 134 50 88 39 63 20 133
76 39 113 28 31 44 0 207 61 45 43 1 33 126 129 16 50 23 7 42 42 5 108 155 110 62 56 40 42 26 64 47 241 73 36 0 12 63 54 48 30 15 79 56 82 64 113 80 141 47 0 0 2 72 74 139 20 74 24 28 40 2 2 144 0 24 10 53 40 1 99 58 51 0 132 72 0 9 120 47 69 48 219 63 1 28 93 0 149 0 18 100 99 52 119 65 42 54 95 63 24 60 24 42 72 45 66 45 99 137 56 32 50 0 49 80 129 80 28 0 43 136 52 56 16 60 104 23 24 58 21 0 125 0 58 59 57 72 157 141 40 27 0 70 93 5 2 152 100 32 12 0 32 217 0 29 54 0 104 135 48 32 96 8 0 126 159 54 124 10 0 4 102 72 70 190 105 90 88 8 40 8 3 16 91 63 21 81 32 16 7 12 40 54 178 16 54 18 106 36 72 62 7 42 38 97 83 48 110 0 56 36 65 169 42 52 103 27 0 88 21 0 56 54 112 145 81 125 19 21 60 51 98 84 128 72 73 28 0 28 33 50 104 48 93 0 122 4 0 32 53 14 89 0 0 93
78 81 0 60 183 126 144 112 42 43 52 197 64 68 6 58 112 53 19 43 16 28 8 66 0 0 215 66 72 97 75 18 42 1 21 7 99 36 51 103 36 93 39 78 143 110 45 109 72 16 46 108 106 56 32 47 59 0 86 3 25 90 72 3 202 48 28 68 32 56 3 36 81 145 50 89 68 41 0 96 72 46 64 18 12 42 72 24 105 63 141 207 41 96 2 0 100 54 91 20 36 69 12 83 62 6 24 54 0 145 27 7 0 26 58 16 91 0 76 34 24 87 40 77 1 0 48 0 27 64 7 8 81 2 72 31 63 22 144 36 61 187 65 84 15 129 79 80 54 56 144 61 63 82 2 42 24 14 2 16 130 63 22 111 10 20 33 3 2 0 96 185 22 40 63 7 16 105 69 25 44 137 16 73 114 57 0 171 42 20 6 79 52 6 112 65 7 97 0 68 71 81 25 50 222 112 113 133 22 75 6 0 72 151 48 18 14 13 10 0 60 114 58 92 14 113 0 80 13 0 78 66 25 80 72 48 8 16 69 72 40 18 56 52 105 103 54 78 40 63 0 63 64 111 6 158
85 10 0 36 41 86 54 90 89 58 16 136 74 6 8 73 55 38 175 0 28 26 102 81 124 76 28 0 38 131 45 119 102 92 87 25 63 27 42 97 39 33 10 56 175 66 14 48 76 68 21 180 34 0 71 113 0 114 45 9 85 123 31 45 161 26 206 44 0 0 22 104 12 86 153 15 0 10 8 79 24 83 35 9 62 167 53 21 172 7 14 118 131 30 66 63 156 0 221 142 69 75 27 0 59 48 72 2 16 30 75 111 26 48 81 21 63 83 168 54 133 98 56 121 42 71 144 65 28 55 0 12 78 78 44 105 51 36 32 207 36 0 83 127 0 87 53 54 107 72 37 0 12 149 30 76 12 0 117 18 119 67 0 28 28 54 53 61 10 56 63 124 160 0 87 61 78 195 54 66 60 46 16 105 45 0 73 59 119 39 42 41 33 97 41 110 36 36 105 56 61 79 0 123 50 28 30 55 75 49 52 0 8 27 11 7 27 94 131 23 71 98 128 15 77 53 84 0 96 0 135 0 125 3 153 20 89 0 35 41 89 79 90 92 22 146 7 12 6 64 210 16 2 177 0 6
24 169 8 12 67 0 19 0 111 14 45 74 46 45 60 22 153 0 24 111 0 44 3 106 10 13 24 144 24 24 0 58 82 31 0 72 0 0 66 43 56 4 3 72 258 87 60 12 54 48 76 4 52 165 4 105 61 38 0 29 8 2 60 0 24 117 145 149 0 0 29 18 42 48 32 142 44 0 18 23 36 144 53 82 100 45 214 86 37 0 14 18 0 91 36 14 154 136 145 0 56 80 2 63 106 6 86 0 48 63 0 117 74 5 40 0 34 4 82 5 118 8 15 0 0 69 0 12 48 92 90 0 2 116 81 37 0 8 63 72 7 0 0 2 44 80 35 120 111 0 74 39 32 36 20 0 62 14 150 28 1 33 101 21 28 16 67 24 42 0 63 57 34 170 50 34 103 63 86 19 20 76 125 0 71 5 45 114 6 40 72 0 52 0 38 124 18 19 81 6 8 165 0 6 127 25 42 45 10 68 0 77 75 20 3 8 44 63 73 54 23 18 64 46 14 41 86 0 6 28 0 72 19 101 70 45 72 82 148 151 106 68 64 18 29 40 0 8 63 18 51 9 32 102 140 17
94 0 37 48 140 92 24 9 56 48 10 92 87 108 112 89 48 33 24 90 18 63 22 0 15 113 0 61 105 119 36 90 4 102 16 48 0 70 0 24 170 35 0 3 81 48 0 85 0 30 44 0 85 42 2 81 92 40 75 6 9 69 66 41 130 114 86 22 22 192 0 0 0 68 42 32 54 85 0 152 0 38 54 63 50 36 48 108 59 86 50 139 14 24 81 9 136 72 63 60 94 56 77 81 22 18 3 12 106 146 108 0 30 18 37 42 0 61 90 48 158 47 134 163 19 129 40 42 100 71 122 102 63 64 32 39 88 49 10 5 30 66 41 56 29 142 9 33 0 48 25 47 40 7 64 4 46 0 0 44 99 45 87 81 14 56 87 88 40 113 76 96 69 30 20 50 67 98 15 63 36 70 78 64 0 103 12 0 42 84 0 50 84 43 0 114 0 0 25 40 35 14 29 30 77 40 107 96 82 0 19 3 10 182 3 0 106 72 17 9 123 144 40 0 0 30 45 126 18 4 3 29 87 105 72 30 245 35 65 75 0 87 61 48 42 54 57 98 55 42 104 97 95 22 80 194
132 112 68 4 43 54 40 57 20 98 36 128 59 72 82 64 207 39 66 53 118 36 0 90 137 13 103 185 13 50 0 181 18 58 32 81 58 20 66 42 30 36 60 51 8 42 36 132 55 50 32 46 139 14 16 82 90 0 18 27 120 18 30 72 75 133 49 222 65 84 0 12 48 90 99 0 82 99 36 45 45 88 142 9 148 56 101 71 54 62 74 119 82 97 54 28 197 131 139 180 110 126 0 113 0 21 18 15 126 96 48 76 32 32 0 42 107 0 49 4 100 90 105 56 72 104 104 18 85 105 14 12 132 21 114 123 18 115 74 0 50 28 66 78 86 5 142 42 12 98 12 66 18 24 42 268 40 38 42 3 54 72 177 70 69 36 56 70 70 47 87 42 92 32 72 96 54 60 74 6 93 10 65 120 113 86 24 127 48 35 91 0 32 128 120 193 14 66 24 98 99 108 1 139 90 69 112 36 155 131 18 72 106 148 0 0 37 0 14 45 0 73 153 36 108 96 23 0 12 63 102 37 82 192 195 94 7 108 32 207 70 36 92 51 48 0 0 79 28 84 72 90 58 74 78 123
65 45 0 0 0 132 4 40 75 32 0 190 17 76 62 58 17 0 11 22 12 4 67 24 31 8 153 86 100 8 83 108 12 44 0 28 0 18 7 117 0 80 7 135 18 0 98 42 121 113 4 24 10 6 18 28 0 58 35 8 40 26 49 12 47 12 141 0 9 56 0 60 40 89 52 0 22 54 42 0 0 0 3 0 52 9 75 5 17 86 52 108 36 0 88 38 5 8 0 34 82 0 15 72 1 0 0 0 0 42 0 20 4 16 48 74 28 12 0 27 42 106 0 7 22 19 90 6 12 106 157 15 6 143 131 10 35 70 12 0 108 88 32 8 0 194 0 0 84 65 110 12 28 84 37 102 34 2 0 1 66 90 28 8 67 120 50 5 0 40 51 101 62 8 43 91 15 110 24 76 52 67 21 0 8 0 7 47 40 65 32 24 0 48 113 31 0 111 81 78 20 108 0 28 90 12 32 60 6 45 22 64 18 42 32 8 0 13 51 12 40 150 88 46 0 68 64 151 104 0 131 51 8 0 72 69 72 30 80 53 80 38 0 93 14 0 0 35 126 75 42 0 60 30 89 2
36 168 117 15 30 103 12 60 104 18 49 9 68 21 19 14 32 35 40 62 3 93 119 66 0 128 18 140 118 32 57 45 88 118 20 0 16 14 37 77 57 36 22 67 95 15 136 20 64 146 36 36 0 48 122 101 183 155 0 98 6 43 21 43 34 19 34 0 79 24 12 96 0 25 12 72 65 33 128 72 27 57 5 110 50 0 56 91 135 23 110 18 86 70 106 66 32 55 72 31 72 36 44 73 215 112 38 0 40 54 39 49 64 25 168 132 103 64 42 42 64 72 44 6 45 23 0 42 33 54 42 72 70 94 82 28 66 62 55 6 5 58 0 140 12 110 39 30 139 45 35 30 122 77 85 132 6 4 24 60 14 32 62 8 16 100 118 40 126 77 0 130 58 30 8 42 37 63 0 176 66 127 129 0 101 55 40 47 31 2 0 45 68 0 66 90 0 24 59 128 0 102 21 44 124 95 7 132 33 24 14 92 57 127 13 60 42 82 54 8 48 0 18 42 42 84 100 62 22 0 12 134 12 37 95 134 6 28 0 93 47 79 13 0 20 66 65 30 32 56 211 32 63 16 38 86
48 15 7 0 133 66 44 111 18 18 175 78 42 62 23 18 86 10 52 37 19 28 58 27 91 8 72 53 6 86 26 42 49 14 108 5 42 20 80 40 51 78 143 0 38 58 29 46 2 14 40 90 16 21 99 52 19 115 78 18 97 40 10 27 68 67 26 74 51 56 3 10 0 56 94 45 32 20 104 114 30 138 29 18 10 20 77 167 28 8 4 106 70 40 47 30 93 23 51 0 18 8 32 102 18 8 28 10 62 73 44 4 0 8 52 52 0 58 70 0 138 25 58 20 100 12 52 100 12 63 35 52 66 139 64 53 37 91 10 12 0 92 36 73 15 31 105 28 33 64 95 21 48 54 4 72 22 56 41 16 48 0 137 41 24 72 157 42 64 0 152 11 7 40 5 79 23 202 111 0 15 200 14 101 97 78 3 4 14 183 128 6 28 97 42 81 75 18 22 170 9 26 21 71 0 40 106 56 69 0 140 0 76 92 2 27 54 29 114 8 31 85 100 96 44 32 9 7 48 15 65 68 164 63 0 83 14 40 70 108 14 33 140 68 62 70 24 56 27 0 66 10 3 133 59 75
5 27 0 96 18 19 0 114 60 34 62 55 46 85 112 27 145 0 61 246 51 44 34 58 83 0 41 159 48 18 0 129 8 19 117 112 8 0 38 39 14 45 8 16 18 88 18 39 67 12 48 59 125 118 75 86 75 75 132 52 56 67 68 9 80 9 60 6 81 8 60 0 96 0 71 96 0 90 53 82 0 98 87 16 0 36 108 60 60 60 53 49 42 42 117 164 30 115 39 27 93 48 83 24 98 28 104 0 119 30 72 0 54 0 24 9 50 70 82 0 42 78 18 0 62 41 0 150 25 99 9 105 60 170 35 24 0 29 71 74 40 0 55 24 36 23 53 90 69 12 72 53 56 69 0 115 0 40 48 0 128 12 48 48 75 98 57 48 45 0 105 81 53 36 60 27 210 42 87 31 69 64 170 41 75 60 0 191 4 115 36 33 54 55 27 95 76 12 6 27 22 43 10 21 151 20 50 66 77 0 42 30 60 15 32 11 63 63 117 0 0 50 128 42 0 120 57 6 83 0 3 63 40 32 77 20 89 52 9 96 97 137 178 73 136 0 70 63 11 104 38 156 111 63 58 72
171 8 0 81 92 164 48 69 173 113 36 157 25 106 82 80 197 21 27 51 16 31 6 200 129 53 0 65 29 41 70 86 41 35 29 9 81 17 0 135 64 69 21 15 138 179 49 80 73 38 20 120 169 24 58 174 194 78 40 33 0 140 48 6 312 76 130 25 21 18 75 62 0 4 348 10 37 184 123 32 96 3 73 64 71 66 12 49 85 117 222 43 80 92 124 81 96 25 120 56 30 99 40 45 155 35 141 24 77 8 0 61 159 44 62 94 48 32 50 68 57 64 42 91 50 47 78 6 14 118 44 64 128 81 110 111 59 179 21 48 6 74 72 38 34 138 0 24 12 111 40 200 114 111 26 81 0 93 30 21 77 104 112 110 43 39 141 18 0 68 144 86 126 40 22 153 140 129 88 101 122 206 72 0 48 135 15 94 52 33 97 9 126 0 7 52 24 18 104 86 84 101 28 98 63 72 63 18 108 47 90 168 156 67 47 148 113 183 18 33 14 186 63 40 46 139 63 153 0 107 85 168 195 104 120 16 153 157 65 113 0 16 28 66 138 35 32 61 36 108 90 28 16 90 82 108
81 0 39 0 115 129 0 16 4 28 4 108 45 7 14 75 172 14 0 39 32 0 100 123 51 113 40 33 147 83 60 105 4 73 0 81 10 21 42 194 42 0 43 0 76 117 100 88 63 64 83 32 90 26 102 42 83 32 77 12 14 22 0 0 126 36 72 6 51 33 28 7 35 55 4 8 80 23 48 109 34 91 90 71 57 95 32 132 135 57 117 75 129 75 8 36 23 0 87 180 5 71 21 52 59 56 27 35 63 15 51 40 122 21 73 85 32 1 14 40 52 98 0 69 35 79 16 6 19 96 3 55 120 100 40 84 72 60 14 24 42 108 80 63 20 125 56 64 0 17 49 164 200 18 40 65 25 12 84 16 57 3 18 85 14 48 135 129 4 67 72 56 27 78 0 80 112 0 3 63 102 32 38 21 47 0 12 163 16 72 46 96 131 0 151 12 14 76 76 48 28 17 46 90 43 63 81 32 14 63 40 118 93 0 89 82 0 85 123 40 117 96 54 53 64 76 63 158 15 40 18 204 0 28 139 61 78 85 56 38 85 37 65 0 80 8 83 59 37 28 59 57 41 64 8 50
90 122 72 127 28 77 18 48 163 87 0 69 78 77 271 97 79 64 125 31 130 64 42 255 81 105 54 0 23 83 6 180 82 56 36 39 0 48 76 54 196 48 8 54 125 0 103 80 103 74 35 86 144 123 82 125 31 66 169 65 88 90 6 72 117 46 4 68 105 100 28 100 20 117 107 62 149 99 39 87 9 135 80 118 26 54 105 94 62 43 48 34 96 48 66 56 95 72 8 106 221 9 93 68 96 132 96 22 0 105 124 58 113 36 57 51 45 60 132 6 211 34 112 88 0 84 196 47 117 33 54 48 88 197 110 8 112 9 78 110 111 36 96 121 107 38 104 175 0 55 97 64 85 193 26 69 84 40 58 111 78 39 28 32 44 209 42 1 91 30 76 49 75 102 53 177 168 85 15 4 29 187 76 13 17 45 28 110 28 131 70 16 134 132 120 106 28 30 127 67 104 150 0 176 170 39 42 74 187 17 17 93 186 117 116 57 98 63 166 120 49 141 84 12 35 142 112 75 91 118 168 109 150 157 102 51 159 116 20 189 56 66 68 164 90 89 49 56 12 123 138 68 21 111 97 226
16 47 0 81 0 72 70 5 0 41 0 71 68 4 48 2 116 16 57 8 9 20 8 0 4 0 0 67 0 81 0 39 147 33 76 32 30 24 24 89 27 0 24 121 9 100 57 0 16 61 15 0 50 25 12 72 48 18 20 20 26 24 27 42 77 99 30 44 32 0 96 0 7 24 66 0 12 20 12 0 21 0 78 0 9 27 0 18 39 55 35 52 22 26 0 0 48 81 96 222 0 72 9 0 18 21 33 0 75 49 77 32 1 88 23 91 69 65 8 58 72 63 0 8 8 88 49 24 29 64 9 3 92 7 39 28 12 0 6 6 72 71 67 70 18 14 27 31 47 30 0 26 18 114 0 108 54 22 40 90 112 57 41 29 0 109 42 59 93 0 30 125 144 2 90 135 0 35 81 67 40 117 0 65 27 8 32 0 127 10 28 84 45 62 79 209 2 32 72 48 0 86 16 92 0 0 188 110 112 0 63 62 29 57 7 42 144 18 11 8 0 48 60 20 0 72 72 34 56 9 27 24 9 15 56 0 71 33 27 0 0 74 88 54 18 0 46 6 0 0 90 0 9 36 9 45
0 10 35 32 56 75 32 42 55 0 90 33 12 0 6 64 56 69 36 85 24 6 32 44 104 80 0 91 89 89 83 48 0 93 56 28 0 35 30 60 36 21 30 15 42 72 98 45 124 29 45 52 35 62 62 65 41 8 63 12 105 27 49 36 15 69 49 41 40 72 0 0 9 93 20 82 130 68 11 61 122 146 24 120 5 90 54 87 18 21 0 80 41 23 6 11 60 75 119 67 0 69 111 0 25 109 4 44 47 16 75 5 65 18 12 55 4 48 37 0 0 85 42 0 86 45 19 36 48 20 77 39 138 28 27 67 48 141 109 27 108 0 108 134 64 156 12 83 125 56 80 20 85 11 87 10 71 14 56 0 30 33 191 0 82 56 37 5 3 63 161 123 14 52 106 16 41 26 71 63 61 115 31 35 39 78 58 16 79 32 66 28 0 42 101 73 0 27 99 67 28 26 40 18 76 16 25 53 62 49 99 30 99 15 65 3 0 34 49 56 9 72 49 129 51 18 18 21 109 42 88 152 84 45 27 22 105 98 84 0 27 132 45 0 57 41 45 38 75 0 34 0 0 88 72 57
18 143 0 75 85 63 14 141 147 58 31 48 68 38 0 58 210 79 112 45 0 12 27 77 56 110 46 85 47 137 91 198 105 80 112 52 59 0 6 79 63 173 7 76 54 66 118 19 14 83 46 66 92 0 157 31 62 68 98 68 40 67 46 70 147 35 64 65 38 56 10 0 12 82 106 7 10 66 0 86 16 132 75 49 47 119 6 91 189 35 16 33 116 95 261 40 60 34 67 150 42 24 50 69 35 215 139 30 70 68 103 45 48 66 20 28 87 8 84 9 178 96 66 46 58 104 7 96 57 80 32 57 162 214 86 182 122 20 113 108 15 0 64 64 40 57 18 79 35 0 26 55 26 137 63 96 3 0 12 48 56 51 146 38 0 45 100 13 46 21 78 134 66 28 4 35 72 63 10 61 88 46 26 91 39 72 25 232 98 82 114 31 110 0 56 85 0 45 0 0 103 31 56 62 119 28 85 48 8 89 9 77 25 138 56 0 11 56 0 40 45 88 47 56 35 155 84 0 117 45 112 56 132 0 94 0 30 162 30 51 96 85 60 0 105 103 92 132 55 169 132 64 0 56 98 84
45 47 15 88 129 8 27 153 0 73 60 123 50 85 55 64 32 37 63 67 30 20 52 0 43 65 81 93 81 104 0 146 2 59 30 30 48 10 20 30 108 67 48 21 91 54 90 44 107 16 14 123 65 42 35 42 63 87 91 2 80 55 9 70 75 48 79 43 73 141 67 33 0 102 125 7 93 152 97 36 65 52 104 111 21 75 115 63 20 0 47 51 3 32 59 72 128 72 41 142 31 28 18 99 63 49 22 18 108 106 12 66 72 0 20 63 55 0 113 3 16 85 129 131 12 79 27 67 99 63 3 0 116 0 0 24 136 66 99 81 88 31 112 121 88 61 119 84 4 65 62 32 151 144 27 10 0 0 18 15 136 27 73 65 72 10 30 105 48 44 121 9 68 50 69 84 9 188 32 25 2 73 18 72 123 72 56 75 0 128 60 36 8 39 163 16 60 148 50 40 0 102 16 21 124 63 137 66 64 61 56 43 21 47 9 0 35 72 9 0 39 98 38 7 47 62 87 158 1 62 72 49 84 47 56 18 89 136 92 10 112 0 30 45 10 48 56 176 0 28 72 0 72 153 2 133
37 8 116 117 42 41 64 141 75 36 24 36 72 88 63 104 73 12 36 54 27 4 33 55 6 85 36 50 122 100 115 68 56 78 86 139 0 27 20 85 138 138 16 114 133 72 94 15 102 4 0 57 60 91 96 140 179 51 51 30 63 90 50 224 112 0 246 34 80 142 30 40 42 58 116 7 65 125 0 12 54 215 72 133 75 100 49 36 48 85 28 37 66 28 76 0 0 3 143 259 152 65 45 36 232 91 93 0 77 152 63 96 89 121 77 43 0 65 35 0 174 138 72 9 139 90 79 56 56 78 56 58 111 0 143 229 71 72 20 3 0 72 54 158 0 129 95 91 24 114 18 126 83 121 76 32 0 41 20 81 92 116 0 83 65 229 21 104 79 32 226 105 252 60 24 83 61 284 84 0 0 195 0 24 124 82 8 0 119 28 35 33 146 187 125 3 58 157 207 29 0 248 33 101 96 24 130 188 102 54 98 130 71 144 101 88 222 118 222 0 0 89 130 0 45 75 97 142 20 52 98 8 56 14 68 85 116 96 78 56 62 84 102 193 0 235 0 116 78 41 224 104 36 201 159 72
40 11 64 29 63 8 32 58 10 10 38 33 48 77 5 0 28 10 42 8 6 56 42 50 48 45 4 69 0 88 21 97 84 45 9 24 33 0 10 10 14 6 45 32 0 37 13 0 65 37 58 43 37 18 143 77 18 118 21 56 165 45 0 47 11 73 5 32 0 6 70 7 0 98 47 78 108 136 67 86 45 130 30 72 0 124 129 58 68 0 27 87 54 12 66 53 18 16 48 25 18 38 22 4 21 196 37 44 48 4 163 32 63 0 28 24 49 34 31 0 163 161 3 0 131 23 68 47 65 0 42 78 72 160 8 6 58 34 127 27 26 0 109 45 19 32 87 79 66 19 64 60 38 84 0 88 21 30 51 18 0 60 55 38 64 9 81 108 23 83 44 68 31 2 8 123 99 20 74 95 45 27 13 6 62 18 11 76 10 97 34 0 75 8 42 3 57 31 12 42 0 56 10 8 3 0 97 33 49 6 40 4 58 61 78 7 18 21 28 21 1 14 73 40 76 34 43 0 19 31 25 56 20 2 38 0 124 36 62 63 141 2 49 90 18 36 89 8 20 52 17 53 40 18 22 24
84 78 0 30 54 88 49 42 66 8 6 71 50 123 48 52 15 84 22 79 76 46 43 26 55 27 16 30 68 112 93 107 29 35 33 6 37 0 1 29 6 0 12 34 18 57 30 3 0 40 71 54 30 68 14 7 0 31 34 2 48 56 45 77 107 29 153 6 32 56 36 33 67 65 82 12 77 80 112 20 6 20 155 56 24 124 9 0 0 60 24 8 65 66 0 25 84 60 54 218 9 52 27 72 82 32 2 4 22 39 61 102 2 50 73 8 3 68 45 80 95 107 58 98 16 3 9 95 16 111 71 0 54 8 5 49 81 136 57 59 12 44 144 41 0 59 52 88 0 24 128 36 12 76 0 92 5 99 88 67 109 4 24 38 103 8 64 14 45 55 191 40 52 22 12 36 21 140 27 56 0 64 46 20 58 87 139 26 54 36 24 4 0 30 69 36 45 20 126 72 0 38 58 33 39 0 51 79 38 0 54 118 152 59 2 52 96 66 148 9 99 0 134 31 76 64 10 8 21 0 16 5 68 27 20 24 102 16 52 40 34 104 49 30 36 81 113 0 31 35 0 81 45 56 18 54
53 1 121 36 10 81 69 17 27 36 75 59 27 67 12 28 43 0 26 117 97 82 2 82 131 27 24 86 53 11 99 45 66 72 69 181 24 60 81 20 162 0 24 60 6 22 0 127 34 0 59 28 3 38 11 88 6 94 72 44 23 152 144 72 66 120 58 72 0 11 75 17 81 104 82 85 17 94 42 3 0 18 27 63 31 45 54 68 12 25 5 54 72 8 62 35 36 34 121 83 0 145 31 0 29 83 119 15 78 83 123 108 54 123 158 36 72 30 0 99 69 117 0 20 97 78 36 154 25 124 42 30 0 9 43 94 33 54 80 30 48 37 22 18 2 49 98 84 7 24 26 15 4 111 0 27 48 48 14 81 0 41 48 33 26 76 18 64 39 72 63 5 9 73 31 79 25 48 102 81 71 19 24 76 15 143 54 11 9 64 105 93 15 22 27 6 96 0 100 53 8 7 6 16 152 0 0 132 68 61 2 48 102 93 57 0 73 4 49 8 48 71 108 10 109 0 87 0 72 0 31 45 18 45 0 26 41 56 32 79 89 99 0 34 249 54 48 22 55 57 59 72 120 8 0 18
70 40 71 10 40 48 78 18 52 37 26 90 72 61 61 26 69 21 0 33 25 49 27 107 34 58 0 37 33 25 6 12 0 117 4 69 6 0 12 73 31 18 26 69 40 12 0 58 25 0 15 24 51 0 71 15 30 3 34 153 13 79 6 43 112 48 23 37 58 6 55 80 59 7 15 45 17 63 76 15 44 0 0 34 110 0 18 68 65 53 45 45 27 0 243 8 6 5 57 141 0 16 0 34 49 58 61 12 9 21 66 34 18 33 0 105 25 28 66 46 0 95 69 6 68 7 38 14 1 32 14 45 35 56 84 28 156 30 103 12 0 60 78 18 39 15 54 91 24 48 65 74 66 130 46 55 0 2 0 24 5 30 22 75 0 77 41 0 63 50 75 25 0 37 48 175 0 5 42 45 26 43 2 0 0 22 17 56 77 41 72 72 45 12 47 73 82 45 43 60 45 14 31 78 37 45 7 8 15 0 22 92 36 11 15 42 0 24 73 3 43 33 29 5 95 73 35 0 67 45 11 122 43 88 45 57 94 0 0 21 0 33 84 66 30 42 9 12 35 34 69 143 112 0 0 87
0 182 81 0 9 97 45 12 105 28 25 69 9 111 122 95 158 62 30 91 0 75 14 87 5 33 7 117 30 38 47 89 195 45 13 70 27 18 35 51 116 41 53 120 102 45 72 16 60 84 47 8 138 66 54 92 66 126 25 42 81 111 28 3 97 35 101 79 90 108 54 6 0 48 51 23 39 69 0 84 63 63 102 40 46 60 233 85 45 20 8 55 35 13 54 27 52 7 37 183 82 14 38 21 110 27 60 9 95 27 36 10 3 130 106 10 9 15 0 9 171 58 45 0 135 109 16 21 54 134 89 15 45 109 112 85 20 0 88 72 15 35 5 112 18 168 36 69 20 8 34 3 10 90 42 14 45 12 0 30 104 74 154 30 108 20 145 101 55 150 63 0 58 106 50 101 71 156 15 274 0 50 34 24 49 0 0 41 31 0 73 12 103 24 91 59 27 104 65 0 27 41 24 33 58 0 56 30 72 97 21 77 73 126 0 5 110 56 132 42 14 56 18 0 0 21 63 149 42 42 104 6 0 107 74 6 131 72 135 84 133 79 9 6 0 152 24 36 0 7 105 0 24 62 0 50
8 48 0 160 24 175 109 124 126 88 28 8 54 72 124 87 63 120 78 91 74 7 92 149 91 58 74 45 21 15 70 142 62 37 52 32 73 51 66 63 46 21 87 65 107 78 91 38 66 58 0 204 67 114 82 147 60 48 92 7 79 88 88 130 62 158 110 63 56 175 23 86 102 135 134 99 62 136 109 0 22 146 145 152 151 82 5 62 104 67 163 157 112 152 44 0 0 128 44 247 38 158 84 75 231 165 33 0 71 67 85 94 26 40 37 116 103 86 7 20 73 32 67 0 105 71 69 182 37 48 20 54 164 7 74 120 77 104 201 48 103 43 137 92 15 160 76 95 35 6 84 118 212 125 48 60 90 104 8 143 178 115 185 27 86 94 282 97 112 74 202 120 40 109 194 130 40 83 56 80 0 106 40 124 0 69 9 102 36 31 6 74 122 77 124 186 0 138 112 24 145 146 18 114 42 52 235 120 112 43 0 138 174 164 63 10 35 0 77 56 48 59 66 28 124 112 125 98 52 121 21 92 93 63 48 59 8 84 12 0 97 54 28 78 86 28 0 12 0 72 178 63 50 171 112 50
75 131 0 0 0 30 71 127 32 6 54 75 122 87 90 40 171 81 164 94 133 63 0 111 0 19 73 63 72 122 21 165 9 46 79 101 2 131 54 40 28 51 88 64 9 56 30 145 118 31 62 102 109 141 16 104 62 170 21 41 6 0 52 105 57 14 30 14 174 68 48 0 39 87 15 96 9 106 11 71 12 70 35 27 8 0 23 45 84 53 27 122 24 40 107 59 82 30 72 147 73 0 0 30 144 24 28 13 0 159 57 21 55 0 111 40 96 54 135 24 85 50 12 31 0 37 89 54 19 60 6 105 87 89 118 14 55 6 28 3 64 68 22 66 36 15 78 40 81 76 52 48 24 170 0 156 107 42 108 108 9 28 157 68 31 162 72 15 219 24 15 157 45 80 48 118 27 85 132 15 70 127 48 8 88 56 24 115 28 67 59 9 0 158 45 51 138 12 0 62 0 69 16 106 91 69 83 133 168 40 93 4 66 49 45 58 45 33 59 42 0 35 152 72 71 113 126 20 136 0 128 86 82 48 122 52 120 35 27 143 61 80 120 66 102 8 27 69 3 82 72 67 36 60 32 70
26 0 24 87 6 60 79 24 9 0 54 54 43 61 43 0 54 0 40 0 12 26 5 45 31 6 4 16 44 54 0 15 2 15 36 87 12 40 19 6 129 51 16 8 6 0 0 73 36 39 0 9 36 0 0 12 30 39 16 78 41 2 10 48 0 69 36 5 79 12 12 2 22 5 2 42 21 0 7 36 12 84 23 9 13 12 15 32 22 45 26 25 0 15 37 2 45 55 43 68 27 33 0 0 46 17 12 0 70 22 66 0 6 12 0 42 41 22 25 0 0 39 9 12 24 0 0 6 35 67 0 43 1 15 45 0 0 5 0 39 54 9 26 17 39 0 48 0 0 0 6 20 12 32 39 0 48 13 55 12 44 21 32 91 18 18 51 42 18 0 84 24 77 6 10 54 88 17 24 16 0 58 69 0 65 6 3 58 42 50 18 60 72 54 15 133 30 0 48 0 0 25 0 0 0 18 7 21 46 45 0 18 110 18 36 0 5 6 51 0 40 3 49 12 28 18 78 111 4 2 0 8 0 16 35 22 80 10 27 0 5 57 46 79 0 0 0 27 8 0 135 40 39 8 65 54
9 9 28 3 90 61 56 90 72 40 42 57 39 59 102 89 80 27 12 21 124 64 57 53 35 57 34 41 67 7 102 115 64 38 189 49 70 2 52 65 95 44 4 13 2 145 18 55 43 50 2 101 36 126 14 27 19 7 28 43 10 25 0 61 0 72 96 0 32 94 36 0 0 99 30 10 4 61 109 17 0 35 50 73 20 18 9 27 89 0 94 11 44 4 45 143 8 158 34 58 33 93 14 2 72 79 33 14 8 65 16 35 0 36 34 39 84 61 0 0 81 117 32 0 14 36 14 71 50 57 91 16 9 25 34 57 125 64 127 4 144 2 81 40 4 44 22 45 99 36 13 0 59 98 50 97 17 0 3 96 30 17 111 24 6 124 188 56 113 76 275 5 35 37 205 8 6 74 0 16 30 33 4 18 12 48 45 170 18 43 21 54 116 50 80 42 35 0 93 6 45 9 19 47 38 5 208 149 91 3 0 48 39 139 154 17 137 32 74 48 12 30 27 0 40 77 77 71 57 92 50 31 51 14 41 14 98 28 24 49 0 106 94 79 6 54 96 5 108 44 115 0 21 66 80 94
46 56 95 0 32 67 80 71 73 42 72 119 8 30 0 28 57 93 18 45 0 0 103 56 152 24 20 28 61 102 7 192 54 81 28 18 27 0 20 7 96 0 9 0 63 47 81 18 0 51 56 28 0 30 126 63 0 48 72 0 0 0 14 19 32 48 127 107 96 52 3 5 16 87 78 54 20 85 40 47 69 165 18 0 9 98 61 0 30 18 4 31 84 73 135 6 72 0 115 21 118 0 63 85 28 126 0 36 65 79 0 79 108 16 128 0 8 0 80 0 48 113 0 90 44 0 27 67 0 4 36 0 72 0 63 0 0 0 63 87 72 32 93 18 102 68 64 19 0 57 42 0 36 12 42 139 0 14 106 18 36 0 56 105 69 159 86 0 21 61 96 24 92 0 0 0 72 95 0 64 12 21 32 4 66 113 18 10 54 0 54 32 36 0 60 105 14 0 111 48 40 121 7 34 6 22 36 46 30 131 57 0 81 105 79 0 9 50 45 111 30 30 7 93 123 104 0 171 0 81 106 30 0 1 0 9 128 89 54 42 17 193 8 20 0 8 36 55 64 13 100 0 32 54 70 28
8 5 119 40 29 21 112 106 85 24 0 0 21 24 117 20 37 0 45 78 199 40 43 77 48 50 3 81 49 35 60 106 26 12 141 81 0 51 24 35 121 49 0 54 72 42 0 104 0 39 5 126 74 0 9 16 30 75 0 24 87 120 62 0 14 30 7 90 32 0 12 0 55 85 19 28 24 8 84 22 0 56 0 138 35 72 78 0 27 3 48 0 24 56 35 40 159 55 64 34 31 3 30 70 135 24 111 0 0 190 0 56 72 136 24 41 3 20 63 64 48 42 0 49 12 23 65 113 14 40 62 3 8 36 138 13 30 80 88 0 53 57 118 0 0 24 0 72 30 48 41 32 32 63 28 43 0 14 75 122 7 67 24 0 0 54 106 0 8 7 58 0 15 30 107 0 66 48 30 3 78 71 0 48 30 24 64 43 42 117 45 77 42 103 60 6 30 0 91 0 65 89 0 58 152 0 69 99 56 4 15 19 78 24 15 61 117 13 30 0 0 72 96 0 56 38 104 0 69 56 46 54 80 28 73 59 176 0 6 61 64 16 28 0 48 0 93 0 0 99 28 0 0 69 0 79
125 0 221 126 49 16 107 247 118 111 0 36 96 159 45 75 51 44 32 102 9 43 0 63 6 83 21 108 47 25 45 138 64 68 85 66 72 63 18 113 27 27 72 58 160 73 128 96 34 14 0 112 111 121 88 5 111 194 65 27 59 21 35 76 12 156 149 38 105 0 32 9 10 7 309 114 62 54 20 74 42 60 136 80 0 54 123 0 139 129 60 138 33 69 130 102 226 0 102 66 121 6 0 0 173 21 150 18 80 78 55 120 33 0 7 12 20 0 121 15 58 28 0 94 42 39 16 54 69 99 36 173 5 66 252 129 38 0 111 0 58 42 73 0 141 42 44 104 65 28 64 30 36 194 0 110 26 32 30 99 69 64 6 85 45 90 68 167 77 16 193 81 268 65 43 28 233 110 57 16 63 234 21 42 112 23 3 181 66 75 124 1 84 20 76 62 37 81 42 84 4 162 48 24 86 39 40 81 8 15 0 67 119 32 69 0 48 109 100 0 86 70 68 99 104 145 123 178 163 72 39 126 84 18 0 48 137 44 38 90 0 79 42 92 39 61 18 132 156 66 90 129 113 111 117 60
62 132 0 63 45 46 4 24 65 23 32 88 113 114 112 101 31 60 48 121 43 9 16 110 73 55 38 49 28 45 0 2 71 92 33 70 49 0 28 69 29 52 32 27 61 70 52 76 0 45 76 49 68 38 64 127 0 75 51 50 44 126 45 3 50 84 130 92 36 125 30 56 0 40 47 0 65 96 52 42 0 91 6 36 74 65 41 90 62 46 32 52 105 82 57 0 86 60 116 66 2 123 30 156 57 32 36 4 63 100 95 91 9 40 141 19 0 5 14 21 123 51 32 10 91 49 42 63 20 20 49 4 49 63 77 31 70 111 32 48 9 30 111 56 0 127 27 42 30 0 6 30 24 22 12 41 0 47 0 4 48 45 47 60 18 115 122 39 54 42 40 80 32 24 49 14 37 19 4 130 0 35 62 0 18 87 20 69 0 112 112 58 25 82 132 41 31 45 21 59 45 23 36 73 15 10 111 30 49 46 14 16 123 141 7 49 55 0 140 8 26 81 0 46 48 12 92 55 60 0 1 29 124 31 18 18 63 14 88 70 68 124 27 15 30 92 20 56 83 36 12 0 52 76 61 30
58 121 121 84 73 74 49 130 12 141 0 174 4 114 83 102 70 27 0 36 84 12 64 16 135 63 72 160 171 49 0 137 104 20 42 9 100 71 89 36 26 0 72 119 127 49 77 159 87 69 73 18 12 36 90 32 90 26 30 0 14 0 54 0 47 77 108 123 36 63 59 23 124 4 72 94 24 99 0 51 14 75 163 112 154 28 36 30 192 0 48 134 140 92 40 33 21 86 69 265 32 173 60 52 104 87 70 99 33 84 45 25 59 30 24 78 36 55 50 60 45 70 6 119 77 84 0 0 125 69 81 71 79 54 50 7 35 78 6 0 206 62 86 7 91 94 0 102 65 56 90 98 52 129 36 81 66 105 32 95 57 74 34 0 99 54 0 36 138 97 164 21 210 35 130 103 48 147 53 65 0 80 20 0 75 54 68 142 70 106 14 84 83 36 89 140 28 9 125 0 40 113 81 81 139 64 50 122 40 123 54 0 207 28 0 76 8 90 60 88 45 56 78 28 125 95 233 45 0 0 51 104 0 155 78 72 22 16 162 72 77 81 0 120 36 0 0 67 0 72 132 54 31 51 120 96
48 23 16 56 41 53 52 43 176 14 36 26 88 30 29 24 177 0 34 58 4 46 10 43 35 10 52 10 47 48 37 9 15 91 28 70 12 62 60 8 0 9 44 27 66 58 58 29 49 0 8 72 88 48 41 167 7 31 12 12 24 56 88 4 6 21 192 132 82 20 36 0 65 111 24 0 15 92 30 48 9 107 0 21 160 24 52 144 4 37 12 75 12 0 59 82 14 20 30 77 18 0 30 138 85 99 24 12 63 118 64 8 65 93 16 15 0 70 44 0 64 77 88 43 47 0 0 84 60 19 19 14 154 0 47 32 59 0 0 3 83 119 129 104 8 148 15 121 122 18 64 56 66 36 11 69 0 71 21 34 11 24 15 53 168 34 39 159 8 64 105 73 71 85 107 40 51 14 45 0 72 25 67 0 132 0 77 120 185 55 28 0 53 46 43 138 59 32 30 0 0 69 16 88 106 5 17 92 59 0 2 72 40 28 60 12 0 100 188 16 0 30 141 24 21 34 59 167 56 16 71 6 63 0 8 16 152 75 88 16 82 28 38 32 0 48 0 92 113 72 0 40 0 60 27 40
94 18 22 90 85 190 17 64 12 37 14 83 9 93 35 67 77 67 72 18 54 82 0 147 42 12 81 4 48 129 51 32 141 30 36 113 99 83 24 130 70 175 21 9 235 3 180 24 88 8 129 49 48 14 4 145 102 48 60 109 25 72 54 51 155 80 117 110 59 120 25 53 87 40 72 65 11 211 20 147 91 175 55 59 93 99 121 38 94 13 184 2 71 4 81 27 84 0 92 28 37 24 93 21 107 132 29 40 94 3 54 47 30 46 59 56 72 20 41 15 248 88 27 62 10 103 8 8 142 9 0 72 116 0 81 83 0 40 84 0 47 33 125 127 18 71 18 0 0 128 112 70 132 7 68 72 8 127 24 36 221 193 7 51 30 63 52 19 130 129 163 77 86 0 167 15 61 108 70 0 144 28 30 82 81 12 74 18 56 23 10 7 6 56 79 148 39 116 144 202 101 63 16 85 28 36 99 100 3 39 32 135 154 24 37 45 18 128 127 18 12 152 106 0 126 104 193 47 138 27 24 3 143 36 7 41 46 45 79 67 18 98 76 15 155 100 64 103 18 28 63 36 0 75 154 27
131 183 92 57 42 47 114 76 84 35 38 127 44 0 177 10 109 39 42 84 98 39 94 105 16 138 96 93 19 85 62 162 143 28 63 129 125 136 70 50 95 85 166 119 123 109 155 147 123 42 57 130 118 162 198 103 73 161 40 108 27 69 50 56 42 127 55 40 162 117 27 60 60 88 151 12 156 33 141 61 50 171 70 85 179 30 24 186 76 79 119 190 26 42 125 126 68 90 287 59 150 0 104 51 149 63 91 6 164 146 70 30 108 119 65 86 63 64 74 24 265 0 109 88 52 64 12 36 149 218 226 2 110 89 70 108 28 50 28 0 70 99 152 82 58 80 164 95 21 115 120 0 178 91 28 106 84 71 10 132 94 131 69 24 21 86 162 118 87 55 76 97 137 28 12 98 72 53 30 138 0 113 79 35 134 24 45 82 53 51 105 77 0 38 64 137 10 35 81 86 24 74 120 160 234 68 147 79 246 103 26 54 82 76 45 46 98 9 26 26 7 33 155 60 96 44 194 231 40 36 25 110 29 76 106 177 178 96 56 78 121 164 5 89 48 124 15 138 24 138 87 9 151 66 118 158
138 108 76 75 177 48 157 85 48 79 52 105 95 107 106 96 75 71 88 67 50 81 18 96 38 0 49 73 190 50 22 58 22 47 85 134 126 24 142 174 79 12 126 94 234 32 105 52 30 112 0 4 47 186 65 91 127 24 68 21 176 104 43 36 57 0 159 119 113 58 108 19 30 53 102 73 176 101 111 60 64 61 99 40 84 86 129 144 159 44 46 202 105 89 69 122 36 142 181 141 18 107 12 56 29 66 95 32 153 103 24 87 75 62 25 149 92 9 35 42 70 70 49 20 105 72 42 40 116 100 12 23 30 174 24 53 21 75 150 45 120 132 103 111 59 82 82 220 42 30 40 86 143 137 11 49 48 23 101 59 54 158 90 68 0 143 120 23 0 63 134 33 149 97 134 48 38 99 89 8 60 177 137 21 108 218 9 98 65 201 224 100 6 44 167 136 12 98 78 12 316 179 171 74 80 31 138 120 158 72 80 52 258 173 27 82 9 110 57 187 86 2 90 107 0 222 78 97 51 85 145 127 321 166 114 116 37 131 72 16 63 130 119 103 76 39 48 99 7 82 94 104 79 154 108 152
7 45 0 115 58 110 49 2 45 169 125 3 134 66 183 78 49 74 21 54 5 62 34 72 23 42 16 159 52 40 7 38 69 22 26 7 66 52 23 35 0 43 30 69 21 32 18 73 31 26 55 12 32 12 88 40 118 168 18 81 34 187 22 114 97 51 110 49 20 90 148 63 4 64 27 44 27 162 43 34 92 24 52 25 22 30 79 21 29 1 72 110 19 42 156 28 112 4 59 161 36 4 107 49 60 75 28 0 42 2 58 43 36 2 98 66 76 57 22 16 26 107 33 22 52 25 88 88 106 60 15 0 43 75 42 18 90 6 109 25 0 117 55 24 74 24 10 70 7 102 122 21 98 90 21 61 45 1 13 91 88 24 21 35 8 144 64 0 73 237 171 52 26 34 27 110 72 13 18 126 35 175 26 0 14 36 22 54 19 32 142 103 50 56 0 52 0 98 109 27 36 33 42 166 34 45 46 11 45 0 68 198 71 14 8 36 32 75 69 0 25 28 59 20 25 117 89 52 102 0 55 103 62 100 32 36 113 3 24 6 31 57 28 56 28 11 36 16 48 79 51 33 43 109 72 158
26 18 0 87 116 12 121 159 120 215 30 179 16 85 82 120 98 114 39 54 27 10 64 107 44 71 54 48 71 77 95 263 84 65 61 108 93 84 90 64 73 32 32 77 54 104 88 10 60 75 0 96 59 204 113 146 80 96 55 0 14 43 72 29 113 46 60 114 69 72 49 0 15 97 256 79 143 40 56 182 104 91 62 112 119 157 107 129 152 76 95 76 137 49 31 163 97 0 144 70 30 78 134 145 56 158 33 28 67 98 29 5 120 90 67 17 4 34 167 0 158 56 65 58 78 171 52 52 61 0 43 85 215 141 92 10 52 0 141 17 8 64 76 39 90 108 40 142 104 35 25 35 77 85 4 54 24 58 127 32 94 96 80 42 102 112 90 63 0 176 72 77 178 41 132 116 134 67 8 0 127 82 107 4 133 33 7 116 140 105 60 27 114 16 110 276 35 52 130 65 34 0 48 125 137 50 81 149 126 49 76 64 95 146 60 0 86 66 0 202 20 179 37 152 30 202 39 161 74 94 180 88 86 4 88 11 96 178 27 86 78 183 4 110 63 7 0 65 81 21 85 45 158 215 164 184
144 92 261 215 24 12 36 48 96 147 90 77 12 19 220 93 65 58 51 210 97 68 118 40 172 117 94 227 162 1 38 125 71 78 20 27 76 10 101 179 146 63 54 62 209 123 63 106 86 16 30 26 28 6 0 101 72 87 67 21 18 188 64 128 83 52 226 297 134 106 69 8 63 78 256 56 70 150 53 67 0 132 7 20 156 118 98 163 240 0 0 122 105 118 45 98 162 24 169 121 60 16 80 119 71 111 81 0 36 120 35 134 102 105 157 27 75 133 18 68 239 114 100 82 104 96 45 60 125 91 29 68 84 75 174 97 45 66 37 9 0 144 90 112 20 167 10 148 104 68 42 87 207 107 72 168 24 17 5 39 54 122 67 38 73 10 24 142 12 68 160 54 141 0 135 48 140 54 15 72 48 82 141 64 59 81 40 132 66 100 25 94 56 86 26 165 55 181 107 14 49 110 41 116 107 90 88 62 54 119 19 122 97 54 58 14 61 57 120 61 91 24 106 26 82 139 210 117 66 49 77 168 93 81 126 141 82 72 110 251 223 34 9 0 92 1 38 35 164 98 69 25 15 180 109 101
106 24 72 44 9 0 0 48 25 135 5 14 0 10 3 16 64 27 48 0 62 42 104 0 56 83 40 120 115 76 0 82 0 28 27 79 64 15 112 130 72 150 38 131 93 14 25 3 10 48 63 40 58 42 0 56 83 18 98 25 46 6 10 71 67 69 56 120 77 72 10 0 35 147 90 15 0 146 34 28 45 0 9 0 131 0 43 126 127 9 63 45 68 48 54 6 0 44 37 54 0 42 24 100 6 0 53 0 0 81 0 33 16 7 14 58 20 43 24 6 0 32 112 22 21 24 31 0 81 48 0 37 0 27 81 32 80 30 81 9 16 131 0 25 36 10 0 48 14 83 0 4 184 54 72 164 0 118 22 2 39 108 6 28 43 16 51 196 0 45 61 21 61 0 2 14 54 18 23 7 62 25 31 0 67 84 21 61 14 36 0 69 10 17 0 106 82 21 35 30 64 0 55 41 130 48 2 5 86 56 2 53 85 0 14 23 32 18 27 9 0 22 10 21 70 23 109 162 107 0 39 163 56 75 65 59 10 84 47 127 24 49 54 24 4 41 3 10 0 0 30 121 32 24 96 55
44 54 49 186 88 140 63 118 147 33 114 48 101 117 84 102 115 124 0 100 121 162 100 11 57 178 99 198 88 131 108 165 189 41 216 37 36 9 54 54 113 104 87 69 72 97 100 64 139 95 13 125 124 35 9 176 136 166 76 153 103 94 37 96 70 75 87 16 94 71 112 112 44 92 54 91 107 188 182 42 9 113 66 3 123 70 189 49 192 90 84 110 150 66 158 100 100 135 163 120 18 58 137 59 250 204 85 25 90 118 85 115 62 26 176 67 118 149 51 145 228 117 25 10 93 77 38 128 80 116 31 100 90 49 148 55 63 84 197 54 70 73 169 85 75 123 88 51 158 104 57 27 64 333 19 84 52 13 156 133 122 39 198 6 161 51 248 78 73 146 231 75 101 35 40 177 131 237 21 167 30 121 60 0 245 90 223 148 138 88 29 42 15 12 36 52 17 149 48 56 94 192 101 37 218 90 100 144 63 68 42 139 34 170 3 71 107 18 104 7 57 17 66 73 26 87 100 152 68 57 72 134 25 55 50 134 101 35 236 53 251 77 83 82 94 46 161 79 96 158 99 103 46 105 135 76
0 24 27 171 69 169 48 4 80 4 68 28 70 40 47 46 104 3 64 15 62 12 26 23 108 90 39 53 130 45 152 7 70 51 42 0 45 20 54 32 39 64 11 99 8 121 54 39 123 0 46 18 71 63 99 87 27 48 60 77 124 54 30 157 65 169 106 2 32 99 30 15 10 42 21 47 24 58 18 12 97 32 106 95 12 35 93 7 0 61 55 64 16 28 0 0 30 0 36 207 61 60 32 36 27 108 46 0 40 29 46 15 42 54 48 56 67 26 25 6 86 103 87 19 44 42 95 12 72 128 18 20 171 42 53 63 53 54 60 74 104 97 83 40 9 50 0 86 115 45 75 9 14 102 61 0 56 0 111 26 28 65 153 96 18 86 9 2 22 87 87 130 56 146 89 213 203 40 18 0 0 130 31 14 49 3 29 46 40 12 5 64 89 32 182 174 67 23 15 48 4 0 83 32 115 60 75 58 90 23 154 22 82 15 237 45 107 18 44 0 42 71 84 119 59 0 77 76 0 0 125 76 60 54 21 18 177 64 48 65 28 81 56 0 133 24 72 57 108 113 128 8 24 52 67 201
26 21 62 18 15 69 5 28 27 10 54 24 3 67 71 15 185 15 0 0 36 16 12 10 68 25 16 5 54 0 24 33 8 42 0 70 0 15 0 95 55 54 2 65 27 28 0 54 75 4 50 18 54 76 18 170 69 32 16 117 0 107 6 12 26 3 83 86 88 18 89 5 0 0 44 0 16 108 40 51 35 74 6 0 60 0 30 91 0 39 9 7 24 0 10 26 6 0 23 0 42 42 13 45 49 16 18 0 27 0 0 12 48 0 121 45 29 0 65 0 30 39 42 46 54 40 12 18 54 53 0 36 100 0 42 101 25 73 41 105 0 28 75 16 15 43 83 0 24 11 41 64 34 30 36 40 10 36 12 13 36 0 60 53 77 9 24 5 0 72 135 0 36 38 20 0 84 53 18 24 72 55 18 0 110 9 12 89 0 47 165 74 23 99 0 0 81 36 18 18 0 72 0 54 25 0 30 28 63 40 7 15 47 10 8 6 79 0 45 0 35 36 80 0 85 0 24 5 0 6 123 8 27 5 0 48 168 24 24 61 3 124 56 119 10 0 0 35 0 52 140 16 30 51 100 45
73 0 36 0 6 42 36 70 122 9 30 104 9 31 18 16 33 0 23 30 60 57 26 11 35 12 2 16 3 8 28 70 56 4 27 0 66 64 6 82 24 60 32 0 142 41 15 32 32 42 49 60 60 56 8 32 63 8 0 30 9 4 36 24 49 0 74 96 1 24 39 88 24 15 107 49 28 92 23 0 0 6 35 18 104 9 22 48 49 24 71 40 65 0 90 48 29 82 169 28 2 0 5 36 90 64 12 0 45 34 0 32 109 28 0 9 30 40 48 0 7 0 1 35 18 72 46 0 74 30 24 54 9 0 168 29 0 49 7 0 8 0 40 95 36 0 30 0 10 42 0 24 6 49 80 11 0 44 44 54 104 0 67 0 11 35 61 24 0 0 102 66 85 84 20 96 5 81 42 0 25 64 0 63 84 27 15 57 12 7 3 0 8 23 3 141 87 0 42 70 0 120 35 7 0 0 102 24 14 35 0 36 179 16 18 18 70 18 8 21 61 45 7 0 60 36 104 107 54 148 0 16 21 98 0 45 102 24 0 8 45 30 4 1 0 16 0 7 0 57 17 74 0 8 148 75
84 104 115 77 21 9 26 26 0 0 40 18 51 32 60 7 25 50 123 81 99 21 0 114 82 71 68 93 0 125 0 75 43 71 0 30 48 0 32 85 14 0 7 76 45 26 40 14 35 120 118 77 139 72 52 120 0 29 56 49 70 42 27 61 151 55 0 154 14 18 26 14 70 71 50 90 97 40 96 78 0 101 138 27 92 145 106 122 63 62 8 0 51 37 72 82 82 131 69 63 94 54 16 50 99 3 176 3 74 54 43 119 24 65 32 69 79 4 89 2 90 111 97 51 59 13 4 62 42 18 18 0 48 96 101 74 32 0 125 0 12 30 14 30 71 0 92 0 76 78 36 28 57 36 61 72 20 53 0 33 14 84 62 124 47 100 84 10 151 3 110 4 21 25 0 97 0 0 8 0 47 82 63 147 62 3 60 195 2 58 0 24 130 54 36 27 8 6 85 71 127 145 68 98 110 0 54 7 10 131 16 59 90 30 82 32 68 0 10 60 49 85 32 0 122 28 23 35 108 82 129 102 105 78 54 57 30 30 48 168 169 34 16 46 113 86 46 12 88 74 0 6 109 78 31 71
60 89 45 27 81 126 12 156 55 86 30 108 100 80 53 40 150 27 53 26 37 4 64 51 87 33 71 101 0 107 88 116 33 16 0 10 40 45 30 28 62 135 106 68 0 48 21 70 28 20 0 10 77 0 86 112 51 4 37 60 28 4 9 0 122 90 68 92 91 44 10 77 25 73 55 45 142 144 49 12 92 12 99 98 64 98 39 0 80 121 55 52 166 74 76 18 45 14 149 114 48 0 60 126 51 141 118 7 0 28 67 20 54 147 27 45 35 0 8 9 100 56 109 106 16 2 63 0 16 135 62 120 136 48 0 62 112 0 78 86 27 64 32 81 52 46 161 110 0 119 172 19 112 142 4 89 14 6 70 0 108 84 94 86 104 74 76 10 0 75 12 52 14 25 36 123 79 121 54 6 8 81 44 83 70 63 29 21 54 9 54 12 33 21 101 281 5 42 104 208 0 54 58 6 60 98 0 35 116 71 0 75 126 78 19 14 22 90 54 6 65 105 18 42 42 94 30 42 54 18 102 72 110 166 101 0 24 214 0 205 14 32 8 75 44 18 64 108 14 91 72 30 48 18 108 94
90 41 148 81 59 24 90 114 56 96 39 140 18 80 83 6 55 29 13 9 71 102 3 124 113 111 63 187 87 4 41 117 143 0 8 4 153 130 97 82 24 87 102 174 90 48 49 159 3 52 36 62 144 27 44 26 83 58 72 0 96 89 0 8 116 126 65 100 144 61 6 40 32 17 129 8 36 0 73 28 56 69 112 91 112 34 26 51 146 97 58 211 95 82 243 49 6 0 203 80 109 71 0 74 71 52 215 0 40 42 0 21 53 40 61 127 52 64 72 21 40 131 29 113 126 45 24 45 117 38 126 93 105 14 88 110 49 0 163 154 85 47 59 17 120 105 32 92 76 36 56 28 83 86 31 96 45 14 65 33 56 170 4 128 18 60 21 19 8 74 120 27 114 50 37 19 120 131 5 52 48 99 70 35 85 40 52 114 190 21 123 62 0 110 110 259 64 29 53 6 24 124 0 18 250 136 21 86 30 99 6 30 56 19 75 19 53 31 23 0 0 67 54 40 74 163 131 114 52 79 92 144 8 107 147 47 140 91 93 128 24 33 16 135 99 3 43 48 115 91 133 141 24 63 155 250
49 63 229 0 66 174 41 41 64 9 72 116 17 90 43 116 41 37 131 213 24 54 71 6 54 86 36 0 58 129 70 144 73 0 118 67 46 82 52 62 133 112 56 34 99 42 66 102 24 46 0 61 15 10 79 54 18 51 109 6 33 54 24 40 20 19 63 111 90 0 96 61 18 72 24 129 11 7 89 114 69 151 59 11 70 198 55 42 227 20 0 86 115 56 69 4 54 5 149 152 139 33 0 80 134 75 51 12 10 0 44 38 68 88 83 75 156 25 40 38 15 43 14 117 40 115 124 50 24 48 73 30 0 0 154 106 51 86 25 70 108 40 30 72 101 15 111 14 45 126 48 7 9 99 75 0 8 8 77 16 6 164 92 50 0 205 139 61 0 30 102 96 166 81 51 72 40 184 64 134 127 176 24 54 49 49 90 102 104 109 21 58 20 20 107 32 45 60 182 131 32 5 72 65 35 35 138 60 109 128 94 50 162 2 215 15 39 107 188 8 42 18 74 76 116 50 120 191 0 63 36 8 116 26 0 30 15 87 209 91 93 30 121 56 108 111 42 118 13 56 57 24 28 170 66 51
0 50 101 42 91 28 30 60 92 49 0 71 48 48 46 62 7 77 30 47 107 123 94 83 84 6 24 45 29 16 5 92 84 51 81 87 67 95 36 33 31 106 6 46 29 0 60 21 85 79 44 4 56 24 57 81 6 36 47 30 13 88 0 59 76 78 75 38 58 43 1 80 35 33 75 14 28 55 61 18 59 87 63 19 64 59 0 12 69 33 21 68 79 48 202 88 3 0 20 75 24 0 6 90 5 80 42 51 15 117 21 56 18 5 0 54 84 26 55 0 85 111 23 6 51 8 27 52 79 8 32 30 119 15 147 13 72 104 144 39 17 18 109 16 35 69 29 36 68 41 24 9 58 53 46 66 52 0 7 67 0 50 70 0 6 101 111 49 8 17 44 0 28 18 100 21 30 28 2 0 36 44 88 8 2 75 14 102 105 141 50 92 0 12 81 71 88 40 51 41 70 16 42 36 27 49 52 123 81 30 0 66 23 72 47 2 121 25 102 8 3 89 25 9 69 136 125 88 10 22 39 0 24 6 44 88 45 9 43 47 19 106 107 6 5 0 25 27 64 31 108 30 15 22 85 44
66 83 124 14 86 27 33 139 0 54 34 109 56 84 64 87 107 51 11 116 3 16 81 6 148 149 75 112 126 183 24 64 113 20 158 68 44 0 73 74 35 51 31 100 142 118 95 12 56 9 13 46 27 7 136 45 62 55 0 46 31 51 53 84 152 106 153 85 64 0 96 35 127 32 164 111 145 73 64 27 30 38 78 7 46 31 88 12 117 59 7 80 110 62 166 3 119 112 158 112 35 71 86 28 74 245 82 54 57 90 151 40 60 108 70 103 65 85 88 98 129 200 97 44 163 95 94 56 89 72 72 31 163 74 0 102 97 155 30 0 90 64 34 80 0 161 163 42 94 88 32 67 30 173 54 172 15 18 42 46 75 115 90 76 72 65 41 6 108 68 90 90 176 68 30 140 9 98 166 27 30 44 110 30 111 72 80 0 207 43 67 56 0 84 102 102 24 66 126 76 0 136 7 109 35 111 55 94 98 56 95 39 97 97 76 20 74 23 116 19 0 4 86 4 91 40 85 16 35 49 16 47 24 27 213 120 125 119 70 60 22 4 90 163 62 114 0 191 0 49 70 49 131 162 56 49
0 0 54 0 47 23 0 116 74 40 25 114 73 10 15 122 46 51 54 38 0 54 16 24 0 122 80 64 9 0 0 25 84 51 48 94 20 0 54 36 53 24 54 0 75 27 102 15 0 24 69 19 29 63 0 140 120 72 36 6 13 63 105 0 53 27 178 37 72 14 30 30 48 65 52 160 72 24 1 6 0 45 66 55 33 0 15 99 122 12 43 60 10 72 119 24 75 53 54 149 36 6 62 101 105 39 20 0 94 2 16 87 57 0 6 6 75 8 153 30 47 27 34 54 14 73 81 53 42 52 4 0 54 124 54 59 147 97 43 64 60 0 87 166 36 16 26 60 110 60 61 85 97 0 52 32 0 15 78 41 63 69 54 18 26 139 28 7 24 42 114 140 49 143 36 0 27 49 118 46 26 175 77 21 75 0 35 77 0 54 12 18 7 72 176 60 96 43 105 57 14 27 4 0 81 83 58 71 88 0 0 0 104 46 125 0 89 0 123 0 72 56 78 135 70 24 76 32 57 49 16 8 34 36 163 9 0 44 15 0 0 21 136 21 56 125 77 0 12 79 65 18 0 124 45 0
105 0 15 92 111 70 100 74 39 29 74 29 27 42 142 22 37 40 36 68 54 88 86 81 40 123 0 6 17 77 49 88 24 81 160 28 9 30 56 49 42 0 34 24 28 31 36 24 200 48 12 116 156 39 89 18 46 79 34 28 45 35 5 18 87 56 126 0 36 52 42 26 16 129 16 0 68 10 96 105 90 108 46 148 25 37 8 33 27 134 95 249 51 41 20 90 136 76 91 55 66 90 77 32 175 47 64 54 97 114 64 48 25 30 50 4 15 114 95 40 256 39 6 66 61 81 78 48 86 85 25 164 152 26 9 56 63 83 105 72 16 33 122 60 52 74 91 0 90 12 64 8 83 113 12 28 47 0 125 46 34 48 102 12 6 85 189 83 30 13 97 68 94 20 8 8 84 138 36 27 0 56 63 70 54 4 105 41 33 97 74 14 46 16 41 31 23 12 28 15 51 114 16 0 36 44 45 53 170 28 96 0 23 18 25 36 116 26 100 40 108 20 108 6 58 5 10 26 44 49 33 92 89 25 137 125 347 72 0 62 76 116 16 73 24 60 80 32 48 42 78 72 111 40 85 97
95 0 0 63 123 98 174 108 7 0 28 158 0 165 158 24 77 133 119 90 63 3 62 58 60 72 46 108 69 27 48 144 54 0 130 60 42 3 6 74 0 12 0 71 84 74 64 8 34 62 52 123 111 58 59 115 57 55 68 88 35 66 0 45 54 107 82 48 89 133 36 18 45 27 90 57 63 177 79 6 0 57 20 63 27 21 53 49 46 24 160 101 79 0 0 91 36 138 182 18 63 42 97 63 81 37 35 0 108 30 0 15 27 18 71 71 54 2 78 0 74 72 62 81 74 47 18 4 47 135 87 45 96 34 130 39 9 54 114 6 3 9 105 12 0 87 65 18 26 6 0 0 89 65 28 18 0 77 0 54 156 8 126 78 0 88 156 33 102 72 129 68 18 30 37 3 94 59 51 64 12 4 120 24 81 118 0 9 84 35 112 3 15 82 144 124 145 72 34 51 33 12 0 101 0 69 177 24 97 0 34 121 88 111 45 60 45 10 121 16 0 51 27 15 12 28 36 139 6 0 6 42 120 8 72 14 122 42 33 116 15 70 16 72 78 6 48 168 5 28 26 57 123 27 93 139
24 143 27 8 208 28 105 110 25 0 25 50 96 145 103 14 75 95 66 49 60 0 73 4 58 4 30 19 93 60 80 140 61 105 71 50 24 24 69 70 75 54 0 9 60 91 151 161 35 32 48 149 22 43 56 68 0 52 89 22 0 74 45 44 171 14 2 63 39 72 3 76 27 78 159 12 36 30 54 15 140 35 70 92 47 22 51 35 36 24 114 71 56 36 54 3 14 92 35 101 151 28 88 24 40 173 54 54 0 58 66 61 144 13 123 38 90 92 8 53 41 94 70 72 29 53 36 6 66 36 43 64 85 21 0 82 129 81 99 40 0 12 105 158 72 131 148 108 62 101 100 62 96 111 5 130 0 49 119 80 12 12 6 46 56 111 83 10 0 75 50 126 127 0 24 98 40 29 9 64 8 53 34 9 150 2 7 96 27 30 60 93 0 67 54 37 34 72 66 34 38 38 24 51 92 30 78 136 51 63 81 52 28 94 63 37 94 84 83 72 0 20 152 81 28 88 58 76 76 89 98 60 24 0 125 16 52 131 24 82 28 163 79 86 51 0 64 115 6 54 73 26 86 77 28 129
116 8 40 8 42 23 38 86 86 32 117 66 14 76 12 110 126 40 114 102 0 28 91 49 0 43 18 0 188 26 13 157 0 14 162 7 81 20 89 67 0 71 44 32 97 46 35 65 1 42 4 89 23 54 83 36 12 105 30 15 139 56 56 111 0 31 157 83 135 27 112 0 32 15 27 118 12 40 74 55 0 73 66 0 83 65 106 58 65 28 45 51 129 68 119 63 40 37 71 45 17 2 0 56 52 126 30 5 52 40 109 124 33 23 26 32 40 69 16 86 7 86 0 0 60 64 72 206 42 8 72 63 6 63 47 24 56 97 64 0 102 78 21 18 4 24 18 0 0 12 74 104 16 117 33 146 51 0 85 70 27 42 47 8 108 104 50 51 125 53 188 14 75 42 76 49 115 125 64 35 76 89 39 24 23 42 98 35 120 58 132 33 24 83 5 59 30 56 25 41 16 75 30 79 0 0 32 0 16 0 139 68 34 0 81 41 59 115 147 23 0 0 112 30 58 141 61 24 140 8 40 101 74 41 0 54 85 18 9 7 15 35 89 86 147 0 60 172 50 197 0 36 40 90 111 81
18 0 28 72 10 22 0 121 63 0 9 15 14 102 30 85 22 12 24 0 42 6 0 58 0 132 18 23 35 9 40 63 9 10 0 7 15 65 37 8 30 0 64 0 2 48 0 84 0 41 0 0 64 54 66 67 4 7 0 15 23 0 6 20 4 43 0 0 20 58 0 0 63 129 2 49 9 0 40 43 8 30 131 10 3 21 10 5 120 14 15 82 70 19 10 23 10 0 6 63 0 0 4 58 64 116 10 0 0 33 18 32 62 16 9 35 3 5 30 0 16 21 42 84 21 15 83 16 25 16 0 30 5 69 94 122 77 6 34 1 0 0 35 0 96 5 130 91 9 0 0 55 20 72 44 63 5 0 16 35 30 0 45 0 112 147 47 0 2 68 72 51 48 54 41 14 58 64 0 0 0 42 9 10 174 48 6 84 40 52 13 0 30 63 51 18 0 0 82 1 59 21 9 10 17 0 10 0 3 45 13 0 35 61 68 0 135 39 0 48 5 0 36 0 25 112 72 80 0 14 21 75 40 14 14 42 87 0 66 32 51 94 40 93 51 0 14 54 9 22 0 26 8 50 46 106
59 122 58 89 56 56 52 45 232 42 40 14 45 83 18 38 74 112 33 82 42 86 35 180 24 35 30 32 81 90 84 155 44 36 167 80 14 95 97 4 54 109 46 48 72 84 32 98 82 12 7 32 60 87 108 8 129 49 71 132 49 52 40 135 12 135 8 0 50 100 34 68 69 85 18 75 0 64 52 66 36 168 80 64 108 80 66 37 128 16 28 48 160 45 90 145 45 71 114 75 42 86 104 98 123 145 109 0 63 67 73 38 51 62 28 81 8 14 122 56 48 56 46 38 88 135 40 65 59 63 9 86 81 107 126 81 14 73 180 13 24 86 55 44 57 8 11 109 118 0 60 78 40 156 60 92 0 42 59 87 5 27 115 82 42 78 42 81 29 14 40 139 40 131 128 84 146 148 28 4 19 200 95 0 104 40 49 262 98 132 25 36 48 40 20 48 18 21 72 9 24 70 90 22 162 55 25 147 117 0 32 55 83 62 77 0 62 31 24 4 51 14 78 96 158 83 141 154 13 54 17 102 81 12 29 9 78 130 8 42 114 120 101 20 35 124 63 44 17 56 68 64 0 79 112 156
151 10 8 86 64 25 89 61 16 28 6 103 49 7 4 42 87 49 9 56 80 0 31 74 46 137 2 97 48 81 0 24 27 80 9 99 0 8 4 191 77 12 36 9 81 115 74 0 8 7 2 8 60 10 4 16 11 39 69 85 0 72 2 0 48 17 23 32 45 0 48 0 21 82 40 0 2 4 0 10 6 0 32 0 0 45 0 127 72 3 12 113 14 6 48 22 14 14 50 32 12 26 63 0 24 0 34 41 41 87 0 44 65 108 0 64 2 0 2 56 10 0 0 24 74 25 0 8 54 55 9 2 49 84 27 62 98 61 0 54 0 148 5 48 0 0 26 103 16 0 2 49 101 76 16 16 1 12 14 18 0 0 14 47 56 44 10 50 13 0 78 45 70 38 0 110 16 6 87 48 0 59 0 3 129 138 0 2 103 66 31 110 40 56 0 11 2 13 6 14 56 110 76 72 0 0 67 0 81 3 21 0 26 19 36 17 7 18 101 0 8 0 37 0 22 38 63 15 0 0 75 115 49 64 21 0 55 8 56 54 14 32 96 62 0 14 93 44 3 6 0 72 0 16 10 0
8 80 63 2 108 9 19 54 8 12 48 102 18 6 124 35 56 0 0 19 48 84 51 18 7 5 63 43 37 42 20 72 58 37 201 4 66 14 120 56 0 0 36 55 54 4 91 23 51 35 13 72 62 0 39 28 113 15 3 0 194 94 10 5 42 18 7 45 0 0 27 5 7 42 15 0 0 59 68 15 36 14 63 61 128 81 102 10 25 0 97 47 0 0 45 0 58 93 202 131 38 40 75 116 85 0 44 0 63 7 34 80 87 25 19 2 43 47 0 21 14 6 56 21 112 121 117 30 32 44 77 73 50 26 31 70 35 0 0 8 136 33 145 115 3 113 18 10 8 21 48 8 79 143 8 50 0 10 53 60 63 38 40 54 6 0 93 99 2 12 95 37 25 23 135 0 45 53 60 14 51 162 0 77 14 0 89 43 6 63 98 20 60 49 106 38 3 28 64 0 0 56 18 71 74 37 133 58 137 70 21 30 51 7 8 10 35 42 55 42 25 48 69 54 28 43 27 15 105 0 88 105 61 15 73 54 54 92 93 39 54 5 6 90 30 39 9 84 88 8 87 0 0 86 78 57
11 35 109 71 178 25 97 120 55 84 116 123 18 114 106 39 60 33 72 123 65 12 4 110 130 98 73 172 94 148 7 64 45 134 26 12 187 9 78 112 51 45 81 81 6 133 65 12 81 62 10 162 63 24 130 49 42 149 50 0 199 52 11 27 32 42 139 90 32 133 0 12 26 83 236 2 250 116 0 165 95 51 58 159 18 74 186 2 58 25 78 232 15 89 99 71 137 72 51 89 111 128 85 36 48 94 14 68 57 94 0 42 54 39 28 39 76 20 109 3 149 151 83 73 127 81 0 89 136 38 11 10 63 6 36 21 120 47 67 31 8 56 39 69 119 35 142 69 86 42 0 21 69 15 44 171 38 60 45 12 74 37 61 54 80 27 44 109 34 100 90 10 101 9 5 128 125 73 61 63 5 58 62 71 169 45 12 56 25 53 75 13 76 45 148 171 33 83 36 63 0 65 51 45 44 86 146 148 88 71 104 27 27 65 118 18 101 86 88 32 119 108 83 26 0 26 42 74 21 27 107 86 130 84 203 66 146 48 34 126 93 24 49 95 48 66 48 167 8 32 32 90 131 97 65 213
69 155 45 8 71 39 96 22 75 24 8 4 30 142 43 72 173 27 107 7 50 32 0 34 36 75 0 68 102 12 10 43 114 48 59 34 0 37 117 28 105 34 63 34 56 55 37 154 0 0 45 79 47 0 30 48 138 154 75 24 72 106 202 12 156 0 89 51 139 105 0 50 28 126 104 20 16 41 56 55 76 57 16 14 21 8 96 152 32 13 115 97 68 17 21 52 6 111 71 24 52 80 26 22 96 146 56 9 29 88 88 85 26 86 93 7 47 64 22 113 107 80 49 19 132 16 83 68 0 72 0 0 27 21 24 59 65 0 50 28 0 58 1 247 12 118 55 37 0 2 67 49 124 50 2 45 8 20 90 35 0 84 103 11 89 109 85 99 63 144 63 118 66 115 0 47 70 25 12 303 65 67 67 64 0 12 15 95 22 8 5 98 122 76 68 52 65 0 49 9 64 76 0 29 80 72 5 21 101 54 4 72 78 242 24 28 181 21 49 42 0 19 112 2 51 0 92 52 86 10 72 103 42 40 97 40 101 71 3 87 57 0 4 4 102 8 0 42 109 33 27 7 0 100 3 44
132 3 22 49 31 21 19 30 13 106 0 70 35 0 6 10 74 52 24 126 0 12 5 27 0 10 16 159 30 77 48 16 9 35 0 93 144 51 12 40 0 66 0 68 2 42 43 21 27 35 12 35 50 30 14 39 42 79 6 0 85 49 7 53 22 51 5 69 5 48 39 2 54 0 149 14 55 79 22 32 0 30 139 18 24 105 87 35 74 9 32 0 38 0 66 40 65 0 168 73 84 9 10 43 90 40 84 0 58 0 45 28 135 26 33 32 33 25 16 0 88 94 45 20 7 76 0 37 91 45 113 40 65 49 69 45 35 24 117 3 0 29 83 32 25 35 62 48 28 18 0 35 39 0 27 82 0 85 46 63 49 59 16 0 1 13 55 39 23 19 15 15 180 18 6 66 75 44 45 35 45 183 46 60 15 42 7 59 63 18 40 0 5 60 67 79 42 37 18 15 0 77 72 64 2 15 175 25 73 18 8 0 91 88 63 44 50 31 35 46 9 39 20 21 98 141 16 49 55 107 43 0 15 14 131 6 72 30 20 42 28 119 47 58 36 79 83 0 40 77 9 72 54 105 0 58
16 71 187 19 20 94 94 39 47 63 7 119 110 39 41 28 58 46 59 58 76 15 43 163 149 50 5 99 72 48 34 100 56 113 62 104 40 24 52 60 117 28 45 27 90 60 6 91 107 8 7 46 143 0 111 129 154 72 55 88 96 158 38 0 119 0 75 45 114 144 70 110 62 20 69 24 24 48 66 37 21 69 42 80 97 0 92 0 118 0 45 94 110 94 66 112 32 0 53 72 62 8 12 41 110 32 24 84 117 180 81 35 123 28 86 16 57 45 12 25 77 92 20 28 92 55 53 54 14 82 0 57 22 30 94 84 129 24 10 70 175 22 135 0 25 207 27 94 0 56 32 143 61 38 42 79 40 0 12 39 77 51 56 97 14 112 147 10 93 70 81 73 147 34 67 153 112 84 47 183 71 133 61 0 6 12 35 104 20 85 103 26 102 0 119 88 0 56 40 16 49 49 80 12 112 97 37 108 19 169 8 61 65 78 45 76 98 91 183 41 18 155 32 13 52 94 124 160 82 35 86 173 0 178 143 209 102 68 20 40 82 112 125 29 31 70 25 78 78 62 81 149 30 49 54 142
48 36 11 57 68 6 48 54 40 80 0 10 21 34 4 51 104 24 0 72 12 38 14 54 18 27 9 103 83 74 85 163 30 64 8 1 18 27 60 94 0 92 15 45 8 107 32 36 59 27 4 32 87 56 97 92 114 54 6 35 8 73 52 28 79 112 45 21 61 27 52 10 58 51 29 42 49 101 47 138 56 158 73 0 67 103 62 50 29 2 39 0 57 3 47 27 12 34 80 114 4 84 25 10 42 132 20 56 109 51 44 40 56 46 34 39 34 109 72 40 139 112 65 13 111 123 18 14 35 122 71 54 119 152 24 65 111 102 101 47 15 72 56 160 53 89 73 120 0 0 56 14 0 45 0 42 0 38 136 28 95 20 18 91 44 0 13 61 33 143 99 22 39 127 67 56 188 54 12 93 40 95 116 19 117 36 64 52 100 82 144 50 54 9 45 95 1 20 115 38 66 69 19 34 60 54 57 36 32 54 12 84 46 88 0 32 107 6 59 56 0 82 76 0 4 60 0 79 12 0 119 54 35 66 133 54 123 15 133 17 67 105 76 10 27 45 49 38 34 64 64 109 31 79 0 88
0 64 50 40 12 0 63 0 48 18 36 12 134 28 0 30 36 66 51 28 131 71 79 172 15 54 0 82 59 100 120 40 0 69 70 84 18 81 49 51 180 71 6 56 0 15 0 46 0 0 37 66 56 0 57 34 41 38 18 77 13 173 74 86 40 32 0 0 0 0 77 2 16 20 55 0 67 52 0 52 7 145 9 64 46 112 63 81 74 0 0 14 128 67 8 76 24 56 158 59 0 28 59 36 128 86 75 0 0 72 101 46 102 63 16 8 35 56 0 25 11 111 58 39 0 50 36 74 4 43 0 24 22 86 0 2 52 0 135 33 54 42 26 74 0 101 86 128 0 0 39 55 46 39 77 0 9 0 117 32 20 2 7 118 20 71 48 48 4 15 8 86 12 13 0 7 38 0 0 70 0 120 39 0 78 38 15 182 27 48 21 40 59 45 50 20 15 0 158 6 56 63 81 12 101 63 44 57 22 0 24 99 21 36 118 0 5 0 36 37 0 56 71 25 0 68 68 98 125 0 14 37 16 10 6 47 69 32 81 49 61 12 57 56 15 30 81 56 58 51 51 20 28 22 18 91
10 14 71 4 54 0 86 36 8 47 0 48 0 85 56 40 5 0 48 89 0 80 42 0 177 34 18 90 59 136 8 95 243 0 16 47 12 0 15 60 72 95 74 59 91 32 14 69 0 67 105 81 40 24 85 96 8 56 0 4 252 96 86 0 76 74 72 175 20 0 18 31 64 126 95 54 71 151 60 81 49 169 96 15 35 175 85 64 72 48 0 187 174 152 178 4 116 36 63 92 8 149 0 58 25 36 60 53 12 136 76 35 80 62 92 65 81 10 39 94 95 120 0 59 65 30 0 59 15 8 106 73 71 8 0 24 0 15 133 75 135 58 42 56 17 102 45 64 60 25 53 87 51 32 81 0 0 6 45 59 98 191 168 51 28 107 103 64 48 81 48 20 28 2 26 24 57 85 56 157 10 86 28 0 81 134 81 41 162 51 20 48 94 78 124 57 30 67 56 73 99 144 0 86 64 48 63 68 64 108 0 0 90 150 0 39 106 76 8 1 116 0 18 48 112 162 41 159 64 57 14 42 82 139 91 44 112 64 121 6 48 78 24 142 48 102 38 63 100 43 109 115 0 64 18 9
30 138 14 6 104 12 31 27 100 75 43 10 45 72 66 0 28 54 24 9 72 76 44 141 34 16 2 0 153 96 0 49 82 67 32 25 71 70 55 173 90 39 1 69 0 39 50 90 0 37 48 16 34 24 92 49 132 0 14 0 82 48 87 19 46 82 16 100 99 80 8 45 13 16 128 36 43 87 141 84 49 31 45 57 97 49 27 14 0 30 64 5 58 0 86 62 77 27 42 54 6 22 32 71 72 117 113 3 42 6 112 142 0 0 54 97 32 7 26 46 27 108 81 2 59 16 64 31 97 60 0 21 99 72 52 135 68 32 98 114 10 61 51 30 68 137 31 70 0 60 91 68 86 36 93 15 8 12 72 17 19 81 47 46 58 3 53 0 0 97 112 37 90 27 29 51 46 67 0 41 96 128 94 110 38 71 91 61 103 3 115 0 42 15 19 54 25 31 0 59 16 16 18 17 31 97 70 57 108 49 22 53 59 49 72 33 65 73 2 20 21 85 116 20 149 110 41 127 68 37 14 45 79 106 64 31 90 28 42 25 85 54 195 46 75 77 27 49 129 3 144 38 28 32 85 268
6 2 36 62 72 114 86 28 15 48 24 34 3 2 73 24 45 138 20 66 98 2 88 42 44 2 27 126 94 18 86 70 19 69 20 88 74 12 39 140 144 82 19 49 120 39 20 23 63 88 18 38 30 147 0 78 0 58 100 28 36 166 40 21 60 54 246 96 26 63 26 23 94 0 75 54 16 46 38 20 13 105 36 116 54 1 78 128 42 37 34 94 8 48 38 39 12 45 104 200 23 105 10 78 123 34 62 38 18 40 36 80 30 34 113 158 20 36 58 5 119 68 24 2 44 8 12 116 9 176 35 8 86 99 7 69 36 189 86 17 0 0 33 104 0 131 106 96 74 33 46 75 50 97 18 68 36 48 40 14 123 39 27 20 78 63 100 32 37 19 123 20 6 0 76 120 24 153 25 101 24 48 72 34 85 48 0 32 0 119 58 133 52 43 9 89 74 163 79 45 63 129 73 21 33 18 10 61 0 28 24 0 49 63 3 18 52 0 73 16 0 42 14 0 0 28 99 85 40 24 147 57 102 36 30 57 33 0 125 89 132 83 45 57 54 72 2 0 10 55 169 54 96 188 121 17
6 32 79 9 49 73 42 79 64 32 72 33 69 82 17 36 143 16 44 0 108 24 68 0 0 106 20 99 18 83 0 184 27 39 63 54 63 3 56 19 56 72 48 0 99 53 54 99 38 0 9 56 74 110 0 18 146 0 124 64 37 27 60 35 33 96 81 74 95 70 12 6 102 0 56 96 106 18 28 133 0 100 110 55 23 27 9 120 14 4 73 70 39 40 0 0 66 39 126 126 0 59 48 157 0 71 24 7 109 30 18 72 47 38 0 21 0 57 198 1 38 14 118 87 21 87 99 70 36 96 81 6 132 18 84 56 73 107 0 18 16 81 0 99 32 12 81 20 12 46 93 99 86 94 18 93 4 21 75 24 132 0 48 15 26 135 75 27 18 54 246 36 87 56 93 50 63 184 84 0 10 105 114 107 130 52 21 21 0 62 35 15 24 81 108 84 18 36 56 98 63 100 13 77 64 35 145 77 7 51 72 17 50 71 60 27 153 9 30 65 35 97 143 0 33 18 9 12 14 63 54 57 0 3 177 108 130 79 7 9 53 6 178 23 51 56 27 96 28 8 99 12 0 75 191 201
186 4 15 125 20 158 15 66 75 151 64 9 4 33 14 83 65 69 16 42 24 12 24 126 37 0 36 35 105 103 135 31 85 82 76 0 45 36 4 106 35 76 13 48 54 54 111 40 161 86 35 25 57 53 60 29 121 109 141 15 0 30 17 116 65 79 53 61 2 67 24 18 46 45 54 104 131 27 12 137 66 67 148 8 101 110 138 124 75 137 80 72 62 80 133 12 178 80 76 42 102 6 38 113 59 26 64 0 96 98 63 13 0 27 101 9 101 40 58 0 38 54 64 31 27 54 16 44 103 214 12 115 141 0 76 56 0 0 76 12 0 131 48 6 100 105 63 62 34 24 138 0 10 65 33 10 108 22 65 12 64 42 119 23 36 64 244 95 54 68 69 60 71 74 46 144 94 214 66 0 41 42 25 0 9 36 0 114 27 53 6 0 32 48 96 35 27 102 42 147 60 2 30 82 80 20 0 52 153 15 76 4 59 74 24 86 90 20 48 72 76 39 47 43 73 44 25 133 39 12 134 104 89 36 18 0 9 62 56 128 56 69 109 59 61 15 71 36 71 148 20 111 114 130 189 75
24 5 0 6 48 25 66 83 117 25 22 96 45 135 45 84 79 0 0 70 61 37 15 62 66 5 105 180 131 37 59 41 34 60 42 59 3 0 0 70 79 29 0 52 84 175 7 38 69 5 50 0 118 36 2 22 102 122 3 27 5 26 97 57 105 69 106 0 40 28 40 35 14 24 145 44 50 154 16 19 0 164 59 34 88 14 130 97 30 50 69 46 48 48 72 36 15 0 100 6 6 42 5 94 151 204 0 21 54 88 52 28 42 40 103 0 87 88 15 73 24 189 56 30 0 108 15 0 47 63 62 15 58 87 78 19 35 135 59 75 95 97 26 118 56 72 87 94 36 0 75 79 14 66 36 104 0 85 37 25 47 24 103 132 24 154 30 21 32 54 60 44 105 90 88 101 94 129 57 141 0 112 66 63 91 94 51 66 86 3 46 24 27 8 66 91 17 45 7 0 80 119 49 6 42 111 12 12 20 94 111 129 227 85 42 72 75 57 39 3 63 0 87 0 77 74 77 124 119 129 65 120 63 49 0 138 102 32 6 71 64 64 0 101 81 38 202 93 80 145 19 48 54 71 98 84
53 4 55 88 60 126 38 121 105 0 25 53 15 102 26 6 56 45 96 78 14 12 34 91 24 173 73 72 81 48 28 42 144 16 81 162 24 78 0 52 60 138 28 186 167 34 84 135 59 50 50 135 36 35 60 139 19 75 89 29 68 121 9 172 159 182 78 58 66 57 66 11 37 59 54 93 40 175 38 46 21 66 0 1 128 67 92 53 42 69 12 36 28 98 262 98 54 31 23 68 22 35 64 32 23 193 59 20 104 100 28 70 53 20 140 46 44 16 102 24 49 145 12 3 81 128 22 68 42 25 91 52 16 59 121 106 24 82 141 33 42 56 13 20 0 109 85 34 30 72 0 116 67 127 18 81 4 34 18 53 99 46 54 15 78 42 72 96 67 40 85 0 24 127 116 69 116 105 44 64 20 29 98 110 151 128 64 4 215 79 112 72 63 38 28 18 37 80 15 40 124 36 58 20 12 10 76 111 47 95 6 123 100 109 69 59 34 82 64 0 104 36 56 0 118 104 116 107 0 0 98 40 138 58 21 28 53 55 60 121 0 118 42 49 58 69 62 141 44 90 176 0 35 23 74 9
16 63 33 20 109 29 40 84 100 28 113 78 0 77 13 66 79 18 130 42 72 18 64 49 48 122 70 64 70 79 9 90 24 46 51 18 24 6 90 0 45 81 33 24 24 149 82 18 35 33 42 34 79 18 56 60 114 21 0 21 25 33 30 27 12 78 7 132 3 8 0 18 42 53 109 85 88 49 127 16 45 28 66 63 73 63 113 72 25 0 27 10 101 27 0 93 70 36 24 75 0 20 10 181 16 93 9 0 149 21 0 83 78 3 24 75 0 42 83 30 127 69 2 105 33 83 145 32 21 0 0 0 66 51 54 114 14 111 30 0 48 72 16 59 41 80 40 9 9 24 4 56 6 38 32 49 45 52 72 0 61 118 106 48 59 109 87 28 18 102 0 36 128 75 24 144 117 76 10 162 135 63 16 45 107 9 104 91 57 2 9 0 45 16 158 0 79 46 69 13 36 2 23 53 21 40 70 95 15 49 109 8 53 0 69 12 120 14 89 0 19 49 7 6 66 53 23 109 15 18 72 83 65 60 113 18 113 69 108 36 56 37 24 82 2 66 0 121 91 77 0 107 100 43 30 56
33 40 43 118 27 24 119 0 107 0 81 56 36 0 32 12 188 16 111 44 149 11 35 93 36 60 58 36 166 117 104 163 125 25 89 113 20 71 71 49 56 86 103 52 54 0 122 81 12 35 18 88 104 30 12 196 88 26 36 28 73 110 93 56 18 91 31 69 97 28 34 38 75 9 83 191 46 116 87 6 69 197 125 157 36 66 75 86 0 29 0 137 67 6 14 82 28 0 240 116 50 121 66 36 81 125 105 9 17 78 77 10 66 95 178 135 163 19 48 0 34 57 119 64 49 30 20 104 67 101 100 66 222 0 64 206 148 0 56 96 14 39 94 86 0 60 130 134 63 92 134 19 83 53 4 73 88 97 75 104 66 51 42 45 88 28 91 9 6 41 65 57 86 104 0 145 57 49 36 96 81 140 83 39 132 120 110 239 63 45 52 74 21 115 143 88 98 10 0 97 0 81 90 9 102 112 140 107 116 25 0 102 136 8 121 45 28 15 96 3 30 77 56 136 212 46 72 73 124 42 54 19 0 43 57 10 38 76 125 73 53 37 188 22 92 24 32 70 46 163 134 132 3 109 64 103
6 45 108 0 0 2 8 19 21 0 16 70 18 55 36 26 77 52 113 0 103 124 41 42 48 64 21 9 16 121 0 77 168 0 56 10 36 31 129 114 78 92 58 28 0 45 44 90 40 65 8 64 104 0 62 94 15 73 0 94 54 72 50 32 8 48 56 10 57 0 15 16 0 9 34 24 41 30 26 21 14 62 12 0 67 36 45 0 62 26 54 78 18 6 36 9 111 131 86 60 0 114 12 31 0 50 164 30 46 6 35 0 52 76 18 14 116 18 10 0 144 76 54 12 138 42 98 59 90 43 0 27 13 117 33 54 42 33 12 134 24 0 24 30 53 72 108 41 87 0 79 2 54 62 34 36 28 21 91 7 64 137 9 17 28 18 30 56 0 48 198 57 61 42 8 159 104 8 45 119 0 111 28 56 74 54 9 72 81 55 99 92 58 97 108 0 72 0 64 72 21 108 0 40 71 42 6 107 127 0 25 42 66 15 150 0 46 31 0 102 0 0 30 90 74 84 36 56 6 21 82 0 48 6 60 26 27 62 105 72 85 52 203 80 21 6 0 24 56 58 99 27 9 5 34 133
176 83 59 74 97 104 36 45 80 46 56 10 36 80 51 40 73 88 73 114 3 68 50 95 70 83 8 52 132 112 32 31 82 38 50 43 20 50 15 35 24 77 78 90 97 71 157 106 56 7 35 0 55 37 60 36 56 113 116 87 4 9 43 87 9 120 87 113 10 164 68 106 51 27 67 69 44 110 12 158 85 177 124 57 148 7 80 180 40 88 90 56 0 68 45 145 195 122 44 53 18 0 80 92 78 89 53 0 206 215 97 12 78 28 75 70 51 83 28 41 174 160 145 96 0 10 16 35 38 124 36 96 93 0 30 126 49 0 144 3 79 110 55 86 56 155 62 40 79 86 126 0 111 176 9 24 100 65 9 0 66 61 171 118 51 114 224 120 46 90 143 58 93 62 64 30 120 170 24 95 51 84 35 67 65 24 65 271 80 71 24 24 48 92 145 78 52 33 112 150 55 44 88 111 82 82 60 104 0 63 80 67 71 118 114 69 44 63 113 12 102 76 109 0 88 99 92 210 126 15 64 75 84 51 39 101 105 84 29 178 83 113 250 53 42 40 67 95 143 108 49 157 166 91 177 193
209 24 126 101 34 128 104 101 51 64 61 154 179 68 172 130 49 86 144 122 133 54 22 131 69 145 130 50 57 94 36 183 38 56 14 155 164 61 112 8 68 76 66 116 156 28 131 121 0 1 0 215 48 12 130 54 47 106 2 44 34 76 84 52 213 24 58 179 15 102 87 78 10 37 217 136 183 18 42 174 64 158 62 96 89 117 60 35 81 65 135 265 10 74 67 42 127 12 161 89 74 30 25 77 159 47 68 0 112 200 123 85 43 74 25 47 134 39 62 48 199 101 5 76 89 62 72 37 101 22 3 102 48 30 191 10 98 0 126 42 77 18 96 99 47 64 9 15 36 0 65 7 35 218 16 42 93 57 12 102 124 210 68 53 18 68 99 76 156 111 28 98 201 6 10 196 64 71 64 6 77 114 46 16 56 67 16 105 84 51 35 23 87 215 0 211 33 81 15 16 101 331 87 157 108 44 65 24 123 86 60 52 31 73 36 47 54 90 68 98 62 92 46 47 150 168 105 144 178 52 188 44 54 160 180 138 148 36 44 48 45 121 0 53 161 135 60 79 31 65 106 108 106 145 136 101
