16 27 70 13 84 60 1 58 7 168 24 102 6 24 72 10 93 60 2 18 57 26 51 35 64 42 21 90 101 80 63 77 14 179 87 135 55 0 83 36 57 5 11 79 29 32 26 53 57 85 84 128 13 43 36 121 128 12 64 19 48 185 31 5 101 77 28 60 79 20 41 42 50 102 79 0 188 67 60 95 101 3 62 87 79 18 0 15 13 23 64 58 58 79 36 75 18 74 8 48 60 6 128 1 130 55 4 80 56 40 127 74 26 24 4 82 85 93 117 105 59 7 67 35 60 116 0 129 130 45 141 146 109 112 171 17 131 42 78 48 14 48 19 56 54 65 104 9 38 30 0 175 49 52 91 68 41 38 58 66 66 14 238 26 211 143 11 91 44 87 72 10 34 213 234 96 19 29 30 95 50 108 74 149 116 8 40 136 3 65 114 126 149 9 113 12 82 76 0 3 94 55 107 100 0 32 42 30 150 48 33 8 45 82 44 53 98 8 2 0 19 5 21 6 10 133 0 33 64 6 18 8 38 74 0 9 39 72 36 91 128 0 2 94 139 32 27 128 75 0 83 95 24 73 20 195
172 35 79 37 30 36 57 27 45 56 138 77 89 42 75 190 35 12 46 19 13 139 124 142 10 36 82 72 91 41 36 0 40 61 129 56 182 69 185 52 60 65 102 45 75 32 9 82 27 72 86 24 71 42 31 70 29 127 54 7 49 47 137 62 0 50 45 135 0 71 136 0 40 169 64 90 99 42 104 54 151 41 137 30 133 102 110 0 29 25 75 28 37 198 153 204 120 75 96 0 56 28 36 9 26 35 34 48 57 16 6 54 44 5 27 91 144 61 6 36 26 10 101 112 30 83 60 89 107 99 2 68 60 8 12 52 145 40 135 80 70 145 40 12 97 32 74 44 89 81 40 31 8 53 60 12 56 74 86 78 137 69 188 42 102 93 46 149 66 17 63 53 74 109 20 51 52 42 76 95 50 56 1 75 72 27 38 0 71 37 5 42 215 9 49 0 105 175 95 31 54 152 53 36 63 14 93 52 27 60 59 56 86 84 125 64 89 105 121 43 51 27 78 36 44 25 11 57 141 125 68 89 87 219 0 47 15 65 81 158 69 35 98 106 0 36 30 64 36 37 139 95 86 150 83 0
189 47 164 4 24 65 83 33 9 64 0 51 87 166 66 10 1 0 37 42 82 37 91 191 61 96 51 128 141 65 92 87 15 32 59 0 107 99 127 40 42 117 51 71 48 64 109 125 63 122 35 28 27 83 21 72 15 76 21 93 82 26 92 0 51 5 149 31 87 63 5 30 16 118 25 48 67 22 56 10 104 0 42 16 12 40 21 36 0 150 119 131 52 26 37 12 9 124 18 36 42 58 28 2 64 103 109 21 21 9 68 77 4 62 39 0 16 55 43 59 115 12 0 18 103 30 25 37 115 25 117 72 35 126 18 65 0 0 21 46 46 78 30 35 3 45 40 102 112 48 0 77 19 29 72 56 30 54 114 20 14 28 86 67 18 70 20 117 41 54 0 31 78 3 64 71 4 20 18 35 0 54 24 83 84 48 47 0 0 81 34 74 42 0 51 67 72 56 60 18 48 13 9 40 0 73 56 9 20 100 1 24 66 43 101 56 10 12 45 75 29 20 63 40 98 65 0 60 49 6 55 10 0 50 90 89 109 69 50 56 48 46 48 94 45 72 59 0 14 0 55 45 78 38 32 74
35 142 21 73 114 38 5 81 69 21 61 35 78 96 91 0 24 20 114 81 29 36 66 139 36 91 45 49 52 101 140 53 55 81 4 5 22 94 64 77 88 42 0 36 44 62 38 70 42 81 35 57 29 36 34 34 25 20 36 8 84 16 6 35 6 26 18 80 36 8 63 53 10 106 8 78 4 30 27 28 72 81 0 0 61 148 42 5 8 54 71 144 50 129 24 44 72 34 7 21 74 107 104 34 6 15 64 0 16 85 31 12 32 85 0 173 167 26 19 24 60 65 2 6 24 42 30 60 67 63 61 93 53 135 144 7 21 43 106 74 0 9 40 4 0 121 63 0 120 24 2 0 4 2 36 0 31 12 62 72 44 104 207 56 213 54 48 76 0 105 93 6 0 63 99 0 21 55 6 156 15 9 3 134 61 40 60 72 62 36 141 94 26 12 27 72 101 0 168 75 162 0 16 24 52 15 75 58 98 9 0 103 164 142 10 67 34 0 64 103 0 43 40 32 9 53 16 90 38 25 84 0 12 0 30 106 80 21 61 41 39 15 93 14 78 64 154 68 59 18 35 108 51 25 123 76
48 4 158 10 0 30 73 38 35 133 22 70 29 45 66 63 92 70 118 47 0 141 36 116 90 130 14 43 48 82 98 54 90 105 269 0 185 54 59 40 58 51 34 14 0 60 133 0 54 103 32 162 131 42 6 121 76 120 56 70 57 94 127 66 95 120 106 19 72 39 43 79 86 106 27 7 128 143 90 101 106 48 28 3 105 0 85 53 40 50 12 60 0 81 106 191 51 35 34 16 83 58 101 69 141 123 141 46 99 4 136 111 88 60 43 94 2 62 10 76 28 83 37 115 109 45 189 29 106 48 65 162 57 46 84 96 63 32 114 37 116 140 33 4 95 45 15 96 21 57 0 177 6 113 29 21 113 2 38 93 30 177 192 16 173 135 79 93 67 32 63 14 42 53 91 7 112 68 111 34 151 84 15 99 175 101 6 0 119 29 57 30 106 87 118 0 78 101 34 54 68 56 27 157 38 85 134 52 84 45 100 19 24 149 75 76 87 55 49 0 144 213 159 138 131 40 2 85 46 73 19 0 14 140 77 166 102 48 53 125 219 49 9 56 120 15 94 45 63 56 1 158 77 70 5 97
56 59 35 16 46 49 28 58 64 32 72 0 63 0 86 9 0 8 35 48 72 140 25 8 39 73 85 0 8 0 202 146 8 7 32 35 145 99 74 36 0 0 0 0 20 9 28 7 0 155 12 0 16 16 4 90 44 9 0 0 63 88 54 11 7 8 81 57 70 0 45 95 13 0 0 125 127 0 16 6 14 48 60 28 12 100 35 5 74 35 39 158 0 27 90 23 2 36 43 0 28 75 9 140 90 0 100 60 20 62 64 36 0 37 54 71 86 75 0 14 139 0 0 6 28 0 25 0 95 106 63 74 0 172 88 18 35 0 42 38 14 149 0 0 5 85 54 28 80 27 45 35 0 108 45 58 27 0 8 201 24 95 131 54 37 45 28 188 0 60 63 0 0 0 155 6 94 106 0 126 9 42 61 85 0 0 87 172 16 44 35 117 35 9 52 16 0 113 9 48 82 69 27 0 0 80 29 111 9 84 2 80 81 24 0 0 8 13 0 63 6 0 90 87 60 42 12 18 90 35 0 0 16 21 54 24 65 0 58 65 6 0 54 0 12 30 0 33 6 0 76 54 45 20 64 55
14 0 0 13 46 72 8 3 34 0 12 81 12 117 18 5 28 0 56 152 87 3 27 106 5 4 18 39 12 24 25 27 42 63 35 22 43 28 4 12 0 72 9 0 0 13 42 172 45 116 16 41 0 16 19 5 57 28 0 15 63 27 77 145 72 27 41 131 15 81 40 4 13 52 83 20 7 60 15 78 5 10 0 0 6 29 41 40 12 0 133 24 8 42 9 16 4 4 42 4 18 9 0 0 37 51 74 0 6 0 12 45 40 152 0 83 85 132 2 37 0 19 2 16 4 24 17 22 69 36 40 54 36 30 93 0 59 0 46 0 0 67 16 32 101 17 45 60 33 30 0 30 45 2 74 0 3 14 0 14 38 14 22 0 47 54 0 83 63 81 59 20 27 125 0 6 89 29 91 8 0 27 3 0 63 41 26 10 15 5 19 2 23 0 73 14 16 36 6 0 8 0 16 79 4 0 4 27 18 10 21 19 68 64 77 0 99 0 0 18 30 34 30 14 21 24 39 126 111 0 82 15 111 90 58 80 70 57 45 151 24 15 28 7 116 55 18 0 0 1 18 17 32 26 85 43
49 90 99 40 96 15 49 0 93 81 85 0 0 6 142 0 35 89 14 41 40 32 109 79 0 24 15 36 28 133 24 77 35 30 100 20 0 35 135 56 77 43 40 10 0 228 8 29 39 16 38 127 36 104 169 101 5 24 21 36 15 20 117 32 15 56 48 68 116 0 0 45 15 48 45 27 35 0 81 32 90 112 24 7 16 52 0 56 0 131 76 0 36 49 96 22 0 93 64 56 40 44 24 15 93 0 108 21 79 34 165 0 0 40 27 64 59 79 85 11 28 32 17 20 63 38 32 32 75 46 6 0 25 20 0 15 61 15 67 0 9 56 14 0 60 0 77 40 162 37 49 8 24 9 59 0 6 0 15 215 45 116 0 0 72 18 64 0 102 153 70 67 21 3 0 26 47 141 0 0 40 60 0 51 213 64 37 83 189 0 48 66 99 12 8 35 75 59 146 0 0 93 136 74 0 67 72 49 61 15 27 0 67 114 0 72 46 139 85 12 73 102 0 17 40 0 0 0 0 45 0 44 50 9 29 8 20 28 0 41 96 116 0 7 136 52 21 120 110 80 109 58 67 76 5 0
14 74 189 99 2 30 80 125 0 3 16 11 128 101 18 87 81 64 31 45 37 71 0 127 16 191 69 168 85 104 17 3 12 24 200 3 91 16 64 19 19 59 99 40 35 104 0 85 19 101 0 99 43 2 33 21 21 53 62 0 208 41 52 42 0 51 6 32 16 125 32 94 0 65 100 2 135 34 93 18 93 42 54 51 63 41 3 57 89 35 0 56 65 23 113 59 109 19 38 21 128 50 81 2 88 160 118 16 80 9 7 72 24 0 162 40 88 60 118 71 18 184 36 72 63 120 72 166 28 91 0 0 84 47 86 114 34 4 67 46 20 0 0 30 54 25 0 7 68 19 0 54 65 99 140 0 50 0 64 100 11 104 21 25 55 0 48 5 4 93 140 27 118 0 48 48 75 42 88 64 53 89 31 70 206 0 0 4 54 7 16 32 98 150 38 27 93 79 33 54 50 6 48 123 54 6 9 4 0 20 72 59 12 49 33 49 27 156 0 34 165 57 24 81 7 82 72 54 30 1 102 51 22 73 35 35 0 16 65 87 27 28 42 0 67 135 36 56 17 96 0 102 6 20 13 0
10 0 18 8 0 91 23 0 48 127 62 109 197 0 114 82 114 40 52 92 123 33 93 36 65 24 10 141 64 15 26 44 0 155 0 106 131 141 40 12 63 9 24 54 127 147 83 87 23 121 3 202 24 21 40 192 57 113 12 14 55 36 33 57 29 41 26 30 40 0 0 49 0 34 12 53 56 42 49 35 36 72 17 0 51 6 4 18 34 72 101 20 54 69 0 49 51 80 128 56 196 72 24 13 144 18 57 140 97 98 12 11 40 56 0 0 107 128 92 48 0 42 102 126 0 110 0 26 64 46 83 16 17 167 81 3 28 45 36 135 85 10 36 49 51 16 13 0 0 25 0 23 91 32 78 45 12 0 106 20 109 69 91 48 20 92 38 186 25 65 97 36 26 2 78 71 109 71 69 79 0 162 0 81 46 25 139 153 98 0 62 123 32 96 38 64 171 96 36 44 136 50 30 47 36 88 50 0 6 50 118 14 0 55 62 20 35 6 48 0 111 80 28 94 6 124 20 16 117 31 8 0 48 36 68 121 74 61 44 76 79 0 12 118 238 24 160 26 51 63 55 87 47 38 84 136
132 71 24 101 60 87 177 128 24 45 113 87 181 45 234 74 32 112 56 64 257 0 117 0 106 124 227 63 78 6 108 42 81 117 104 94 44 234 145 21 0 40 134 0 75 103 79 89 48 164 117 0 48 111 119 95 171 119 28 32 86 0 169 63 26 69 184 6 61 54 78 65 21 80 0 96 180 122 47 14 69 57 42 42 220 42 170 171 0 54 167 128 77 165 0 80 278 142 223 53 42 51 83 21 87 126 68 242 246 65 118 12 91 42 0 63 34 58 144 0 81 175 12 144 67 12 129 102 16 66 66 18 219 70 87 199 80 8 38 26 230 18 68 30 175 45 119 38 95 63 18 107 45 40 146 137 94 44 114 123 104 212 139 111 14 120 109 107 0 84 16 34 48 88 116 104 40 62 28 0 159 63 71 149 109 146 58 18 42 65 45 69 91 84 19 77 66 16 93 66 48 27 114 140 28 102 16 37 74 19 81 64 106 181 182 12 230 50 77 147 72 115 21 80 50 64 0 56 150 77 105 24 24 18 33 68 89 74 198 76 24 63 117 51 201 75 112 98 54 30 72 157 99 229 123 156
0 131 36 39 42 84 131 69 35 141 85 122 76 37 120 126 91 0 203 129 113 11 4 116 95 166 50 28 91 100 112 0 94 67 79 52 18 264 55 0 26 26 107 56 58 30 73 76 104 54 33 80 126 16 53 84 135 119 0 81 172 90 7 120 41 42 95 98 0 0 81 97 8 119 109 63 98 183 211 0 0 88 86 15 130 96 49 82 68 0 132 63 109 53 59 119 132 60 241 28 123 107 72 9 153 34 174 96 165 40 143 141 76 128 72 214 70 67 87 47 0 85 48 24 127 45 12 31 139 40 85 71 82 91 38 87 35 8 111 110 89 0 15 35 170 133 108 0 0 58 14 111 28 24 167 18 7 14 30 25 89 17 215 20 189 102 54 96 105 72 123 32 91 54 106 133 34 54 139 53 108 64 73 0 32 156 194 72 41 134 79 104 83 24 88 7 211 78 98 2 101 0 30 40 54 27 57 44 51 116 48 77 0 107 137 113 92 113 79 21 30 205 111 24 101 87 21 77 131 0 36 50 41 99 59 48 15 49 49 93 8 127 18 144 207 49 76 116 56 87 21 65 198 51 40 86
140 94 135 151 43 56 119 157 112 63 87 129 189 69 73 110 74 81 120 137 100 73 81 44 193 85 87 73 151 64 228 58 86 98 119 63 107 124 195 62 63 85 75 30 208 84 42 45 124 191 118 30 192 98 105 126 125 25 92 123 42 76 157 0 46 111 171 24 18 12 54 41 33 24 63 36 96 69 101 97 200 92 12 95 107 2 146 112 108 103 45 126 48 53 225 0 32 54 96 45 128 36 160 0 76 76 96 248 83 84 104 97 119 39 80 129 230 37 94 136 63 182 105 3 122 32 108 129 61 66 159 117 0 86 164 130 21 20 41 43 100 100 134 24 199 110 92 131 59 18 0 91 42 24 87 128 48 8 112 157 57 134 62 45 42 83 65 61 99 94 132 91 72 155 110 115 178 53 0 37 49 40 46 110 121 130 135 15 130 32 6 35 40 146 48 51 64 48 78 48 85 114 129 153 85 185 122 80 9 71 100 40 126 103 78 20 24 64 102 45 58 89 180 54 34 131 61 35 55 149 30 44 44 36 187 115 44 108 106 59 144 167 70 12 118 69 217 124 21 36 95 113 208 116 112 114
101 36 169 123 4 95 85 20 29 0 54 143 50 202 0 163 96 111 105 218 125 46 120 22 100 89 0 115 50 110 130 0 38 0 131 102 115 107 120 32 111 87 49 12 111 76 75 87 98 66 163 111 190 54 169 215 67 128 85 30 155 66 102 104 154 101 123 97 72 30 67 36 14 77 60 35 78 82 56 8 141 41 82 22 27 72 55 115 9 111 39 15 47 147 0 112 128 153 246 12 76 86 64 8 136 28 148 78 135 74 36 153 108 211 140 141 42 96 55 44 6 118 96 84 0 53 54 132 51 93 21 51 119 96 56 78 19 97 99 140 80 148 93 68 143 119 72 26 162 76 14 108 21 9 63 24 115 66 88 185 108 173 180 21 113 118 126 131 60 96 66 108 117 74 40 35 12 32 49 24 15 81 12 131 92 123 18 80 142 18 25 21 57 128 48 27 58 53 36 36 115 166 57 43 86 42 105 24 2 112 21 144 77 168 106 104 9 52 8 117 8 119 55 108 25 45 91 77 83 64 26 56 156 138 150 113 102 28 69 131 18 40 139 41 118 103 114 0 58 24 75 237 135 75 130 108
0 124 5 73 112 73 43 102 0 8 25 15 88 0 127 0 32 51 30 76 233 27 22 27 28 47 73 78 4 0 51 0 0 15 27 109 60 21 50 89 48 98 35 40 51 92 72 0 22 85 5 126 6 64 102 20 34 5 133 16 27 13 97 0 0 24 128 31 0 25 56 36 12 90 0 9 111 159 0 16 58 3 0 27 87 56 0 89 79 62 102 0 0 52 37 87 16 132 61 64 52 0 50 0 10 56 0 90 145 95 8 42 53 0 0 12 31 25 210 0 42 103 0 36 0 40 83 151 13 25 47 36 25 161 15 136 20 47 8 90 69 3 22 25 155 118 36 16 29 27 0 45 124 42 41 71 18 89 62 35 78 175 86 40 0 71 72 86 0 97 74 0 52 78 68 25 25 96 36 0 0 24 59 33 53 86 73 64 88 15 36 67 0 95 6 0 71 7 25 39 123 8 45 165 0 0 37 12 4 35 39 0 100 36 41 3 25 6 63 48 0 147 45 0 36 6 0 82 122 40 90 80 0 24 35 0 4 12 163 0 20 60 40 0 93 49 88 8 70 134 62 69 26 49 89 92
0 32 10 0 4 104 63 47 100 21 63 0 18 38 18 48 6 19 31 98 100 21 12 8 37 74 101 36 36 63 64 0 51 8 27 72 21 63 57 73 24 8 54 40 64 9 84 8 96 24 153 18 52 6 88 79 1 40 30 24 31 24 171 0 0 24 10 7 16 115 36 47 34 54 103 58 68 6 66 27 174 37 60 50 8 0 14 44 2 4 25 0 57 43 6 91 124 0 87 8 48 16 112 96 91 1 10 0 0 2 0 72 36 54 0 72 0 132 12 9 86 37 27 32 19 0 47 84 50 102 71 121 8 32 132 97 0 18 0 0 154 25 0 16 56 140 94 42 6 18 0 4 2 29 5 74 16 0 24 172 111 12 42 12 74 36 82 42 18 46 0 72 4 80 100 4 0 140 87 62 14 0 16 5 8 37 28 8 148 16 25 51 0 164 58 96 36 69 16 0 55 21 52 2 65 143 56 4 6 9 38 22 67 100 127 15 108 36 14 0 97 0 87 24 48 30 102 25 32 39 14 140 87 28 106 44 35 0 48 69 74 81 96 127 3 0 5 103 12 40 91 48 65 51 131 0
14 66 30 26 0 52 123 104 62 42 89 49 75 20 82 59 109 4 62 116 39 18 76 16 4 158 88 42 172 32 66 106 0 42 105 45 4 10 45 63 0 40 10 10 9 99 0 1 73 18 40 40 36 18 130 86 62 32 30 15 0 3 55 30 36 10 0 84 3 12 24 120 0 106 5 50 54 94 83 0 42 67 94 43 131 4 89 83 8 18 159 53 8 14 24 49 65 27 63 180 119 42 129 9 39 26 59 48 192 46 28 25 28 85 0 85 21 5 72 21 0 15 84 1 77 57 41 97 14 51 33 0 0 58 33 106 6 51 28 81 48 1 85 63 66 28 66 54 0 105 8 24 73 27 92 49 28 0 0 80 12 60 58 36 129 105 73 116 16 20 0 87 107 3 18 0 8 32 69 135 0 46 0 13 89 36 59 58 65 10 77 27 0 40 0 52 71 117 45 0 50 0 94 58 0 22 7 18 14 42 69 16 24 61 216 47 102 21 52 27 21 37 19 26 0 23 112 52 59 35 42 0 80 103 96 32 45 4 90 146 76 42 30 0 75 0 28 63 6 5 169 52 0 145 77 104
91 150 0 49 91 21 117 132 194 78 87 19 8 42 66 103 80 51 21 10 80 69 6 80 58 93 0 52 97 53 60 14 42 21 59 66 207 117 74 42 46 33 27 81 79 134 15 57 44 39 196 98 24 28 88 128 52 79 20 15 83 111 161 28 82 0 0 21 57 31 120 26 28 101 94 48 9 0 57 66 94 66 46 129 138 74 12 43 36 36 68 0 0 0 124 66 10 12 84 8 72 56 7 13 59 70 0 104 68 6 83 7 90 64 12 157 171 74 12 41 56 68 36 8 67 66 49 63 86 15 39 87 72 8 22 93 33 74 93 63 72 76 31 0 81 9 21 18 184 48 179 2 19 106 1 20 51 2 59 72 55 106 130 48 116 316 52 38 5 57 84 100 20 13 42 48 50 80 0 30 18 56 91 90 120 0 10 18 163 66 57 62 115 43 82 85 15 85 18 32 77 63 61 65 108 100 85 72 16 12 81 0 0 139 22 24 187 37 141 0 102 83 83 0 147 30 35 175 0 6 48 44 16 12 31 33 79 6 74 39 115 9 8 46 72 64 6 83 36 104 0 168 32 24 89 27
36 20 77 86 24 0 26 40 136 84 118 112 32 0 119 45 58 72 168 170 147 150 40 50 194 111 74 72 133 80 130 91 7 44 27 29 49 129 13 173 68 73 19 93 47 26 36 16 40 0 49 111 52 39 121 97 108 25 57 30 0 74 82 94 60 29 14 32 0 0 42 24 84 68 0 52 84 66 44 82 36 116 68 12 78 3 73 6 48 18 79 0 0 0 55 86 50 183 40 36 78 59 49 24 12 49 71 108 54 210 135 24 15 48 14 0 128 49 117 76 68 25 56 49 16 24 48 135 0 110 110 72 0 150 111 0 21 52 82 7 15 36 16 6 40 87 14 48 120 36 8 137 21 60 42 28 48 119 40 74 11 86 185 20 129 28 0 196 83 27 42 25 20 131 86 21 61 128 55 129 108 39 8 99 9 0 0 54 108 104 14 113 114 17 104 0 63 48 74 0 88 0 63 96 59 145 16 5 30 28 51 97 74 0 224 117 22 53 76 9 20 46 66 40 92 60 26 9 26 101 35 108 15 28 36 79 30 79 231 90 8 79 61 40 178 25 36 148 21 8 89 18 56 54 75 224
20 44 92 72 76 0 21 24 16 85 54 40 8 55 104 59 86 72 43 36 35 8 93 10 18 68 4 76 81 124 14 40 32 69 113 92 0 110 135 76 0 0 42 8 24 12 8 27 39 0 88 18 63 142 80 4 87 0 0 3 0 75 28 96 12 193 97 1 35 20 54 0 41 98 40 0 10 187 10 97 12 99 48 45 63 59 68 109 57 2 85 9 0 4 0 20 75 41 110 70 12 12 40 13 0 48 19 103 196 0 34 23 15 93 20 28 17 41 151 63 157 127 88 82 18 8 43 95 88 70 113 0 60 96 6 0 0 51 40 11 201 111 0 44 24 20 103 46 44 24 0 66 28 48 12 73 59 28 0 109 51 52 121 7 28 128 94 142 48 40 36 54 46 88 40 50 52 173 8 55 71 18 87 158 1 51 85 12 119 51 94 34 42 0 65 44 28 0 105 0 104 4 121 91 14 24 4 0 111 0 43 94 0 108 64 155 121 70 5 0 64 56 59 33 30 44 32 0 29 38 0 20 9 75 12 18 90 48 32 52 0 89 125 117 199 16 108 143 129 0 0 88 91 52 54 28
110 0 24 6 6 30 51 69 110 155 90 32 99 51 78 36 6 27 20 30 40 14 89 12 8 126 10 22 23 23 36 68 12 85 45 57 50 44 48 75 0 30 96 29 35 0 8 24 7 0 29 18 104 14 28 81 20 54 44 66 110 6 80 6 0 54 79 56 85 9 24 92 40 20 28 68 85 147 20 72 0 48 20 82 0 27 31 37 0 42 105 81 42 13 46 129 7 73 6 58 134 0 30 34 3 5 28 46 118 7 41 81 0 0 0 37 12 24 31 108 41 44 66 22 48 0 38 123 72 70 54 82 190 8 78 32 48 18 65 21 8 16 16 12 3 77 122 24 181 48 54 49 42 35 0 13 87 0 9 6 11 80 70 0 151 102 0 77 82 54 0 44 3 8 100 11 14 6 3 69 67 62 59 91 22 70 0 0 129 18 84 45 42 84 54 64 38 42 141 41 107 0 2 32 68 53 45 31 122 28 57 137 23 110 59 98 84 7 65 0 69 121 96 1 18 12 24 24 22 87 0 9 28 0 0 22 16 0 53 151 48 7 88 7 115 85 0 81 93 41 7 3 23 80 106 18
26 73 141 56 95 114 37 142 80 0 34 73 107 28 90 0 55 14 45 72 107 134 49 106 3 96 42 143 131 143 160 15 0 0 47 82 72 69 137 117 72 120 0 45 181 81 63 34 93 0 81 24 17 207 43 65 9 216 21 14 29 16 57 11 42 80 71 149 72 77 70 137 69 282 83 21 35 120 11 14 155 16 30 51 156 126 18 78 36 45 103 35 35 124 188 142 72 68 55 188 132 35 163 32 111 9 204 0 69 0 144 117 40 72 111 132 118 75 29 20 32 79 109 32 16 161 78 143 28 44 46 39 51 7 9 104 106 40 99 130 12 15 50 12 18 102 122 74 47 36 0 44 21 45 91 0 14 121 5 91 10 52 43 33 186 39 134 47 90 27 140 33 21 40 8 3 57 60 42 55 52 124 0 102 190 90 123 56 91 48 59 32 175 145 36 20 99 37 48 30 64 60 64 155 60 55 52 20 24 79 127 87 24 31 94 16 57 83 63 15 105 149 92 77 55 0 0 67 84 5 42 14 24 64 84 30 15 130 80 29 78 166 70 15 112 24 85 110 13 14 98 81 124 43 93 49
27 40 40 24 38 69 0 25 100 49 41 81 64 5 36 61 112 18 21 81 25 45 33 0 12 72 0 54 77 40 14 38 18 84 0 65 46 73 42 45 72 72 51 24 15 65 0 15 53 36 30 88 116 26 27 76 114 25 24 6 127 58 93 35 84 37 0 110 0 104 52 79 33 20 30 0 10 91 148 12 40 27 60 46 59 4 27 38 27 73 21 0 51 26 4 157 12 0 69 66 153 18 25 18 56 90 32 36 32 18 9 64 52 42 60 69 58 62 0 16 0 27 58 49 21 105 24 134 0 45 0 0 20 84 119 4 89 12 84 42 0 0 11 85 41 75 85 6 9 0 40 24 45 71 56 0 15 0 45 65 68 113 23 28 14 20 0 4 0 48 0 12 27 36 89 26 93 51 10 43 0 131 9 0 109 31 46 63 12 0 0 107 90 0 0 14 66 48 40 40 89 31 14 30 0 29 14 57 0 100 141 24 0 66 18 6 20 72 0 12 129 20 114 15 27 0 43 69 33 108 17 35 123 54 0 34 63 0 60 166 89 64 0 77 54 12 35 48 0 14 86 76 95 15 6 40
0 44 43 44 0 61 30 8 86 54 0 117 6 19 32 8 10 0 27 92 72 59 8 80 38 0 49 33 7 16 31 34 12 66 6 76 20 40 2 20 146 27 3 10 56 12 0 69 1 9 18 48 88 70 0 29 0 92 32 0 4 26 12 20 33 87 81 70 9 8 28 123 37 5 0 18 4 32 24 72 54 52 21 8 74 14 0 129 93 18 0 0 0 56 77 32 3 0 10 0 84 11 24 0 8 28 28 72 71 45 20 26 8 6 72 24 99 72 22 18 36 49 12 28 95 4 0 9 63 12 32 69 8 18 28 42 56 114 87 48 14 66 5 12 128 48 43 77 21 42 4 0 88 28 81 18 0 29 77 15 42 7 17 32 83 43 12 36 0 95 24 1 80 122 9 63 12 0 3 21 42 120 71 40 89 10 0 21 108 67 24 37 59 0 115 9 72 21 60 20 106 5 2 16 49 91 28 12 0 77 32 9 0 0 48 0 23 21 39 27 68 112 0 66 28 22 6 16 186 27 49 18 72 64 43 0 0 64 53 28 63 56 11 5 68 52 38 30 0 30 57 38 16 38 0 31
35 32 54 137 8 47 42 140 0 0 105 102 189 24 34 140 0 39 139 63 116 124 18 40 65 34 86 8 59 8 138 121 0 16 98 107 199 139 124 76 58 44 12 4 114 21 0 16 32 69 84 24 21 42 81 56 102 0 89 45 44 12 20 82 16 82 79 62 0 0 56 12 32 8 58 110 36 136 172 51 78 130 14 84 16 63 23 75 16 63 162 35 16 14 84 184 77 80 151 127 101 27 48 23 6 15 56 97 121 91 40 65 55 41 116 147 55 37 138 42 28 93 162 9 53 56 10 115 56 149 122 7 133 159 66 54 0 10 98 65 104 51 54 56 49 8 22 51 51 73 102 0 66 139 41 15 40 63 40 134 0 74 133 44 12 121 121 79 13 8 0 35 56 42 78 67 41 75 14 7 18 45 58 25 62 44 162 20 100 0 143 83 18 15 36 149 49 197 112 0 102 27 30 21 32 139 135 36 16 6 0 141 40 103 63 45 70 112 2 69 115 86 91 27 0 57 77 16 69 79 0 66 139 0 39 70 81 42 132 37 8 76 58 2 110 128 47 144 56 64 0 204 84 159 69 121
16 59 279 67 78 108 112 20 80 55 61 48 110 88 70 106 142 84 102 192 102 200 18 143 74 173 86 149 151 64 132 129 19 42 141 8 16 52 39 9 41 67 70 106 18 81 38 64 47 24 6 94 24 62 194 34 34 185 106 64 75 15 105 47 57 133 80 120 108 75 89 228 135 31 41 101 73 149 27 8 30 0 122 0 149 48 37 12 34 78 73 78 0 96 96 67 104 164 127 148 88 113 102 40 124 24 155 16 80 147 16 150 34 138 81 0 104 49 63 40 66 138 115 64 109 60 157 182 122 178 129 21 80 69 33 68 99 188 132 93 67 87 105 91 33 26 35 53 144 3 28 48 89 93 90 27 24 105 4 206 12 163 158 105 135 77 92 113 101 191 146 180 55 69 29 64 21 92 70 134 74 16 0 107 130 24 109 100 155 63 56 29 87 99 14 70 139 139 110 24 38 120 150 123 164 187 63 56 0 42 33 93 25 136 64 75 148 138 70 79 128 71 18 155 61 176 15 50 93 11 77 6 38 201 53 114 46 64 72 240 100 54 6 47 21 22 93 30 32 0 228 72 155 118 66 86
5 0 42 110 38 2 51 20 0 64 6 108 54 0 28 159 0 3 147 30 90 36 16 126 140 109 21 61 37 30 96 21 48 124 98 35 72 24 92 0 28 31 65 115 143 0 0 130 60 0 48 102 18 5 44 78 93 33 56 196 7 38 0 23 0 35 36 48 48 0 0 28 43 43 72 21 108 66 97 153 77 115 0 75 71 62 16 30 109 8 81 29 6 0 3 73 24 11 21 0 73 96 45 20 0 57 0 12 42 24 42 33 5 84 93 0 124 146 103 88 24 57 18 107 118 9 14 45 148 3 4 92 98 64 45 107 123 0 63 0 145 42 0 0 121 16 31 54 5 7 5 8 69 0 99 37 27 25 0 93 23 25 99 70 114 81 0 92 38 51 21 82 14 93 156 30 52 82 9 144 173 25 15 20 61 24 99 20 122 28 74 70 126 6 177 91 35 42 0 0 31 9 0 62 0 80 16 32 93 1 67 3 2 137 111 68 107 0 92 2 81 91 142 26 60 70 56 162 135 58 0 29 73 46 25 30 7 28 140 94 18 72 0 10 61 12 19 94 66 49 0 18 85 75 16 68
18 126 15 0 52 30 53 55 0 75 12 0 111 96 29 135 63 18 27 100 111 94 14 107 88 72 26 145 87 199 165 25 76 0 32 29 36 27 9 90 191 62 88 42 198 177 48 79 30 96 0 108 0 0 25 65 45 111 36 98 129 0 195 81 96 25 34 18 32 36 75 93 63 45 57 55 180 68 72 150 106 18 18 0 110 105 111 75 105 78 91 87 45 8 39 0 86 104 50 60 48 62 59 82 143 0 72 72 99 35 96 14 38 24 117 16 28 22 69 17 72 137 0 64 2 42 54 53 60 66 196 0 17 9 128 49 90 62 0 63 130 79 5 0 123 60 54 145 144 0 7 42 171 45 90 0 126 65 81 63 32 48 54 137 26 0 48 148 10 162 99 25 33 37 56 0 81 173 19 0 105 0 77 119 111 36 28 162 214 0 70 126 118 142 72 48 225 6 4 52 66 109 32 178 0 8 20 56 0 30 0 22 8 72 0 63 0 88 78 8 78 32 40 63 36 48 0 82 97 72 81 23 40 112 149 0 47 148 234 60 0 102 89 98 99 117 0 71 0 35 35 63 96 112 217 84
0 137 72 92 77 54 86 84 63 42 89 48 48 26 198 0 226 127 34 36 92 29 16 36 80 41 80 15 28 130 7 21 49 18 37 42 28 102 76 96 99 6 144 28 126 130 0 42 15 30 0 75 73 174 62 36 8 24 8 85 63 42 70 48 72 123 123 20 0 3 54 58 117 27 144 12 78 155 142 61 174 105 0 18 78 153 36 34 36 10 27 72 59 81 35 68 49 0 98 81 18 33 229 0 38 54 161 35 38 0 142 50 42 247 40 49 140 61 66 88 0 61 32 0 45 94 64 149 76 33 7 72 52 0 87 2 15 21 52 49 0 66 72 72 0 234 144 27 142 74 74 127 26 4 26 40 24 63 25 216 64 83 36 52 77 134 70 59 0 61 75 69 44 45 63 59 20 90 37 96 77 71 19 24 202 102 21 81 28 20 76 0 48 48 4 52 30 25 131 66 68 22 21 9 97 88 0 131 0 40 0 103 12 56 15 50 84 28 29 27 97 63 12 36 60 30 6 7 8 94 24 157 16 0 14 70 93 81 83 32 74 151 66 63 69 66 112 174 39 96 28 70 81 30 242 188
108 115 75 57 58 5 40 169 91 90 165 90 28 81 129 144 132 43 64 67 146 0 127 81 78 83 68 98 20 0 93 150 9 119 0 81 105 45 138 22 44 77 61 16 63 84 100 25 147 102 100 151 57 72 105 162 122 62 94 81 43 32 22 52 209 56 7 5 96 18 173 40 36 57 65 62 75 36 159 150 98 90 96 85 64 0 72 107 44 108 252 30 0 0 81 52 104 40 32 104 54 67 111 32 36 45 36 48 119 27 135 41 130 173 18 63 6 39 62 23 81 35 12 18 135 63 32 69 16 6 27 123 5 41 99 160 0 96 130 123 113 70 25 12 81 83 73 57 46 75 6 45 22 120 38 66 24 0 17 67 72 8 150 42 158 144 64 117 0 55 0 79 36 0 27 70 12 60 68 84 64 63 4 32 91 182 8 81 282 32 82 78 60 40 42 56 20 112 4 12 2 18 0 106 70 115 12 153 24 0 147 0 33 267 162 21 218 18 40 0 39 57 98 4 162 52 35 84 3 112 102 41 0 24 117 68 108 112 181 138 99 63 87 112 111 78 53 155 112 3 90 70 52 97 181 0
20 7 187 3 27 9 0 0 60 132 151 90 97 70 66 86 140 36 132 120 0 43 0 48 44 122 28 38 121 3 75 84 4 102 83 81 10 79 18 15 12 29 74 118 134 69 14 12 56 113 55 178 62 2 29 137 138 49 40 40 48 177 73 18 37 49 79 71 78 9 73 26 63 136 6 58 45 82 0 120 41 78 13 73 206 63 3 45 16 45 116 0 8 0 8 6 22 96 92 91 92 53 72 6 55 108 48 75 66 90 98 126 0 48 9 75 121 4 54 165 9 106 113 10 97 48 77 57 32 19 30 78 10 2 0 35 65 37 74 1 43 14 112 28 38 4 7 2 21 0 0 64 19 36 49 8 10 0 0 51 7 16 221 44 65 36 2 47 82 47 91 79 75 40 158 28 13 67 60 40 149 16 3 72 32 26 14 0 34 3 0 0 40 30 65 94 63 65 88 24 28 79 38 158 55 59 24 3 45 1 94 6 81 63 111 18 21 4 64 0 196 48 27 30 81 131 0 0 40 72 10 0 52 150 36 76 40 70 33 87 232 0 0 69 93 6 155 51 39 0 76 129 65 85 2 6
42 8 63 36 118 57 36 130 30 115 7 99 38 94 115 43 4 21 32 58 0 45 103 51 23 36 125 39 135 85 103 91 0 12 78 17 100 72 76 41 45 54 86 34 70 42 18 61 28 128 0 24 113 77 68 71 154 81 93 39 0 40 24 37 76 80 56 59 36 0 95 21 57 58 0 126 74 100 40 86 35 92 100 66 45 17 270 46 16 142 125 54 51 97 49 69 120 144 56 73 28 62 75 103 43 48 23 63 57 79 14 110 32 83 24 41 20 34 54 117 47 118 14 24 16 0 159 50 69 34 81 18 170 175 40 45 98 48 24 11 10 90 99 0 7 0 118 113 76 66 0 15 36 34 30 24 119 14 6 20 0 116 18 65 112 81 40 89 65 184 32 25 44 4 36 5 56 140 89 45 65 93 50 139 20 79 0 0 18 63 54 36 98 0 64 16 36 0 67 29 56 25 119 84 6 83 137 10 48 0 16 55 93 93 87 0 0 56 78 78 68 42 33 12 39 62 0 86 46 32 117 7 32 62 60 186 104 0 121 161 76 63 63 42 30 77 78 155 82 35 109 11 90 156 153 96
0 96 45 99 0 0 0 28 113 80 72 27 33 0 148 81 8 45 0 0 12 4 80 144 0 18 0 56 65 0 93 0 42 116 45 0 20 32 141 21 14 0 14 208 399 72 8 135 67 27 0 81 59 0 93 126 0 81 0 63 48 14 166 0 0 0 14 106 145 7 24 0 0 110 209 31 4 136 40 0 0 48 0 1 0 69 0 21 0 27 10 0 0 86 15 92 0 9 21 0 10 0 108 0 78 36 0 0 45 39 63 81 42 45 45 20 107 14 27 15 64 135 54 168 8 0 5 25 50 0 83 56 34 15 92 27 0 0 108 0 14 7 25 0 0 0 75 36 72 36 0 36 3 29 66 0 28 30 0 5 10 60 13 0 7 77 0 0 36 63 132 0 11 56 152 18 77 77 27 106 234 0 72 6 1 49 10 14 56 18 0 77 36 0 4 59 45 63 74 14 0 81 35 21 0 25 91 0 0 107 121 0 106 139 136 7 0 133 18 117 0 0 49 9 15 15 0 72 0 95 0 42 50 65 49 75 11 0 45 0 142 83 87 9 112 51 45 58 81 8 69 45 39 92 56 0
0 38 45 77 30 119 12 0 0 126 38 14 122 128 16 34 77 20 58 28 42 0 25 139 42 45 30 87 36 72 71 18 0 106 38 60 83 45 0 0 8 31 0 0 0 96 35 91 60 21 86 161 0 0 104 8 32 16 103 0 126 0 0 45 9 20 72 0 9 45 14 23 20 89 4 46 63 80 73 42 35 28 9 0 0 12 0 41 9 45 20 107 99 0 63 36 36 28 40 45 106 62 77 0 81 35 77 0 42 68 12 67 16 2 33 71 39 43 5 9 72 14 0 5 18 81 80 37 31 0 67 2 40 105 20 17 0 4 81 58 61 72 0 103 111 74 32 12 112 24 38 0 41 86 54 0 7 4 182 35 45 3 26 0 10 171 26 57 0 25 45 36 39 0 43 2 39 28 44 24 0 27 40 51 63 45 45 102 139 8 41 81 0 47 0 77 236 31 8 6 117 5 18 30 6 9 28 0 27 87 21 40 30 80 83 93 15 54 0 27 45 25 20 12 10 157 48 4 0 20 52 0 2 116 47 4 68 0 50 0 35 25 86 97 45 126 54 0 0 7 21 108 0 12 4 75
63 0 0 56 16 19 68 96 67 10 22 127 105 19 33 42 158 39 67 34 140 125 59 42 120 16 178 71 144 49 46 32 101 5 67 28 12 67 90 113 71 51 36 97 0 96 0 7 51 25 64 82 0 15 37 30 49 65 48 74 30 66 46 6 40 106 29 70 17 0 2 64 0 16 64 40 32 0 75 20 28 100 0 0 8 0 63 0 48 5 25 128 41 94 8 43 71 108 72 51 67 74 67 42 10 36 76 0 81 94 38 21 2 92 0 0 38 98 48 73 9 48 0 48 42 14 100 100 33 117 60 16 40 0 92 17 16 87 116 4 3 20 144 30 4 44 92 20 66 41 41 21 0 35 48 39 15 105 9 88 38 120 124 64 24 0 22 68 1 17 105 40 46 88 92 37 30 40 68 0 76 8 25 64 81 0 64 12 104 12 20 15 22 56 41 0 27 82 13 28 52 28 52 8 87 88 0 16 29 0 84 81 69 72 43 47 81 8 0 120 0 64 39 54 26 162 96 9 110 60 3 20 0 72 27 103 53 31 77 6 0 7 58 53 35 105 133 55 3 79 31 51 65 146 118 233
0 40 18 53 0 76 0 60 28 0 71 6 48 111 0 0 20 0 15 0 30 36 18 0 9 47 9 27 93 103 41 45 0 0 18 0 18 0 41 99 0 1 33 0 0 40 28 42 5 41 20 24 5 25 20 89 30 50 24 39 48 29 30 43 36 27 1 0 0 5 68 27 32 40 131 0 40 63 96 16 65 25 45 50 0 18 1 36 12 94 15 8 45 0 3 0 0 96 69 0 46 74 127 24 0 93 9 6 0 0 26 4 67 27 0 8 0 25 16 64 90 0 24 26 0 48 0 48 14 0 3 7 44 9 0 114 40 30 28 43 51 0 0 32 11 8 46 32 35 0 16 16 31 30 0 6 0 0 0 82 39 35 13 108 8 85 0 4 28 81 0 60 18 6 25 20 0 5 0 20 0 40 0 40 115 36 85 27 87 63 6 35 16 0 0 24 54 0 0 40 27 0 0 36 46 29 6 93 36 15 73 0 0 45 0 33 21 0 64 0 30 30 69 5 12 34 0 49 0 0 78 35 0 18 25 43 28 48 24 40 16 0 0 1 55 17 13 9 0 3 0 0 10 0 72 53
0 143 94 23 92 20 0 81 49 53 34 8 112 96 150 137 83 0 45 245 43 97 0 44 28 65 28 96 58 32 36 1 36 14 93 16 88 92 36 142 117 0 159 7 18 20 0 75 88 33 90 42 158 0 99 146 80 6 27 0 36 28 51 49 64 141 88 52 0 65 36 43 9 86 9 45 46 90 120 25 56 24 89 0 204 2 72 110 7 71 0 0 14 24 100 155 25 40 81 90 190 36 36 0 90 0 72 12 55 36 55 112 92 84 77 193 20 42 149 56 76 114 117 2 14 85 104 64 93 101 48 40 24 72 114 18 22 90 57 18 110 40 12 0 118 136 104 16 73 11 24 12 67 63 28 24 39 0 16 174 74 53 118 41 146 57 44 235 33 87 46 147 56 44 3 69 16 107 0 83 66 14 16 50 83 34 107 29 99 83 112 81 103 132 49 21 0 6 83 0 96 38 6 44 86 18 72 99 9 126 62 13 109 137 18 8 51 93 48 0 116 34 70 107 30 34 94 102 32 121 50 62 104 72 100 9 35 53 50 54 67 101 6 40 50 54 28 42 27 69 89 124 40 74 54 45
88 91 50 91 39 92 4 0 0 8 71 45 106 90 100 130 89 18 26 93 86 144 65 84 43 124 123 60 99 156 9 65 50 81 53 12 77 36 117 14 9 27 56 45 54 100 38 21 79 43 96 4 55 43 66 23 24 6 25 134 50 0 26 15 80 0 55 78 7 0 105 63 3 28 48 115 89 60 163 59 131 111 98 45 83 0 68 54 6 11 62 17 0 184 61 29 35 104 6 18 40 16 30 12 21 21 0 24 36 197 92 137 9 87 22 35 0 77 90 38 4 35 56 114 90 6 71 153 117 42 41 66 43 54 12 109 0 0 130 81 110 178 10 0 22 27 42 8 38 56 12 11 20 35 12 133 63 101 20 54 59 14 58 0 32 79 0 69 34 54 16 90 81 36 108 45 33 73 16 91 64 6 56 7 0 0 39 55 279 40 10 189 54 44 71 88 52 30 126 0 8 96 61 49 0 128 37 1 8 9 61 53 100 54 88 12 68 15 18 105 117 26 135 4 60 49 37 68 73 58 0 0 6 45 192 131 15 0 12 63 20 30 34 67 127 79 83 77 18 60 90 56 10 19 42 84
27 103 32 2 36 114 81 150 0 85 26 109 69 63 32 81 63 108 0 121 45 236 67 45 65 40 26 50 75 95 105 15 98 6 148 6 14 73 69 90 114 77 108 20 116 47 3 27 108 59 4 18 44 75 171 71 45 21 6 30 18 180 246 75 108 42 100 92 36 63 52 109 4 0 45 43 167 153 96 130 109 128 87 42 113 0 184 32 85 63 139 0 26 93 4 22 93 96 100 79 84 22 72 118 2 14 132 56 64 227 112 122 114 101 81 99 55 65 145 28 9 23 0 20 32 99 73 33 6 50 94 8 57 105 81 18 48 8 18 90 33 169 0 72 17 65 45 169 84 0 49 76 56 63 38 30 107 0 0 119 31 20 111 23 81 47 100 67 111 135 75 45 12 57 81 1 29 74 20 12 84 0 128 10 100 36 147 100 87 144 133 77 44 40 81 62 105 3 104 25 68 94 104 98 82 13 96 28 12 36 27 91 45 85 105 68 18 100 84 39 89 138 54 6 77 9 18 74 109 68 8 81 4 23 151 150 77 0 166 67 24 27 45 32 191 63 100 42 59 35 96 26 99 48 246 66
123 106 139 64 61 34 44 137 33 20 0 40 88 23 45 181 24 0 0 73 226 168 79 121 176 0 53 14 85 12 66 27 52 5 34 32 141 93 174 57 25 43 12 111 141 22 40 16 46 64 154 54 40 0 54 32 0 127 162 21 112 84 0 0 0 79 15 79 19 9 0 71 4 26 0 79 46 0 82 65 0 54 2 48 34 16 13 18 118 6 126 0 24 168 75 12 72 15 187 8 29 48 9 71 30 9 0 104 68 79 70 45 45 45 58 83 135 58 57 58 30 178 60 28 24 152 33 105 0 56 80 100 82 25 53 64 36 49 62 70 22 24 70 24 204 19 56 4 40 0 75 92 79 56 22 0 82 48 83 153 10 88 78 84 17 120 135 21 0 87 120 63 12 0 68 103 42 124 12 8 65 28 36 171 163 34 64 0 79 21 29 10 184 160 0 82 8 63 80 63 76 81 60 88 28 153 0 17 63 91 10 136 8 20 4 39 48 4 4 34 96 98 35 36 0 0 49 83 178 72 105 0 27 38 33 88 85 0 172 42 27 14 28 2 45 55 65 56 55 22 16 108 59 35 17 0
0 45 100 84 81 103 45 19 0 0 45 0 24 40 58 0 0 3 77 42 163 47 0 113 42 124 56 78 115 144 87 0 0 0 40 153 37 180 40 146 80 69 73 58 101 0 15 15 113 104 81 57 172 0 96 106 61 71 0 80 44 7 161 81 27 36 24 16 16 49 13 16 67 25 18 25 24 118 0 25 69 32 4 8 40 9 24 45 36 0 56 35 0 0 20 113 71 130 30 16 87 20 56 21 135 101 70 0 37 27 49 118 5 21 70 100 22 31 36 0 8 35 0 8 0 0 71 35 61 69 136 5 134 64 63 16 98 30 28 21 184 0 0 0 0 59 16 72 74 18 0 30 0 35 12 0 124 48 30 24 47 99 99 21 122 0 0 87 32 44 7 71 24 94 18 15 0 102 21 72 25 45 0 169 79 46 35 0 84 52 58 0 203 131 65 0 35 8 20 36 33 0 0 87 49 4 19 49 118 8 44 48 17 32 67 46 49 76 21 7 0 168 87 41 37 0 36 63 54 86 12 27 14 95 124 99 86 60 3 26 4 45 45 99 51 15 0 29 17 5 45 101 72 50 133 108
53 25 28 103 126 115 72 137 156 83 4 7 132 32 89 51 24 12 14 86 69 52 42 37 57 98 49 232 76 112 179 7 45 20 173 52 91 53 74 148 174 126 123 93 189 72 51 108 70 24 47 71 16 61 117 133 116 166 56 48 32 32 135 77 69 4 69 40 69 34 82 202 101 87 18 61 90 28 75 136 72 201 54 92 171 43 77 28 12 60 116 27 12 21 48 24 161 28 63 63 100 0 74 20 6 27 84 92 78 15 30 14 77 81 27 108 115 50 144 140 9 107 0 64 21 7 53 3 117 45 130 18 40 0 38 140 90 66 21 0 178 93 38 0 43 24 26 142 141 48 7 12 28 28 146 12 36 59 0 160 61 84 38 130 66 130 35 203 18 83 94 103 12 148 50 8 112 80 8 20 89 137 31 123 117 76 159 18 9 80 63 50 69 56 0 25 85 0 57 57 70 49 80 54 8 69 0 147 12 63 105 24 106 117 110 38 88 24 64 31 186 36 68 70 49 87 99 196 64 72 52 61 18 64 49 89 0 3 115 75 21 56 0 52 79 112 110 7 70 20 167 66 97 132 184 105
58 116 111 8 36 152 27 0 0 6 32 0 117 89 32 86 68 5 157 60 85 99 9 52 55 21 91 50 97 18 42 97 34 14 177 111 28 121 15 7 0 48 21 40 68 46 18 25 30 60 3 48 73 45 80 63 142 61 85 13 60 69 68 0 92 39 56 30 28 48 59 6 30 101 27 98 69 87 18 64 49 56 63 18 119 33 0 20 56 46 114 64 98 127 123 45 27 0 176 151 30 65 126 0 51 26 31 24 36 16 0 163 44 21 37 32 72 3 21 110 108 98 66 66 68 129 28 197 24 62 97 80 28 30 42 11 48 0 84 28 8 99 80 40 86 42 9 24 72 18 42 66 30 65 55 0 40 0 48 126 70 63 131 141 108 65 24 94 46 95 58 38 18 65 68 85 7 83 0 34 80 12 0 72 130 99 69 65 10 21 20 0 51 104 81 88 1 28 60 0 36 29 7 43 30 66 16 1 48 16 138 8 84 0 77 29 0 85 0 39 120 0 44 55 61 63 71 17 0 84 94 42 56 64 37 27 84 24 9 112 48 39 48 77 101 63 0 64 40 7 90 41 0 23 34 56
46 70 30 21 55 83 5 91 9 20 54 72 174 27 108 14 52 45 15 40 151 29 84 0 85 28 45 118 44 67 155 21 94 46 12 16 18 119 27 9 53 0 78 4 14 20 103 68 42 35 100 125 36 74 64 35 124 65 128 133 15 60 19 0 38 29 75 45 40 0 24 24 47 113 39 85 190 112 25 36 0 44 0 35 8 92 28 34 0 0 52 72 14 57 25 15 65 135 44 28 70 67 78 35 73 9 56 95 8 14 72 58 66 53 79 75 59 76 132 40 72 44 8 12 25 0 33 50 32 0 56 25 10 7 63 0 20 35 22 0 39 0 24 24 0 106 56 8 48 78 65 0 49 0 41 0 80 28 40 136 43 24 125 30 114 35 25 132 121 0 42 50 0 6 0 112 82 66 61 19 55 0 52 20 0 36 106 0 0 35 6 91 149 40 17 7 127 11 93 30 22 15 30 51 78 0 0 16 0 93 2 28 37 204 144 0 0 15 2 70 0 63 21 8 42 94 3 36 14 0 40 0 55 0 37 59 5 48 113 46 12 20 0 57 100 85 58 0 7 54 104 63 42 71 56 103
95 60 101 38 24 65 66 132 160 37 0 28 60 28 44 52 48 1 153 24 98 89 51 92 39 29 43 152 134 39 78 0 0 33 20 42 59 20 89 8 161 30 35 108 6 102 107 28 107 59 39 118 16 66 36 41 232 83 127 2 0 86 36 30 132 59 0 93 8 2 55 127 73 20 12 0 207 20 83 190 111 0 18 25 6 16 42 28 2 67 78 9 76 143 30 58 103 63 95 16 151 81 33 7 36 1 93 36 78 72 40 93 14 22 33 130 120 69 70 71 68 14 10 112 71 77 73 56 4 48 45 14 22 0 0 118 64 40 85 23 53 6 24 24 92 132 64 83 189 37 56 0 61 16 62 8 103 4 75 265 33 96 99 28 40 72 99 50 22 132 103 9 43 48 46 12 145 128 96 19 119 56 12 111 173 41 62 8 57 28 72 64 78 120 104 32 60 9 0 42 24 40 73 83 42 28 0 12 80 19 103 95 0 42 63 0 60 8 14 0 247 108 58 40 60 0 0 48 56 108 48 0 31 20 25 0 35 39 90 45 42 67 35 6 196 69 112 68 56 63 54 77 74 59 138 91
153 0 97 9 40 36 72 29 78 108 27 25 61 67 81 44 52 60 124 64 132 92 198 0 46 78 14 89 105 54 66 22 0 121 55 74 101 56 72 18 50 110 107 73 94 30 89 54 112 219 75 225 38 72 141 53 222 93 123 32 40 130 93 1 56 26 69 56 67 93 20 42 21 120 46 36 225 118 87 67 81 93 30 79 84 30 32 24 131 71 45 56 48 18 33 95 58 106 79 46 143 74 131 114 78 196 104 6 9 141 78 149 17 6 59 110 55 88 116 96 63 86 68 0 57 75 102 52 11 32 39 16 60 101 24 12 48 12 71 49 85 1 53 106 36 121 50 0 20 94 133 141 104 117 173 66 177 0 130 75 30 30 183 3 48 16 30 154 70 0 63 109 63 46 145 44 130 97 73 38 104 90 140 95 30 15 118 54 114 51 32 73 93 123 40 100 102 78 73 102 66 20 55 109 34 60 12 0 23 44 46 74 36 96 102 75 23 131 26 0 8 16 80 64 52 31 57 0 72 53 50 90 113 102 72 43 68 128 83 114 51 0 32 147 223 0 89 125 27 0 117 82 52 77 103 105
105 20 123 122 110 63 138 124 101 110 8 63 60 28 52 59 49 39 48 1 69 66 0 73 90 32 104 0 181 117 69 99 67 22 156 12 177 102 210 98 5 57 99 82 59 32 129 30 24 161 86 36 189 57 28 73 174 31 64 47 41 78 186 10 187 54 34 4 120 0 99 58 15 30 130 64 121 60 8 8 175 39 0 0 55 87 145 6 84 81 28 177 24 118 0 111 0 108 30 45 49 87 93 24 90 176 83 42 63 63 158 27 43 102 81 133 84 18 99 147 48 132 0 138 42 0 135 69 90 0 44 100 54 75 118 143 58 57 136 133 37 131 88 0 82 48 115 102 174 38 32 138 19 0 42 45 205 116 34 54 33 95 102 16 0 105 28 88 0 47 54 117 83 51 94 9 93 118 8 88 44 131 71 115 177 77 0 20 155 12 12 23 149 28 0 18 69 84 0 58 154 109 12 237 0 21 24 49 9 23 95 111 85 140 29 0 57 30 31 187 45 104 115 24 46 112 0 69 8 81 55 30 27 61 101 48 90 171 51 37 104 81 111 90 143 64 77 10 24 54 0 93 125 25 129 170
139 32 0 24 42 16 77 49 34 28 41 59 58 62 64 15 61 0 16 148 171 11 125 54 29 138 135 60 36 123 16 0 27 67 65 44 94 57 43 35 101 38 130 0 54 16 67 7 16 15 4 99 54 103 42 77 42 78 105 10 33 9 84 21 0 120 115 42 0 27 29 74 36 30 3 72 144 121 62 8 87 67 2 2 125 28 51 84 38 30 24 54 36 47 48 28 87 95 4 57 29 0 18 21 25 141 48 96 171 44 0 12 84 13 48 66 22 72 78 23 27 68 28 41 63 72 44 85 74 34 171 39 111 49 51 16 81 67 69 12 245 79 92 21 44 87 15 30 44 12 0 30 52 12 153 0 84 0 75 128 38 36 48 34 31 141 33 102 0 36 56 12 51 62 34 93 75 161 0 20 26 14 8 111 4 66 78 18 27 14 30 24 69 81 26 21 125 105 63 27 44 9 85 30 40 88 0 91 4 91 18 66 49 117 44 10 72 9 25 105 109 5 17 8 7 94 12 6 83 56 41 27 68 152 23 26 100 72 30 141 32 0 0 223 72 70 15 36 25 20 28 148 183 135 101 100
0 30 0 9 85 88 0 198 218 163 28 73 114 21 22 8 72 0 75 50 120 30 53 38 22 8 63 72 162 72 80 33 67 68 35 37 131 67 101 27 5 87 21 72 93 74 62 55 3 0 97 158 18 0 181 8 64 36 40 0 0 6 62 0 63 0 53 65 46 70 37 27 44 30 120 32 33 125 142 64 54 40 5 0 0 15 13 49 71 15 118 40 72 9 18 53 73 0 120 18 89 0 67 8 61 91 68 0 40 96 24 0 56 67 5 135 130 29 90 41 58 20 0 56 72 69 10 40 112 91 64 122 117 139 76 20 115 0 60 86 21 77 25 145 86 47 63 16 47 27 40 101 65 45 80 24 45 0 30 51 103 4 184 41 167 219 27 144 0 0 32 84 18 51 98 0 125 80 15 54 85 55 80 80 24 118 149 55 21 31 112 77 132 1 131 98 45 172 74 0 121 6 10 188 87 48 10 71 106 62 69 63 0 254 76 76 186 65 0 74 63 90 34 0 21 30 35 128 28 108 0 162 8 93 27 49 108 16 175 132 73 71 78 59 263 144 42 14 99 0 0 81 24 167 133 96
146 0 67 2 23 42 37 132 174 12 47 25 149 36 46 45 58 39 134 48 115 56 33 69 174 32 60 27 79 61 61 0 72 21 30 17 6 54 28 27 45 52 48 89 62 40 114 83 39 66 37 18 39 80 3 39 223 15 50 0 24 0 37 100 24 63 66 82 48 0 21 42 9 3 59 51 87 33 68 60 24 118 22 6 12 63 14 0 3 0 19 18 12 56 53 104 72 20 7 3 105 157 130 42 51 18 142 72 114 8 89 50 20 0 3 0 122 28 48 72 127 54 12 0 26 63 84 49 52 74 46 24 48 27 15 12 6 15 105 0 3 0 25 0 50 36 36 7 69 60 0 4 42 32 81 0 75 7 3 121 42 66 0 56 15 88 30 36 66 114 45 30 17 72 0 53 14 44 72 18 131 0 0 21 72 36 0 5 48 50 0 14 62 138 39 9 48 45 29 0 16 49 36 125 62 63 27 58 19 14 51 60 27 89 1 24 6 136 18 32 66 52 12 87 33 16 21 33 0 21 84 9 63 12 66 46 28 42 87 62 24 1 24 12 127 63 24 66 55 0 36 52 32 70 97 55
0 69 111 51 60 117 39 15 14 20 48 35 122 99 125 40 17 61 14 5 42 165 63 96 16 0 15 64 0 199 84 44 0 54 84 62 56 12 31 126 73 55 47 16 16 96 15 167 95 102 16 62 4 73 0 101 29 60 65 72 129 26 135 178 18 103 152 42 49 44 16 20 50 66 117 56 30 7 24 52 54 12 72 47 51 148 38 75 6 10 169 35 0 39 39 42 59 45 53 2 112 0 45 69 0 151 40 24 87 63 100 103 48 78 3 183 44 7 71 150 18 29 8 77 5 0 25 35 89 0 99 54 80 40 114 40 64 99 34 12 163 56 6 0 56 40 24 2 49 20 0 9 0 95 20 13 66 0 5 102 48 20 81 14 0 168 18 110 8 126 0 108 0 28 114 41 8 77 0 56 16 115 41 84 87 75 29 16 69 54 17 88 36 45 63 28 113 80 38 114 58 18 116 102 24 70 9 68 24 90 58 40 24 50 20 0 189 12 4 0 221 48 72 3 18 43 56 171 20 71 109 125 24 14 22 93 51 72 75 50 8 14 28 117 86 26 0 8 26 20 49 120 43 45 53 43
15 120 126 30 97 196 145 125 72 121 66 152 129 0 14 58 86 54 52 55 42 75 68 65 97 288 95 60 198 57 54 12 32 78 192 71 76 12 32 161 76 52 29 58 0 93 42 72 154 67 9 47 84 71 142 167 30 194 63 58 14 10 75 48 40 28 77 81 144 29 104 164 52 195 32 18 0 46 151 28 0 153 59 78 25 21 0 142 25 86 113 50 30 174 6 0 32 161 152 67 143 100 149 78 73 24 81 24 125 99 40 175 86 32 44 193 58 107 142 36 21 23 4 24 79 69 28 173 3 115 35 16 56 40 84 141 18 18 15 61 11 43 91 112 86 28 16 96 51 78 17 0 70 37 52 38 0 71 70 193 73 100 134 12 232 18 85 191 56 189 56 113 145 66 154 35 11 60 14 64 66 71 120 214 39 14 46 115 108 74 13 108 89 35 157 24 316 77 99 16 134 90 167 15 52 13 98 28 96 38 170 9 60 5 249 133 0 107 58 63 27 153 66 61 98 31 102 103 70 74 18 24 84 120 27 72 26 16 97 120 81 16 0 212 155 16 107 10 52 32 108 116 56 21 3 208
53 58 187 114 188 217 35 134 64 72 158 66 18 75 70 54 54 6 80 0 112 105 121 94 117 76 96 179 208 96 135 204 0 52 54 120 96 178 62 83 0 45 9 113 253 126 72 63 156 138 78 48 23 52 88 89 136 144 32 93 54 111 51 72 103 77 36 10 16 0 42 110 32 140 9 78 54 197 54 22 106 130 48 36 32 62 63 118 87 93 26 206 72 72 29 12 40 44 90 28 66 66 97 0 69 6 119 85 86 150 159 44 96 136 0 131 159 5 28 177 72 85 40 0 72 0 123 94 66 0 191 102 53 86 68 75 98 36 73 93 109 126 156 48 182 24 124 47 175 111 75 94 133 6 122 56 65 12 51 102 12 56 112 72 180 84 6 32 88 64 187 78 57 132 22 16 208 113 36 50 83 5 45 212 63 28 85 77 236 20 54 69 194 0 30 16 32 85 48 54 165 15 49 96 48 45 46 48 0 70 213 77 77 12 119 25 118 46 16 18 74 47 63 62 24 166 67 110 87 94 55 0 0 144 40 25 70 92 56 12 107 80 56 16 200 108 102 72 0 41 81 40 40 140 96 121
45 44 50 61 40 22 30 33 24 30 122 15 68 73 105 55 111 9 65 0 110 58 35 41 27 79 62 49 38 34 0 0 67 62 60 1 30 63 13 6 0 3 88 0 13 88 56 24 37 84 0 71 32 25 24 22 116 0 67 45 35 27 6 12 30 48 2 16 109 5 26 91 45 71 0 0 116 45 171 12 45 6 0 6 109 63 121 46 31 4 68 0 1 123 0 68 63 0 0 25 7 72 84 124 0 20 30 0 34 3 76 58 65 20 9 37 74 0 24 26 73 6 52 36 0 24 99 92 0 24 30 33 48 2 0 36 4 24 44 73 0 0 15 18 12 87 65 0 54 123 96 24 18 0 28 48 35 15 20 40 12 82 150 35 175 36 70 35 72 8 130 40 48 12 27 28 48 0 99 54 54 52 40 132 60 10 0 40 16 0 57 35 81 64 0 45 57 122 40 30 43 76 20 65 39 38 49 30 0 68 48 19 56 167 45 0 111 36 0 0 118 52 6 54 48 0 10 40 107 57 72 15 103 65 16 81 54 63 5 15 81 54 12 56 86 35 188 46 49 81 48 118 17 33 96 49
0 108 85 59 187 15 37 292 0 60 6 50 60 33 72 40 96 0 0 128 161 71 5 52 58 36 64 16 6 99 49 116 0 0 51 105 271 80 60 27 49 18 78 36 128 36 32 0 20 82 81 63 74 44 144 42 166 63 41 0 60 66 54 48 0 42 50 101 0 15 0 52 24 28 8 104 57 152 108 6 132 52 32 70 12 34 165 20 9 123 58 0 42 68 76 189 82 9 107 27 126 133 108 0 117 95 94 78 51 5 58 87 45 84 86 87 36 6 88 0 0 55 92 0 8 63 198 50 66 27 12 16 0 40 103 21 98 25 60 77 18 56 24 0 25 70 28 75 7 9 72 15 4 123 4 0 79 28 0 114 9 165 12 81 50 12 54 44 58 90 52 0 57 84 12 1 118 83 70 20 0 0 58 135 55 63 69 0 5 71 30 54 150 0 0 27 28 14 57 0 72 31 59 80 38 109 59 15 48 23 74 85 8 51 125 21 96 78 53 0 139 171 69 30 5 18 80 44 42 54 33 36 93 72 156 28 68 0 45 60 35 54 60 26 33 113 157 182 43 30 117 135 91 100 42 69
123 55 43 0 19 57 83 66 81 0 14 28 88 94 32 86 145 60 15 86 73 33 48 54 43 34 48 19 77 106 96 45 0 30 45 24 66 75 15 63 30 11 99 0 16 107 45 3 27 43 108 0 4 0 77 12 55 27 2 18 24 92 67 0 86 0 6 25 53 45 89 17 28 58 35 35 30 120 17 9 35 72 0 15 27 78 48 1 24 35 18 54 24 114 0 56 0 91 153 3 9 18 95 27 62 68 58 89 20 80 92 26 45 100 36 63 0 63 18 9 10 50 59 0 96 0 105 35 30 13 18 135 21 35 90 45 0 6 120 54 30 15 48 72 28 74 51 10 57 54 76 0 54 95 8 52 78 0 92 153 0 121 70 18 118 64 31 0 20 107 21 78 131 55 102 8 27 0 0 12 0 0 121 21 21 19 72 56 147 0 81 82 15 5 58 87 0 0 11 6 40 158 100 31 6 30 80 18 0 57 17 92 128 142 80 130 38 104 108 108 45 9 72 0 42 48 0 0 24 19 0 45 9 45 144 39 72 0 99 20 5 0 81 63 123 3 138 18 8 0 18 27 27 122 98 64
32 50 18 54 10 146 27 56 83 16 74 68 213 26 30 58 74 49 81 111 135 36 16 63 21 139 35 73 90 10 66 2 26 28 35 89 108 83 0 41 27 32 106 46 173 26 134 87 6 162 130 54 72 4 34 46 149 72 124 22 38 85 34 78 144 4 69 57 72 89 161 67 16 78 41 14 206 0 46 49 145 192 16 71 83 82 27 73 27 56 117 0 21 90 26 51 48 25 31 88 100 8 141 0 150 16 51 36 48 68 15 75 84 86 0 166 26 86 0 31 16 48 97 18 16 40 12 32 122 10 149 108 109 8 127 109 0 38 63 192 67 21 40 16 46 112 47 23 16 78 12 64 26 23 108 82 27 9 55 125 130 32 192 14 76 20 81 27 27 16 32 28 68 73 20 36 33 20 27 46 56 95 16 48 48 77 33 146 191 0 69 75 102 61 42 108 102 93 48 34 66 22 10 135 44 89 20 54 20 9 101 42 38 0 63 2 28 78 0 0 49 199 131 16 33 10 12 27 42 32 39 0 72 80 83 113 110 34 102 145 78 24 61 25 178 77 57 80 0 0 76 8 48 64 65 84
25 138 0 18 203 6 50 277 140 0 81 90 31 46 72 56 75 48 23 70 45 241 0 7 75 72 50 67 46 42 182 54 89 65 155 0 82 92 153 136 142 33 157 66 260 36 35 79 55 70 225 63 96 136 140 42 50 148 36 63 119 69 145 46 161 135 74 21 32 8 85 84 60 32 9 96 89 0 8 63 120 99 28 50 121 6 9 167 52 150 200 0 0 136 127 224 16 109 76 42 8 70 244 7 82 21 72 42 21 28 76 132 204 122 143 164 135 132 48 54 80 53 72 172 54 12 41 111 82 77 18 103 8 107 281 132 49 18 108 42 30 103 16 0 93 48 81 36 24 80 102 5 9 0 13 63 171 58 0 129 92 45 313 39 259 81 112 69 137 152 81 64 71 107 113 66 6 135 13 90 112 7 32 105 76 81 108 44 243 145 61 90 239 33 11 57 102 168 136 0 134 60 72 31 116 139 18 54 79 63 14 92 14 183 164 73 97 128 48 81 0 129 111 126 84 0 89 111 32 54 10 43 127 90 92 111 90 23 134 140 84 102 0 102 62 206 119 102 0 4 50 51 108 86 127 9
12 103 101 101 42 115 108 66 100 25 76 120 102 30 77 148 51 20 135 42 188 119 114 105 54 76 49 87 60 50 158 0 40 150 77 163 34 133 223 55 42 126 0 181 175 136 49 84 114 87 117 75 90 67 109 114 0 9 146 143 101 95 113 2 20 20 72 8 146 20 20 83 24 156 143 5 72 117 40 57 101 0 58 0 98 117 28 30 146 0 186 91 0 83 67 5 31 134 72 72 101 24 37 113 43 28 73 106 32 113 230 139 32 16 98 20 90 53 69 37 60 72 66 110 7 44 88 45 56 0 109 71 136 73 29 63 3 141 65 60 4 63 36 8 23 128 27 0 182 39 85 85 67 87 133 82 48 28 92 70 109 89 111 2 90 28 0 101 32 98 242 48 20 64 126 0 20 69 114 83 174 92 71 113 56 147 143 4 188 9 84 62 80 70 0 7 80 8 9 0 146 28 16 64 38 74 79 57 41 60 63 9 30 20 123 78 105 100 44 0 45 133 26 9 68 97 29 127 184 44 107 27 14 112 47 65 36 56 115 54 116 16 0 9 34 112 195 90 45 126 53 37 81 15 48 41
60 124 129 36 66 2 0 72 27 52 48 5 81 0 46 68 28 48 25 96 93 50 28 105 45 32 84 81 44 92 88 1 113 8 94 28 8 64 20 74 45 20 104 0 0 12 27 56 8 81 49 0 139 27 59 55 74 68 66 14 0 18 85 0 39 65 59 6 84 14 69 17 7 0 24 93 39 82 0 14 0 74 120 1 44 0 84 32 15 88 56 54 24 42 0 60 102 136 64 96 24 28 0 0 142 81 188 9 89 57 26 0 69 9 9 4 46 143 54 25 119 36 0 49 0 71 36 30 17 46 0 54 114 45 36 20 64 42 74 71 7 60 50 0 0 56 29 7 115 0 8 9 13 0 69 0 66 6 4 141 32 127 101 70 48 34 42 202 56 96 80 24 0 0 20 137 0 113 36 30 98 7 6 6 66 8 77 112 109 64 12 56 131 6 78 8 6 14 48 6 66 108 0 98 56 2 61 3 44 0 15 48 96 84 42 98 28 55 24 60 25 62 66 0 0 56 0 36 58 19 58 0 3 166 138 48 63 123 207 51 6 29 44 103 8 121 14 12 30 0 118 92 59 155 67 48
15 20 133 63 0 6 56 6 0 127 65 0 36 35 35 7 6 43 46 39 20 133 4 7 20 18 77 0 38 15 68 15 0 28 42 0 77 40 105 81 18 62 58 28 0 67 0 0 22 56 84 0 105 0 4 32 16 117 3 6 21 30 84 36 0 42 106 8 0 54 41 0 0 61 6 42 0 21 0 6 83 19 0 56 114 38 42 0 77 35 31 36 49 49 97 63 0 13 16 77 6 0 61 28 24 126 81 20 6 12 27 18 0 19 45 49 96 12 64 58 49 57 24 48 56 0 7 21 0 42 5 48 0 21 58 18 36 5 15 0 63 43 21 0 18 58 0 6 0 0 0 43 0 27 28 28 49 6 0 38 14 0 124 103 3 36 0 9 15 2 70 17 31 6 56 15 83 18 2 8 56 15 10 49 124 112 33 28 23 30 6 62 26 3 35 86 57 9 18 93 32 29 3 97 16 14 52 32 4 0 55 0 66 0 79 60 58 18 0 0 6 0 104 37 28 35 0 0 63 45 4 61 6 0 6 24 0 16 78 89 52 28 0 8 21 0 5 30 0 72 0 0 51 27 22 72
101 92 54 101 100 0 36 153 142 40 68 79 19 161 66 239 115 72 56 28 42 63 135 84 91 56 117 108 107 36 143 62 78 96 49 127 124 68 154 84 166 68 191 41 119 28 28 111 93 29 70 51 89 138 57 45 200 151 33 8 67 36 12 121 189 62 134 102 20 33 171 27 56 52 88 36 53 48 175 36 132 77 28 89 82 18 114 24 49 5 82 81 32 185 84 146 68 59 69 44 83 134 84 0 102 33 48 49 226 29 27 152 128 33 95 101 79 71 62 87 161 87 54 106 150 135 84 66 245 29 129 127 7 79 48 96 109 36 112 122 164 44 130 98 140 0 124 0 25 46 36 24 8 155 112 45 136 48 9 186 73 95 47 4 115 172 12 188 36 0 56 176 95 103 116 189 42 56 22 48 106 37 32 81 146 0 114 12 47 30 17 36 153 36 8 16 45 72 141 0 16 57 70 64 136 130 70 284 61 45 140 160 104 224 72 37 15 149 49 209 97 67 88 117 53 112 0 137 76 64 97 0 40 179 121 44 52 60 32 12 18 56 20 156 126 72 59 32 35 0 45 108 102 138 91 101
24 10 43 46 5 85 30 88 0 14 115 67 14 24 40 2 1 21 39 119 123 25 7 18 72 116 8 35 31 35 39 88 28 58 138 12 111 81 141 64 37 86 36 116 150 27 175 36 23 42 120 93 57 60 136 102 64 58 3 31 48 102 96 112 70 111 18 102 16 81 56 12 4 106 0 24 76 82 40 36 84 194 74 18 76 0 6 59 6 18 85 0 0 27 54 52 94 27 7 87 13 12 109 47 88 3 30 178 55 59 83 78 97 165 27 62 54 57 58 20 26 90 48 8 109 0 52 0 77 72 58 108 19 37 48 18 14 15 56 1 33 152 80 0 26 8 70 61 104 72 0 2 19 35 94 128 63 6 0 105 6 10 50 8 58 72 116 43 1 47 30 79 12 117 14 24 32 89 84 52 18 2 19 36 82 72 0 32 15 96 137 37 52 18 121 40 103 82 120 0 44 0 75 27 63 28 35 20 18 76 33 0 32 97 105 8 92 45 29 74 12 8 26 59 15 5 0 50 35 40 8 0 115 0 0 39 0 16 2 116 20 0 27 31 55 66 74 207 139 67 99 12 19 51 95 43
42 71 100 0 48 45 4 91 18 19 20 111 26 24 144 50 102 0 0 20 46 45 60 0 191 20 88 24 42 48 20 4 16 40 175 73 16 99 18 99 46 54 50 59 72 131 8 54 81 75 123 36 16 32 24 18 30 154 0 29 110 86 37 52 48 188 39 66 0 6 0 92 46 38 84 30 88 41 90 86 57 72 54 17 114 33 89 4 58 19 39 54 24 103 0 79 10 0 60 0 61 15 53 35 95 89 42 12 30 0 137 12 39 46 0 0 67 122 30 159 1 54 40 30 8 0 61 89 12 94 4 81 24 48 47 45 36 18 141 13 101 24 48 0 14 28 34 16 24 0 0 93 6 37 24 45 16 30 87 153 20 40 49 79 61 4 12 34 63 56 4 63 4 78 67 36 144 62 0 17 45 64 0 99 176 0 0 20 58 49 28 75 61 40 24 60 0 93 15 64 66 50 28 105 0 37 12 14 20 112 55 75 99 143 9 51 18 22 6 68 24 153 16 69 33 118 63 70 4 60 0 42 0 135 30 54 51 74 0 58 180 4 6 22 79 80 232 3 0 0 8 24 82 80 50 106
91 26 57 48 50 112 144 121 52 54 96 21 112 54 36 42 8 53 62 56 47 122 78 63 0 89 54 150 81 120 148 32 7 51 45 60 80 71 92 108 111 56 59 27 6 128 27 18 94 32 127 58 26 16 141 40 81 104 104 32 0 30 174 30 66 10 133 12 100 0 117 52 63 57 51 66 82 58 105 48 12 48 0 5 105 14 64 68 14 114 23 36 0 50 90 136 153 91 143 107 58 8 49 18 30 40 146 106 10 32 31 24 11 0 51 197 133 27 75 56 100 2 89 45 44 50 12 142 48 48 127 86 69 81 57 40 45 43 20 8 95 24 3 48 66 18 34 128 130 36 30 0 15 83 14 24 21 68 6 174 91 62 140 135 75 44 25 89 32 42 87 46 0 111 0 80 81 139 69 40 54 0 27 48 74 141 135 63 114 30 6 53 35 81 24 18 14 54 54 27 73 112 159 78 127 40 72 59 20 28 61 74 79 105 199 159 27 6 22 0 129 61 60 53 0 38 36 81 49 12 59 49 55 0 18 2 48 33 48 59 43 35 104 110 169 5 113 24 12 27 72 90 169 102 151 53
173 7 42 76 36 2 74 0 8 20 68 147 18 90 6 72 43 48 30 44 61 8 108 81 16 45 20 21 49 0 77 51 30 71 119 19 151 25 105 0 66 8 46 0 20 41 63 77 16 84 92 28 44 28 23 12 33 0 104 21 66 81 41 63 70 34 28 102 103 79 8 0 54 28 9 0 119 22 81 71 160 1 37 24 77 53 56 5 0 29 28 63 15 146 127 39 98 81 121 8 20 2 30 8 0 82 50 132 44 32 88 65 0 85 52 13 90 80 8 56 93 98 1 87 97 86 50 90 53 12 68 63 60 93 24 44 97 28 75 40 33 24 75 4 49 85 56 66 87 124 32 83 0 62 56 42 80 63 18 0 40 76 45 53 24 92 149 0 0 58 38 16 31 77 0 89 37 7 45 36 72 137 16 130 101 106 0 0 26 64 52 18 102 0 40 61 68 63 88 67 28 49 73 129 0 78 16 29 51 70 103 41 26 0 68 10 115 56 12 0 0 17 9 14 32 35 16 45 128 116 28 54 69 56 49 157 150 134 36 135 91 61 49 93 65 0 21 110 0 76 1 137 59 0 76 45
117 176 72 55 109 94 72 131 0 148 77 55 284 8 70 129 5 67 80 32 97 153 80 42 131 96 114 95 102 83 193 79 40 50 125 8 119 114 32 26 67 18 27 5 25 92 0 51 136 28 141 54 34 12 41 150 50 107 74 187 3 26 18 2 0 28 108 34 85 10 40 78 5 24 3 128 19 124 57 64 28 17 12 21 100 39 44 60 68 15 101 194 24 40 56 27 2 105 53 184 13 42 136 10 62 37 86 34 164 77 147 91 29 5 106 84 36 32 72 79 42 34 86 13 75 27 28 228 134 77 88 44 28 46 98 125 46 21 109 82 36 45 20 0 84 53 62 5 87 27 87 26 111 69 64 0 89 36 85 45 69 111 124 40 174 91 121 93 97 87 28 4 12 95 31 46 48 81 3 112 17 0 84 120 50 48 159 72 165 90 65 145 62 123 57 62 65 9 129 27 38 39 63 49 14 150 64 56 87 83 9 72 77 67 91 166 16 0 21 11 79 66 72 28 17 130 7 78 113 44 18 57 0 39 62 117 79 51 86 18 38 105 100 41 181 193 81 89 83 88 41 131 37 62 116 78
25 63 0 63 0 221 89 140 63 8 23 100 90 140 145 66 63 0 33 160 72 138 174 111 122 62 71 106 71 154 24 0 0 0 58 71 75 71 105 6 146 133 269 110 204 105 81 82 138 30 43 44 41 137 71 122 30 124 18 57 117 10 107 34 111 98 67 76 60 63 9 219 125 98 29 103 62 138 63 52 165 104 108 21 84 35 22 40 117 70 157 144 51 176 18 116 29 98 68 12 95 54 81 41 139 56 52 40 27 133 114 166 25 159 0 24 68 100 207 103 34 94 138 56 24 24 76 93 210 32 89 67 199 122 53 74 156 75 20 22 236 103 0 23 32 52 239 37 92 24 0 20 120 64 240 103 156 0 54 249 87 64 45 59 91 23 70 136 160 138 149 78 53 106 97 44 116 91 53 41 48 94 12 93 286 60 108 15 33 65 95 54 87 36 159 46 113 23 96 36 56 18 158 0 0 24 0 79 8 73 57 69 90 112 78 42 13 6 27 15 110 36 0 21 43 107 2 50 66 96 62 86 28 168 51 210 42 14 66 120 54 108 108 71 42 125 64 6 24 52 116 32 219 237 221 44
0 45 81 0 64 37 5 121 66 80 108 0 42 0 5 6 7 0 0 125 142 27 68 56 64 133 212 42 42 34 168 77 7 51 99 30 32 23 16 69 0 24 30 93 125 56 48 0 47 149 94 36 0 35 131 10 32 18 9 24 0 7 54 69 96 14 18 39 9 63 143 39 64 35 0 45 54 16 88 56 141 113 27 0 36 8 15 26 14 48 60 27 133 84 163 0 143 66 79 19 28 88 142 56 113 0 42 72 48 36 154 202 24 91 81 5 151 6 102 0 85 159 0 8 35 4 95 74 8 52 93 66 57 93 84 103 80 18 0 27 42 38 90 0 56 113 0 74 87 70 72 36 43 53 90 6 56 3 0 141 12 128 109 39 123 48 52 56 55 111 39 37 8 78 15 24 64 38 69 0 90 4 72 86 30 58 0 80 12 48 71 80 103 140 14 0 9 96 62 60 22 39 85 118 94 110 21 47 48 8 66 36 99 66 9 24 44 180 48 81 63 93 18 36 8 0 0 44 2 2 0 119 31 42 89 96 68 103 27 118 89 79 58 48 3 24 41 106 73 12 0 121 64 48 89 72
45 110 72 41 72 56 77 81 52 79 60 114 112 59 87 33 26 144 68 32 39 52 166 38 192 121 63 24 119 0 101 21 37 24 5 133 19 0 46 26 61 98 40 14 81 106 54 22 91 101 70 49 104 1 22 14 9 40 40 84 81 9 148 39 59 116 58 42 12 16 62 79 30 8 0 6 53 15 145 39 75 8 13 21 28 45 46 91 71 16 70 20 46 48 2 95 68 106 59 60 32 52 60 21 18 43 4 68 42 50 48 78 32 103 67 143 28 31 34 35 0 103 50 12 7 47 54 44 44 76 58 0 107 120 140 66 7 0 38 48 64 10 36 60 58 79 29 13 42 100 0 40 0 0 36 63 62 12 0 102 40 152 115 0 126 45 28 102 81 93 30 24 69 62 34 15 91 86 39 108 63 95 96 97 57 36 45 0 39 62 31 45 151 53 4 0 89 70 36 24 63 24 37 67 24 65 25 24 67 147 31 145 6 80 8 33 36 94 95 42 101 156 105 0 12 0 43 51 91 97 26 36 25 68 28 28 68 0 125 44 133 8 18 70 63 18 60 25 18 36 12 46 63 30 71 51
32 72 52 18 18 7 72 36 108 0 0 40 0 42 52 117 173 9 22 0 64 135 0 32 3 75 2 49 0 0 6 32 15 18 54 58 0 56 45 3 45 3 4 0 140 72 0 0 0 136 8 117 4 33 0 60 119 151 20 16 139 141 12 6 92 30 0 0 28 0 40 58 10 21 72 9 111 20 7 81 49 0 18 0 1 81 0 3 33 0 3 63 32 0 0 18 72 24 64 0 10 48 119 87 114 33 166 9 16 3 48 91 0 54 2 63 53 0 0 33 32 70 88 8 27 12 4 9 83 60 223 9 0 21 87 8 0 54 96 39 6 45 0 0 109 18 115 16 129 25 15 51 75 21 13 27 30 21 9 8 42 0 58 0 80 97 36 33 3 135 231 0 47 35 65 109 27 8 52 72 42 0 12 63 18 123 54 92 169 0 4 12 48 175 14 0 0 18 30 155 90 54 5 63 0 0 0 45 6 0 8 132 18 36 15 0 18 0 0 30 36 30 63 34 28 25 0 91 33 107 61 54 0 42 86 85 16 131 56 50 0 85 54 15 175 52 45 37 0 0 32 90 25 0 112 86
27 182 55 15 63 157 108 71 85 50 37 88 85 114 107 40 161 87 58 175 133 36 72 103 26 72 7 0 83 29 46 63 0 69 165 95 128 72 48 120 30 24 8 0 121 7 78 27 45 0 58 80 7 134 209 51 17 0 37 16 86 27 65 22 16 35 0 78 24 27 38 177 18 115 69 0 60 212 98 84 133 146 7 16 139 0 17 27 8 73 36 0 112 17 63 44 28 8 0 61 87 81 27 0 73 55 117 0 89 23 71 45 132 80 36 24 125 15 111 39 200 36 89 18 6 138 49 149 0 57 0 80 27 91 22 0 18 92 54 114 56 61 88 113 64 78 107 93 172 48 9 65 26 82 17 72 7 0 42 79 104 103 11 199 94 268 12 9 76 55 8 75 12 12 21 6 55 73 5 71 92 35 20 60 66 92 0 96 82 0 36 160 65 5 40 26 82 27 54 0 177 11 38 1 129 27 89 48 34 150 144 13 40 34 199 51 153 25 97 68 21 51 36 66 36 0 53 30 84 48 56 50 133 22 58 76 59 53 48 136 102 60 40 63 0 7 6 56 73 39 213 165 165 78 49 50
92 119 107 141 8 117 105 43 18 46 48 54 72 0 95 203 43 91 18 78 60 9 28 130 12 95 84 117 37 82 69 6 38 160 112 43 100 86 150 2 18 32 28 69 61 22 0 3 69 62 54 28 117 100 35 112 0 124 32 139 8 42 16 30 75 40 5 31 0 41 121 60 48 2 63 0 96 54 60 3 93 114 25 57 152 27 80 91 65 36 33 7 54 36 2 3 69 39 12 18 149 40 88 0 95 98 72 38 84 22 93 94 12 0 54 34 108 0 109 110 105 235 86 104 124 42 73 145 18 53 72 117 33 69 32 74 14 138 146 76 9 96 31 79 86 26 38 0 0 24 6 46 49 71 22 64 97 30 65 15 68 137 30 72 36 75 53 39 44 82 12 26 86 12 75 116 58 14 0 95 57 30 54 172 126 4 13 66 63 29 42 132 90 56 16 12 187 32 83 112 72 18 78 90 160 50 0 95 32 27 70 62 9 70 92 21 0 60 14 0 66 56 89 7 74 51 21 157 90 36 128 54 11 28 91 158 11 83 30 117 34 82 0 68 85 42 52 90 41 88 70 234 108 55 0 20
0 36 68 16 154 96 24 109 74 31 10 110 58 9 70 141 62 3 41 79 131 93 72 105 69 42 30 63 14 76 6 54 0 32 126 105 153 39 112 43 54 95 30 59 94 0 117 60 45 77 64 144 26 63 156 85 25 14 58 24 36 38 33 31 64 162 48 92 63 45 18 20 45 151 54 22 54 42 70 31 57 131 22 35 34 29 12 57 84 20 67 0 0 51 83 73 83 62 4 54 29 55 77 94 0 104 22 0 214 190 33 30 162 182 15 45 33 68 197 94 72 37 73 19 9 0 69 70 42 62 35 20 54 61 131 17 49 12 11 55 36 78 93 0 62 33 96 62 73 0 0 124 6 30 62 0 67 24 12 58 28 27 80 45 113 176 74 196 45 54 82 70 46 22 2 78 0 84 20 48 48 25 11 7 43 97 157 39 12 82 84 52 7 18 132 6 84 64 96 0 52 12 88 116 6 92 98 76 120 81 37 36 28 117 121 0 138 59 47 43 42 26 32 60 0 25 91 124 26 64 4 190 81 10 112 95 101 109 57 46 122 84 36 100 81 0 73 109 151 112 136 18 60 45 149 84
0 32 66 57 36 118 0 76 0 7 56 8 119 8 1 63 1 0 7 5 51 129 64 54 6 1 62 136 117 56 207 24 56 14 112 9 62 0 56 129 117 21 0 0 25 0 0 9 14 18 65 67 45 70 75 25 0 115 92 8 0 14 8 51 72 130 90 21 48 40 51 24 0 35 42 56 117 0 72 132 75 104 0 0 49 21 71 116 42 12 41 50 0 80 84 0 76 28 14 216 45 0 98 28 0 69 55 28 122 44 21 7 8 59 69 0 83 36 27 0 8 36 0 7 69 20 63 61 16 35 109 55 37 23 72 118 63 35 61 99 18 58 0 0 20 35 27 174 72 0 42 61 1 63 12 0 54 0 20 89 0 9 59 28 151 9 120 25 0 0 49 35 29 11 0 28 31 136 0 0 81 16 0 5 21 35 155 32 69 156 49 4 72 21 54 35 101 37 121 2 0 52 0 165 14 181 0 27 75 66 8 0 42 146 42 28 7 0 0 32 72 49 56 81 0 69 63 74 40 28 28 27 6 9 84 7 36 63 27 0 144 12 20 16 54 65 77 63 65 54 6 27 0 0 128 0
7 67 49 0 20 15 21 97 56 35 0 14 105 104 101 14 56 30 0 119 57 49 35 14 44 10 45 65 34 63 55 10 0 34 35 0 42 14 42 56 81 0 0 9 56 17 0 45 0 0 102 0 162 88 7 10 56 51 45 0 22 77 56 17 0 19 138 23 90 10 40 65 20 107 120 58 19 34 55 82 54 0 0 63 35 15 0 0 10 13 73 0 0 28 98 4 42 105 23 37 88 0 116 41 8 0 14 71 119 5 56 71 113 72 161 89 0 0 84 92 54 39 59 52 81 11 73 59 61 62 20 0 84 6 105 21 0 86 28 0 18 128 13 0 0 0 142 1 68 0 5 0 0 10 12 0 0 52 0 70 40 51 68 40 30 137 52 44 0 15 56 24 92 9 0 75 0 4 0 29 48 0 75 107 0 91 0 10 0 0 7 0 42 40 0 32 95 5 91 20 10 18 68 0 12 84 25 42 36 191 18 23 0 53 25 0 81 0 7 12 36 35 7 63 20 14 35 60 48 133 20 63 24 9 0 3 36 2 25 8 45 134 96 0 21 55 45 16 26 0 25 29 13 14 64 5
34 12 36 21 92 63 0 146 40 4 24 14 0 25 51 25 50 9 57 20 10 27 27 7 24 40 40 19 42 0 96 32 0 18 9 9 14 12 67 8 32 4 78 115 32 0 45 17 18 27 112 0 0 36 52 20 6 78 24 30 17 0 79 8 9 20 17 4 52 28 1 12 30 60 9 18 41 0 0 0 0 54 0 30 12 44 0 0 3 0 41 0 12 26 12 12 67 45 0 13 45 18 130 21 48 0 12 0 42 65 0 64 14 92 60 126 78 18 0 15 45 50 12 46 60 3 106 36 81 41 110 0 15 0 36 0 0 27 41 68 15 18 34 0 76 8 43 46 51 29 40 0 8 30 36 9 0 33 0 46 33 29 84 22 90 48 60 93 23 12 7 112 3 76 8 28 22 60 5 111 92 8 10 142 0 9 4 77 61 16 62 14 56 40 19 0 47 92 40 8 32 10 20 0 54 47 0 0 85 0 18 12 14 0 36 0 12 46 21 84 6 27 8 32 15 81 0 78 20 27 0 30 0 24 0 18 42 8 14 46 11 35 25 34 0 0 30 4 4 0 75 54 0 33 42 36
134 63 101 51 57 44 124 39 40 60 41 32 40 86 102 255 58 0 46 117 117 32 20 85 24 76 72 165 172 83 140 31 56 65 130 0 166 159 98 0 40 59 82 156 83 69 115 74 94 24 207 84 7 68 197 31 155 64 13 53 144 53 63 43 78 32 28 123 36 27 9 36 11 153 140 0 69 116 74 6 19 138 12 86 30 8 56 78 0 8 28 72 39 88 157 6 76 17 110 81 127 72 73 13 63 58 71 92 69 40 94 40 31 87 87 95 176 38 36 32 30 146 122 103 24 98 61 183 26 27 86 53 81 0 48 113 24 127 159 109 96 9 155 54 140 59 110 6 163 56 120 10 16 36 25 24 74 18 0 117 21 218 42 0 87 179 131 32 39 52 131 194 0 0 83 43 10 108 6 104 62 85 51 149 159 11 118 9 74 52 36 8 105 132 43 0 64 63 136 39 163 14 60 141 25 112 105 129 0 150 47 75 80 159 125 3 197 38 57 107 115 42 51 90 88 64 56 155 127 0 28 6 101 50 121 93 35 86 3 63 21 51 0 0 68 4 114 71 68 142 68 241 150 76 121 68
100 119 220 25 20 17 100 16 35 76 22 113 80 108 76 77 1 21 109 86 150 136 13 24 26 24 3 19 0 51 78 3 45 46 45 15 237 72 104 5 54 35 30 43 31 14 63 57 114 127 72 161 134 13 108 29 81 31 72 158 61 123 41 3 0 46 97 9 45 0 34 18 27 134 58 60 88 21 33 109 55 12 6 33 67 144 0 120 102 85 125 62 0 59 109 56 0 75 14 0 106 51 28 110 0 113 6 96 9 54 133 127 47 25 56 126 24 0 196 45 31 4 2 5 72 1 85 81 74 69 23 27 5 52 0 38 0 15 14 28 60 99 30 0 58 49 84 10 28 0 48 75 17 83 106 13 71 6 36 94 10 6 147 34 93 182 38 132 29 58 115 103 36 31 146 5 37 74 7 24 45 48 168 102 23 73 106 10 81 47 8 129 0 71 72 85 57 0 22 63 59 0 36 148 0 3 90 6 32 20 90 51 74 77 68 45 69 3 3 0 110 62 98 38 89 58 84 141 186 54 8 80 4 14 56 28 2 0 105 51 103 54 8 3 168 46 0 95 18 52 7 120 99 35 18 103
55 37 25 21 75 35 21 113 116 44 50 179 29 35 57 96 86 0 10 110 169 38 44 24 124 76 91 59 64 32 82 49 14 56 88 78 59 127 32 80 32 59 28 160 34 47 21 56 10 47 72 55 78 41 42 91 50 100 25 0 18 59 35 11 117 53 9 50 26 52 139 19 45 178 50 94 71 71 101 136 172 11 44 15 12 34 41 67 48 16 103 14 42 100 122 25 80 22 139 0 30 75 50 0 55 0 38 86 24 37 89 101 136 60 19 158 179 117 30 8 7 144 95 161 90 67 61 121 22 38 181 3 30 83 125 2 24 118 124 69 0 131 35 56 168 116 70 24 24 12 51 20 33 14 70 18 19 13 132 182 83 183 161 56 181 163 108 92 58 88 170 104 17 122 109 142 101 71 144 92 46 25 29 255 147 4 28 54 63 18 14 45 128 94 131 70 9 79 102 76 86 34 41 14 23 72 41 100 10 20 45 46 89 6 139 50 24 106 96 18 63 64 138 50 72 52 62 124 148 114 141 4 74 20 51 127 113 78 220 134 125 20 73 27 175 36 95 6 2 112 89 76 92 96 60 96
0 64 181 16 73 77 45 123 15 54 0 55 89 21 162 10 40 18 8 66 68 56 20 41 26 59 61 131 158 15 88 30 42 40 68 30 48 36 69 59 41 48 40 55 98 94 30 52 113 42 49 45 122 94 14 18 0 66 145 49 84 12 43 12 25 12 119 94 28 88 49 95 0 85 117 115 20 90 81 81 0 101 48 15 0 126 63 21 0 34 83 109 10 32 60 12 150 0 119 74 10 41 75 36 253 18 112 8 42 10 111 69 85 72 207 82 163 78 6 28 63 123 0 134 4 63 72 254 34 88 58 49 31 28 75 84 12 30 109 33 22 0 52 20 97 52 16 14 60 6 36 5 27 139 79 0 28 106 67 180 14 92 77 93 152 47 8 93 0 160 102 32 25 76 116 8 142 133 36 118 0 0 31 104 131 63 10 56 98 13 40 79 49 190 151 82 16 72 51 46 83 78 37 35 68 74 0 49 2 36 76 67 98 77 160 17 75 155 45 66 63 81 35 63 41 54 66 59 32 68 42 0 96 125 49 28 10 34 117 43 0 0 72 45 151 200 160 35 64 26 138 126 60 82 45 85
47 192 45 27 8 15 87 21 112 100 84 2 86 128 112 80 0 80 0 182 14 77 0 54 176 62 32 103 31 150 120 7 21 33 70 32 65 124 43 113 112 26 101 104 60 69 60 42 135 44 228 72 112 51 77 73 109 102 40 73 53 7 84 92 116 37 24 155 0 0 108 80 115 104 220 31 65 173 54 35 0 152 14 56 40 56 55 67 48 40 87 6 37 88 72 68 72 65 100 81 146 37 88 86 202 32 152 0 5 16 83 106 111 132 134 137 21 17 0 0 61 61 98 100 0 90 9 24 8 5 16 42 170 12 114 60 11 33 113 12 117 145 0 128 48 144 155 27 56 25 54 103 56 122 140 0 80 24 0 84 8 117 16 60 41 94 27 121 92 157 286 114 0 4 67 0 45 118 22 113 87 91 128 16 189 0 170 122 101 16 124 59 52 171 144 42 34 27 150 0 110 36 63 88 91 49 49 76 3 79 36 133 58 187 52 88 18 73 24 24 173 101 125 44 72 40 114 192 64 10 40 73 12 131 149 72 78 91 180 32 24 124 36 89 125 81 85 79 88 16 64 231 83 8 125 53
0 51 99 14 72 13 20 153 18 72 123 48 110 68 166 0 82 160 27 90 136 100 98 57 66 50 100 68 122 36 91 50 60 59 69 10 24 0 33 62 24 72 115 71 145 90 84 40 65 31 25 94 59 52 89 118 51 47 73 61 40 29 85 73 102 119 40 59 35 85 27 222 8 12 27 28 84 73 158 108 1 5 9 61 140 101 107 37 18 31 99 58 6 50 15 55 0 7 28 83 9 20 36 50 70 31 58 53 105 17 8 106 132 109 14 57 135 48 29 0 0 13 102 37 0 66 59 123 122 31 150 12 58 14 71 36 67 14 45 13 36 38 18 54 76 136 67 12 157 39 48 52 52 33 58 36 118 29 16 123 26 122 70 28 192 124 0 72 17 146 102 18 36 71 94 76 108 103 2 103 0 64 18 62 161 24 75 30 16 94 44 26 70 154 12 14 72 102 72 123 77 30 71 67 63 59 43 60 3 60 115 70 94 197 49 8 29 45 14 32 158 87 89 17 21 40 25 36 18 114 0 8 40 46 41 53 43 85 65 160 80 0 4 145 45 177 88 40 145 45 162 48 34 69 34 103
89 49 141 69 54 55 152 109 48 61 76 42 101 76 55 39 123 0 93 100 264 27 93 124 187 26 27 38 114 60 78 36 79 42 0 112 129 75 121 7 27 181 96 147 154 210 30 49 76 18 9 140 61 155 100 60 134 218 1 93 68 106 88 61 95 9 160 81 44 0 16 133 51 113 76 63 111 198 89 78 35 74 71 60 79 53 10 90 38 30 78 95 57 123 61 265 75 121 163 32 85 84 40 49 33 101 23 81 32 119 187 79 50 14 3 57 195 0 279 33 124 56 153 33 53 115 18 148 104 47 32 75 241 172 75 105 60 66 29 88 87 142 36 84 66 37 111 26 165 65 96 101 81 30 167 78 53 89 42 123 57 94 186 116 120 57 93 215 113 91 208 77 74 116 54 45 46 7 33 12 0 61 97 46 191 46 99 45 18 102 60 109 65 0 0 20 39 100 48 30 21 16 63 101 25 51 34 45 25 59 42 113 0 108 20 0 136 74 9 24 66 197 61 0 152 36 20 119 179 20 91 65 38 224 50 8 50 21 51 85 0 114 15 32 163 89 91 30 83 74 9 135 156 76 208 107
61 37 14 65 0 98 56 18 64 25 78 103 143 28 60 75 55 24 50 18 141 132 106 76 25 98 174 52 57 20 200 71 25 49 96 9 54 8 100 36 75 43 2 69 0 57 63 16 43 97 8 51 42 91 47 46 96 19 169 30 45 148 59 31 30 51 137 171 60 0 57 30 8 117 40 195 332 24 82 12 174 0 29 0 8 86 0 15 80 27 115 119 70 94 70 50 28 148 58 93 157 63 102 56 55 71 45 48 120 150 107 41 49 88 47 96 72 21 117 48 60 38 24 54 96 57 5 92 60 173 119 110 89 105 103 46 0 25 142 18 60 42 68 21 71 32 100 10 48 74 63 34 18 150 53 45 70 107 28 169 40 109 226 18 72 0 108 62 38 62 141 24 52 75 57 40 39 15 65 122 20 81 53 39 21 3 76 177 95 0 133 145 46 30 56 98 57 124 117 3 29 22 76 82 48 181 63 9 29 129 38 115 135 96 161 0 68 25 45 17 46 99 33 36 33 118 0 6 64 52 9 10 16 6 8 54 5 24 56 131 42 51 54 27 139 110 95 9 11 72 16 91 46 57 115 156
25 40 200 48 108 140 44 26 133 101 91 61 139 136 126 6 115 69 128 212 52 63 0 173 52 124 42 180 71 64 56 0 86 122 164 35 83 39 42 90 3 34 32 27 124 141 214 152 18 122 48 228 63 0 193 79 49 48 105 29 150 24 203 146 113 27 151 91 40 27 125 40 21 84 81 95 105 114 65 0 27 72 8 17 235 81 21 104 65 98 124 140 88 64 84 62 47 59 92 43 128 48 75 14 139 36 152 129 59 62 63 19 77 214 63 315 83 24 225 113 19 159 64 119 16 138 135 75 72 0 41 3 185 87 52 185 74 151 224 93 185 176 56 74 159 67 117 26 193 43 24 27 40 52 209 0 55 69 120 156 115 123 66 16 32 33 39 185 108 113 191 33 63 27 24 0 102 62 149 75 1 130 94 73 157 163 221 90 81 33 9 88 93 75 50 48 263 83 34 51 129 88 137 154 9 29 0 236 4 170 89 20 72 188 105 66 68 63 115 121 102 129 25 110 37 163 12 15 145 104 99 2 85 138 0 75 98 0 87 208 57 0 120 87 94 239 96 42 0 19 72 204 80 132 14 161
41 0 0 84 44 14 71 64 139 30 7 116 28 45 8 112 62 59 40 100 18 26 14 21 114 32 18 14 71 0 53 10 0 15 85 50 0 12 77 99 36 58 4 4 0 28 0 35 0 6 51 0 46 20 32 57 70 114 70 7 26 14 8 84 12 165 48 106 27 56 24 152 40 22 54 0 0 0 108 23 88 109 88 4 52 32 31 72 39 0 95 14 0 70 3 125 5 20 13 18 89 84 61 0 2 0 81 15 140 46 26 151 48 0 0 14 32 61 56 74 101 20 12 16 10 4 2 89 8 108 45 19 28 96 7 63 86 0 36 3 26 78 14 0 81 0 46 111 63 30 4 19 24 0 91 0 0 26 57 45 52 21 8 44 100 135 30 144 18 6 0 63 7 48 94 61 0 0 0 52 28 36 0 87 77 39 12 0 9 56 24 24 64 16 102 0 71 72 0 28 71 0 28 46 52 61 20 8 62 23 36 66 0 4 72 56 83 71 8 12 48 119 0 114 49 54 85 54 24 17 44 83 34 0 54 0 51 52 50 68 90 32 0 51 49 75 13 0 30 63 48 96 42 14 21 39
120 0 105 36 0 30 99 142 109 100 8 0 0 77 104 27 8 45 0 47 0 104 0 45 56 7 31 53 87 46 17 1 3 56 45 24 0 12 92 62 45 28 0 77 68 76 6 20 48 30 119 109 47 49 0 72 0 0 14 0 12 36 77 59 0 6 93 5 85 30 83 2 44 79 96 77 3 15 28 0 30 28 4 0 0 68 24 48 14 60 24 0 44 14 163 28 77 4 24 8 76 24 92 0 86 0 0 252 112 9 127 0 8 3 40 90 127 16 66 36 107 106 27 62 161 119 0 12 56 66 44 7 24 83 74 16 15 54 46 24 44 6 0 44 118 0 102 24 66 3 72 0 21 32 15 0 12 0 42 99 83 18 15 0 14 36 14 0 16 69 25 10 76 135 19 57 10 24 35 14 89 30 16 50 47 62 24 70 36 42 6 78 43 75 46 5 36 8 52 0 76 96 118 35 36 49 0 66 68 115 55 18 40 130 12 0 0 67 81 0 69 42 10 67 54 28 42 0 36 78 69 90 28 0 0 10 58 35 6 1 72 124 115 91 109 9 0 50 88 0 24 105 90 0 99 24
18 99 119 82 14 84 16 59 32 40 87 55 87 63 105 77 63 75 24 37 40 40 32 127 47 66 0 136 54 50 144 57 0 21 55 15 126 86 82 36 21 51 141 0 10 42 101 0 40 15 0 109 22 28 50 118 47 98 142 90 54 45 56 0 26 65 14 8 79 35 24 41 13 53 36 0 88 63 26 21 54 96 0 62 115 63 0 36 33 36 10 35 6 62 46 66 40 24 86 87 63 39 95 40 77 18 110 0 81 17 31 89 89 122 58 35 32 3 70 70 105 124 6 0 93 14 129 43 100 34 0 100 12 0 34 96 28 177 116 32 46 14 66 49 39 15 9 28 121 0 0 31 6 52 30 0 23 2 26 101 41 33 16 5 124 264 45 0 0 88 17 60 0 52 49 51 10 18 0 40 24 20 2 30 70 1 90 0 145 70 100 6 89 45 90 4 56 44 0 30 91 43 54 42 174 113 0 44 11 115 45 74 0 67 9 4 21 44 0 63 35 94 67 63 38 81 0 22 80 39 111 75 80 72 50 12 0 63 36 61 76 13 0 11 48 15 179 84 30 111 36 129 23 42 115 6
56 26 10 27 0 12 119 154 110 76 20 81 35 13 29 40 63 2 48 79 35 65 4 2 0 11 61 45 18 0 70 0 40 26 0 37 158 51 32 21 35 2 97 0 78 30 30 57 36 12 46 27 22 18 59 33 104 55 18 14 8 100 62 105 16 15 33 94 18 0 14 0 44 32 137 16 62 40 49 14 98 81 22 4 16 42 23 15 9 61 98 0 95 107 18 91 31 24 66 41 85 0 116 7 39 0 102 77 0 48 41 6 3 120 63 151 13 15 65 4 0 8 57 4 123 49 56 6 87 9 24 42 26 51 109 38 14 18 2 21 62 6 2 0 50 51 54 15 42 7 112 50 2 60 25 0 30 0 16 149 10 28 64 25 58 68 84 22 66 23 27 0 50 40 14 4 33 2 82 10 50 35 0 0 18 60 70 0 67 18 118 56 34 0 46 0 57 33 7 10 56 77 52 49 4 46 33 16 36 5 54 51 6 90 50 36 46 0 71 36 84 93 0 0 52 0 47 31 15 96 38 116 93 8 6 0 0 0 71 26 23 69 72 9 132 20 102 36 16 0 48 55 12 58 160 13
0 151 179 0 0 12 58 100 10 39 0 30 78 122 90 42 186 99 45 159 95 90 42 123 78 2 0 37 126 123 0 33 42 0 0 2 98 155 21 21 55 12 44 72 82 144 66 35 30 54 50 50 60 41 24 112 56 110 44 150 48 81 6 5 96 48 0 57 39 0 83 17 60 76 0 45 23 45 96 72 56 153 0 75 206 0 6 6 30 112 0 21 32 116 27 155 82 57 150 91 63 40 36 67 6 25 12 0 26 65 104 103 71 94 108 101 147 0 90 45 81 113 145 0 54 96 97 76 109 30 6 108 78 40 49 20 0 108 85 80 72 48 33 0 91 36 53 9 54 117 104 28 28 105 0 56 95 3 0 150 30 146 7 105 60 115 45 20 15 167 74 144 85 57 111 17 15 117 2 57 0 144 35 93 66 93 35 24 164 95 90 0 56 0 0 54 27 54 74 0 58 51 58 42 72 105 50 37 0 42 15 6 32 63 0 27 48 24 15 54 159 3 6 81 100 0 35 22 41 44 85 45 108 99 78 0 75 0 20 76 81 0 18 118 103 30 39 78 0 72 63 195 51 129 15 22
48 91 57 112 28 7 20 36 115 84 48 30 102 58 54 227 151 47 152 43 38 73 10 151 20 36 73 124 116 73 126 8 68 75 129 74 72 89 61 39 98 61 137 14 126 88 41 73 9 96 12 93 93 24 81 82 85 39 175 0 97 73 85 89 146 55 32 89 122 18 115 4 37 0 55 8 130 96 76 110 78 9 14 12 80 108 84 42 2 41 96 0 12 190 36 121 115 76 49 112 63 94 82 0 114 35 48 55 59 21 32 62 82 0 28 89 109 78 63 87 168 70 104 163 0 64 33 85 53 14 178 63 85 4 94 179 42 12 173 109 46 95 17 62 112 134 182 56 183 134 32 35 34 53 49 0 88 54 32 134 31 60 139 114 42 68 58 44 40 108 84 107 44 125 116 30 75 118 12 62 108 52 105 123 111 95 10 21 71 69 104 0 240 22 10 133 64 29 140 13 54 63 52 28 127 28 35 20 24 0 170 28 84 93 9 7 133 110 16 95 138 0 162 2 38 0 27 105 77 57 56 0 93 78 52 89 84 138 6 82 130 0 36 34 148 141 0 62 42 32 165 115 126 130 152 24
105 120 56 80 118 0 75 81 28 54 3 30 43 54 76 115 81 12 64 87 153 35 88 32 76 106 106 15 14 0 75 69 6 45 133 123 56 48 28 35 83 80 78 68 137 9 0 24 110 56 72 148 24 0 155 17 4 90 75 0 167 56 8 27 93 3 51 13 8 24 64 129 0 16 0 0 88 12 193 24 24 11 0 70 79 24 35 0 96 6 9 40 81 147 16 21 24 13 60 8 16 69 16 9 48 100 72 12 11 126 25 161 14 24 121 79 84 110 171 73 0 81 16 62 27 76 24 40 76 79 23 147 18 40 82 72 12 18 65 103 42 65 64 44 85 83 56 39 51 9 43 201 17 18 160 0 52 0 0 149 40 24 59 61 76 114 54 83 46 0 88 60 48 28 92 9 10 131 68 37 97 2 67 138 18 78 72 0 114 50 4 18 136 12 0 3 106 63 36 16 60 35 24 131 20 2 32 81 55 145 81 88 57 24 97 114 81 30 21 121 100 67 67 67 45 0 6 121 20 153 119 120 6 56 15 13 17 25 102 37 14 36 0 72 78 40 64 65 36 10 45 60 67 16 35 9
129 111 24 40 72 53 16 48 27 18 28 117 58 34 214 48 29 53 69 64 121 60 72 126 92 151 130 89 21 109 66 28 28 107 70 135 15 194 17 10 9 117 126 0 64 141 49 0 84 92 24 24 72 31 64 75 110 56 38 96 137 72 65 54 171 57 56 9 20 18 47 113 101 46 6 16 259 85 216 40 56 180 1 18 101 43 74 20 10 82 27 61 77 153 0 138 10 132 120 0 15 97 65 27 117 56 83 113 90 23 126 129 72 80 0 80 52 88 119 14 54 125 79 49 79 0 144 46 18 56 45 72 62 5 132 77 1 36 198 64 81 9 49 68 54 132 52 40 90 18 48 68 52 58 74 53 98 28 66 138 26 201 148 82 177 129 13 57 49 141 3 41 50 50 128 20 100 77 0 8 133 21 46 144 56 125 71 165 189 0 60 89 71 58 1 24 0 103 6 70 78 42 68 30 80 30 10 32 84 116 55 139 88 90 68 54 95 120 139 72 97 238 192 45 20 48 18 53 20 163 100 97 12 55 94 79 56 79 133 12 32 128 45 31 137 0 136 92 57 50 91 105 206 55 0 233
0 114 13 126 121 67 70 152 79 76 54 18 153 6 79 20 49 6 26 108 50 11 2 36 10 108 84 9 42 58 45 41 32 80 180 29 126 61 73 48 0 0 46 70 36 0 33 86 17 72 110 0 94 0 63 57 94 80 75 0 0 42 53 29 0 30 35 77 21 18 91 53 32 0 0 97 35 33 42 64 81 60 108 63 147 16 12 5 51 19 48 28 8 64 15 8 65 50 86 92 7 35 36 2 14 64 12 36 84 5 3 4 0 71 9 39 112 20 138 82 31 122 35 4 59 15 25 100 69 40 56 59 36 45 26 158 0 25 55 57 101 26 43 0 57 52 3 0 76 78 60 6 13 49 16 61 30 0 0 141 61 109 140 25 14 149 0 157 25 109 10 75 0 3 51 24 29 151 24 25 22 38 58 49 20 1 120 60 34 24 45 59 61 149 28 52 29 102 13 9 44 13 38 33 24 13 14 63 16 4 69 10 105 4 42 12 90 54 47 54 49 90 23 83 5 94 28 103 0 46 24 20 44 67 60 15 55 0 65 61 41 20 30 45 71 108 23 72 64 36 59 57 48 12 40 46
87 107 93 43 21 62 0 8 23 59 47 81 122 22 48 142 14 27 24 12 121 91 41 136 42 164 118 16 7 70 106 122 64 80 138 69 183 177 19 21 0 7 117 40 121 0 24 74 66 49 12 19 48 64 53 130 15 0 54 83 44 77 45 44 18 107 32 27 0 0 80 110 83 98 29 20 38 101 72 50 140 111 72 51 106 0 62 81 20 39 82 99 75 176 63 215 110 125 107 20 16 6 78 54 99 21 80 108 75 40 43 62 183 58 93 4 41 86 295 59 72 60 41 96 26 24 53 191 14 48 63 96 119 84 110 63 74 88 116 23 69 47 48 0 102 128 72 0 27 9 0 8 87 93 178 0 0 1 27 153 33 49 102 105 68 356 36 175 88 80 120 44 0 86 123 53 228 44 45 125 94 30 101 29 56 45 45 63 171 25 123 144 55 0 98 5 60 158 102 13 65 102 43 8 99 22 59 55 0 91 130 89 123 92 69 55 43 9 36 111 157 174 151 168 28 80 0 57 121 3 70 74 73 35 27 86 14 17 149 32 139 77 79 34 99 83 56 75 4 100 87 231 83 93 87 129
99 43 132 47 45 28 69 75 118 159 78 60 100 54 182 0 3 0 22 52 38 85 4 36 45 57 24 105 98 53 59 5 88 10 117 28 22 29 148 141 63 43 76 35 60 60 28 82 42 20 10 12 40 79 0 70 49 90 45 18 36 0 135 21 21 80 114 51 0 11 105 233 49 48 1 114 100 123 70 30 14 45 72 0 154 37 249 83 64 66 84 27 19 30 75 30 45 24 1 35 190 8 38 23 15 18 33 80 59 0 28 14 64 25 2 91 47 59 104 45 20 102 62 28 0 5 76 31 118 93 53 20 56 81 150 0 16 108 12 21 39 144 32 0 30 23 54 181 27 12 5 56 61 20 58 81 40 46 8 27 28 47 44 47 98 2 53 94 0 0 36 30 19 40 0 0 19 93 54 65 22 59 61 93 130 62 47 69 27 10 158 114 14 16 50 9 47 70 94 20 67 81 76 81 30 16 104 42 26 161 80 33 99 99 78 0 1 0 36 87 133 80 15 28 85 62 2 24 16 130 103 0 19 36 35 57 6 0 125 82 0 140 7 47 60 5 106 103 80 56 113 44 65 97 64 24
0 0 200 4 48 20 40 29 12 93 6 6 43 127 131 48 0 76 0 16 12 118 25 30 76 12 40 112 116 77 6 0 52 30 137 36 43 79 44 159 87 54 85 30 36 72 0 71 24 82 33 89 0 53 0 106 21 107 18 72 117 92 124 36 51 145 161 19 27 0 54 82 54 26 9 48 83 143 21 18 30 27 0 16 52 0 120 30 66 12 4 0 36 4 40 51 99 0 252 39 103 45 20 43 52 81 3 87 174 8 98 58 48 79 0 141 0 126 137 138 54 160 59 29 0 21 45 37 187 47 30 54 80 158 127 9 7 72 8 27 101 80 0 99 72 110 76 90 6 43 20 82 64 145 60 0 95 0 10 137 21 49 48 0 12 83 34 64 8 104 28 15 27 39 193 24 32 147 0 0 0 74 124 134 79 190 77 27 0 36 64 20 32 10 0 48 16 42 104 0 155 0 56 57 33 100 9 48 56 168 6 40 55 27 0 32 65 90 8 0 153 75 38 0 36 50 0 20 44 100 18 102 21 44 49 20 64 84 74 12 56 15 24 175 142 2 66 87 69 0 32 48 67 47 0 0
125 105 121 73 87 24 81 143 72 48 47 51 100 32 91 125 7 30 57 72 194 30 49 133 76 105 16 150 42 161 186 7 52 28 133 189 128 131 8 43 6 35 70 105 174 24 80 34 25 117 70 0 184 58 141 175 76 82 9 181 64 110 48 68 149 34 0 69 45 20 53 41 162 168 70 63 103 233 109 25 68 153 96 40 24 48 56 60 5 139 8 49 9 0 27 146 44 68 144 74 98 183 102 54 70 83 121 110 49 51 54 62 43 229 201 156 73 42 119 33 32 54 40 145 96 24 66 158 6 48 128 57 21 161 59 25 0 35 48 65 92 0 42 64 31 102 132 93 107 189 134 35 121 89 96 72 92 42 32 152 53 191 154 81 120 46 1 128 72 113 138 35 36 0 62 24 56 46 117 0 82 64 130 124 60 110 137 188 95 24 44 123 91 0 56 60 3 32 24 17 85 212 32 104 20 74 122 16 19 18 69 80 63 94 111 89 69 112 72 42 105 85 134 40 66 30 41 106 138 65 0 39 78 148 180 103 134 122 132 150 48 168 125 16 196 28 128 99 63 172 81 246 212 106 68 40
14 0 0 22 50 22 2 19 0 16 67 39 9 26 0 72 49 27 0 32 27 21 0 4 5 82 71 5 56 62 144 41 9 0 57 4 54 0 15 86 69 8 45 72 135 80 40 35 0 86 0 24 106 42 44 42 43 48 8 18 30 26 33 6 4 48 58 53 0 18 69 26 28 0 56 68 18 86 63 49 104 78 14 3 5 4 6 29 6 24 6 7 42 22 89 65 50 38 85 20 47 77 124 18 193 34 134 35 78 49 0 62 94 22 79 0 37 108 6 20 18 48 14 0 68 42 21 60 20 53 49 2 2 52 66 8 40 66 15 41 4 17 75 34 20 136 85 0 40 15 14 2 68 15 45 0 50 3 27 180 16 93 45 33 21 47 79 40 52 122 56 58 41 22 87 84 45 28 30 0 68 24 2 22 81 0 8 67 99 32 0 49 67 59 54 10 60 4 118 16 32 57 42 76 73 101 0 48 16 70 4 13 45 0 36 46 41 45 26 35 42 98 52 102 30 9 0 56 21 0 0 4 44 108 122 24 0 91 30 51 36 42 30 91 91 57 7 84 6 20 4 132 41 77 35 9
0 16 104 58 0 51 48 60 32 53 108 60 72 122 200 44 28 83 98 149 38 46 85 26 80 0 14 58 77 84 25 19 10 36 0 20 37 108 85 44 0 20 24 42 78 57 41 65 0 129 61 45 128 46 3 48 21 110 28 54 48 0 97 63 99 30 9 53 34 19 117 59 124 70 89 41 70 24 14 131 64 71 0 53 127 176 43 15 6 6 35 0 0 215 42 102 72 26 30 10 6 28 131 15 50 47 48 9 20 44 121 12 13 64 5 155 97 63 19 63 25 36 55 21 6 30 0 30 40 66 0 39 116 9 20 108 26 54 77 160 24 42 9 56 27 170 84 15 71 100 6 113 24 37 16 89 33 73 18 69 22 76 247 118 36 20 48 40 24 24 28 34 81 110 69 13 46 64 58 0 104 37 5 137 83 115 7 80 104 45 71 15 70 14 32 75 111 73 64 96 38 25 63 76 10 40 29 13 13 1 13 117 83 70 72 59 97 90 8 6 12 57 93 18 36 8 21 11 191 0 24 56 63 65 18 63 78 117 56 55 64 48 45 11 98 49 39 104 24 4 37 48 99 74 112 152
16 66 122 75 2 83 123 69 18 0 24 8 137 18 101 15 26 111 62 66 82 83 35 30 63 103 102 75 17 49 84 80 21 27 98 25 49 22 178 104 9 110 56 104 90 111 10 54 0 41 97 54 49 55 105 76 0 114 72 2 10 8 94 32 0 120 135 70 108 0 50 14 8 50 28 35 43 28 0 0 103 40 58 37 67 71 9 58 114 54 0 0 0 19 67 165 32 149 86 118 91 8 187 40 22 74 115 24 61 99 68 38 40 116 42 99 48 92 196 106 56 56 104 0 12 6 4 117 32 40 0 2 124 90 114 98 0 45 72 27 0 32 24 35 43 126 90 32 33 24 23 43 82 0 36 0 49 57 60 98 0 113 85 70 82 66 29 23 50 111 63 53 122 0 81 35 47 30 18 42 7 4 23 8 96 95 4 49 78 28 71 50 18 29 8 18 125 100 86 4 24 108 124 2 0 14 116 46 12 149 47 33 52 63 51 107 60 25 58 54 28 66 13 6 31 15 8 49 70 64 8 0 32 4 74 16 10 16 59 115 61 28 72 3 78 0 75 72 27 42 41 7 11 91 21 6
139 67 47 112 118 94 123 104 65 110 59 65 179 180 114 121 41 51 91 136 250 0 36 93 100 161 193 60 0 24 96 8 89 42 76 143 122 100 94 144 138 149 187 4 122 104 76 134 161 145 119 60 105 97 111 133 139 129 137 57 140 40 81 157 57 75 133 52 111 112 86 109 6 63 165 67 214 61 152 58 134 175 70 120 101 23 112 143 65 24 78 118 70 199 128 109 140 113 8 6 87 147 72 88 149 71 42 88 190 29 24 24 124 11 138 10 0 84 183 47 123 91 32 2 93 12 81 56 105 112 89 139 73 8 122 97 10 55 114 13 22 18 73 71 54 68 117 145 187 101 48 49 57 92 65 90 32 11 52 62 99 36 7 130 143 92 140 106 140 134 11 35 116 78 39 107 26 139 99 99 115 136 98 139 86 143 47 4 108 0 45 97 91 205 60 24 108 42 119 48 118 51 42 173 20 80 102 20 135 64 149 67 112 159 172 90 170 25 91 54 86 188 67 18 119 125 122 158 69 63 229 60 107 52 73 116 55 24 155 50 92 26 27 129 273 21 49 55 132 22 186 72 52 107 209 73
159 42 168 0 230 160 54 99 54 126 46 41 212 133 266 146 61 39 81 0 40 52 63 108 84 130 71 188 159 97 225 34 36 72 37 8 102 61 74 48 112 109 151 54 29 212 72 129 82 31 60 82 54 78 40 60 64 88 73 80 105 28 0 104 111 2 28 14 53 0 36 223 96 49 98 90 242 43 226 72 42 60 145 18 225 31 276 68 18 19 25 152 24 54 54 186 138 211 161 100 79 42 149 46 18 83 185 54 147 40 37 27 5 28 72 24 44 21 201 46 8 149 44 12 22 8 168 148 158 70 55 15 111 108 30 36 138 123 75 23 25 114 90 29 82 26 119 84 201 10 13 17 90 45 129 48 55 0 30 153 20 8 42 20 137 37 22 202 110 42 133 71 113 34 18 25 51 121 90 113 82 52 72 145 173 176 121 51 160 24 16 35 32 3 33 2 72 105 40 15 48 85 36 174 0 15 40 109 54 96 150 13 90 84 160 0 44 31 119 40 235 115 132 81 20 46 49 177 49 95 119 51 62 153 26 6 38 120 105 40 12 54 0 97 114 107 81 1 30 16 82 179 70 127 89 108
42 155 20 53 90 64 59 102 77 0 20 48 31 30 110 0 48 90 0 12 105 21 39 14 15 16 90 78 18 24 12 0 0 9 87 45 52 78 139 86 73 35 102 68 35 48 42 9 42 90 54 105 51 125 113 43 92 90 72 12 52 60 146 21 18 62 130 18 0 3 22 39 0 53 18 6 105 64 20 32 75 138 27 10 72 10 42 40 49 54 56 54 24 62 37 54 5 90 74 56 20 61 56 24 0 80 51 105 67 69 30 136 18 112 24 126 141 133 116 30 40 134 24 0 54 0 152 48 12 40 25 46 40 103 46 36 0 18 41 75 42 76 115 84 132 91 42 52 0 36 69 65 65 39 32 64 42 48 58 128 58 153 116 64 77 96 124 114 24 16 31 115 27 43 40 67 18 195 4 32 20 24 91 53 89 130 135 27 45 30 120 22 40 42 15 51 187 62 113 66 51 8 0 71 108 27 6 0 0 27 15 80 36 123 108 32 25 72 87 87 21 20 32 54 45 48 0 109 24 0 16 106 6 0 42 117 106 0 94 0 0 0 0 113 135 0 112 81 103 39 30 28 64 60 61 111
75 133 0 12 114 104 85 264 21 81 21 81 145 160 30 103 77 61 0 143 82 111 26 28 69 144 77 138 90 16 90 34 18 71 24 54 240 119 115 51 50 96 117 0 148 105 30 68 127 57 198 0 80 114 143 90 219 77 0 9 74 91 202 8 93 26 88 70 0 62 110 40 49 2 65 181 98 59 72 8 100 73 7 38 96 0 52 59 35 137 70 93 45 166 80 172 56 114 168 20 68 69 150 6 0 5 82 163 31 60 93 30 72 63 143 219 88 4 61 57 199 67 81 39 128 78 84 93 21 76 18 16 135 41 220 115 108 40 20 0 18 163 79 108 109 0 85 22 25 3 69 9 46 74 76 55 85 0 7 169 62 110 53 63 146 153 152 88 114 95 99 18 54 144 18 14 100 61 63 65 0 0 56 183 6 56 113 30 0 151 115 42 140 32 12 21 0 19 68 0 106 81 89 77 40 18 60 191 169 75 64 123 47 195 101 0 8 81 42 2 0 132 144 8 53 42 72 35 67 118 62 97 96 202 0 53 66 42 21 27 21 54 0 10 80 179 35 0 4 4 9 136 205 51 221 64
101 101 35 39 32 63 91 6 43 24 21 68 68 40 42 57 27 6 7 57 0 125 66 0 87 101 0 0 21 10 21 147 9 6 110 137 84 85 37 46 17 57 106 0 0 7 28 0 40 48 36 0 0 30 17 71 108 44 56 56 28 28 125 0 105 63 79 42 89 54 6 40 9 111 82 0 76 57 16 0 0 6 0 1 42 78 18 52 34 47 53 126 0 44 121 24 0 57 72 6 42 130 4 118 32 25 97 42 34 67 82 36 0 21 0 75 24 36 24 77 117 72 51 63 104 36 23 71 34 0 38 14 0 50 30 53 35 140 140 73 18 69 5 0 15 89 99 10 66 41 10 49 15 35 51 42 78 5 61 106 104 0 45 0 36 87 37 149 48 76 122 69 27 60 73 62 0 0 47 110 45 84 8 63 124 0 105 0 81 16 49 38 45 75 27 0 48 91 52 51 151 49 69 0 105 0 7 87 17 14 27 99 77 99 32 61 0 71 2 0 36 91 124 30 52 90 113 70 16 6 121 69 83 40 18 33 81 123 41 43 0 53 108 68 67 25 0 24 14 0 151 20 75 76 48 79
10 90 100 56 0 75 192 134 27 43 92 6 66 107 120 10 24 21 28 90 152 56 102 41 134 52 159 98 32 137 27 0 38 0 65 107 29 57 46 54 147 161 145 103 134 72 120 134 30 99 50 74 88 79 5 80 44 46 56 61 75 43 133 97 116 107 63 24 27 0 23 79 116 83 12 36 72 114 57 28 64 95 0 18 127 14 0 103 73 72 134 49 0 104 99 0 111 102 72 32 51 14 94 63 61 51 27 190 65 71 109 9 0 66 72 8 68 54 41 39 52 98 90 25 132 2 45 68 145 22 132 96 130 83 49 10 35 18 105 53 171 82 24 12 45 11 127 60 136 6 0 51 46 117 33 95 90 30 42 48 61 72 139 12 175 15 16 101 12 169 66 69 153 143 95 107 0 145 40 10 55 54 26 87 144 97 125 51 62 90 85 1 146 84 63 13 7 106 120 0 53 0 92 23 65 125 10 16 53 72 8 30 64 196 65 23 0 73 0 14 80 7 12 58 58 20 0 112 81 9 105 95 6 8 21 99 53 191 59 128 18 0 99 217 0 44 69 103 165 5 123 18 103 122 0 60
141 82 74 25 129 115 0 65 92 103 60 28 94 110 44 162 174 9 57 33 42 108 71 163 132 25 275 168 52 273 156 0 32 101 82 45 78 142 106 92 69 154 134 80 196 84 8 120 179 110 75 28 37 68 0 76 180 156 86 0 110 36 48 102 151 17 145 3 16 4 131 0 31 134 130 89 41 72 36 126 34 86 14 92 28 35 56 12 27 9 175 139 117 167 50 6 27 32 89 81 29 79 170 6 124 63 98 90 22 0 197 69 48 69 0 77 206 42 58 15 42 110 59 162 95 87 59 171 100 96 133 98 103 35 239 64 28 52 217 15 134 98 81 113 121 48 154 0 46 24 67 48 71 162 72 2 107 0 29 199 32 72 149 56 227 41 12 0 54 173 251 50 27 206 123 18 117 45 33 83 86 18 72 133 204 19 66 17 107 68 44 49 157 133 71 68 39 9 51 18 52 57 102 199 98 19 8 102 124 69 183 94 180 238 54 97 193 74 14 96 119 64 117 21 81 162 0 144 6 101 36 64 44 100 213 44 24 190 44 132 26 40 68 0 279 129 48 65 49 0 72 67 96 143 60 76
0 48 44 58 0 81 0 48 56 56 63 16 78 202 36 48 114 0 8 139 119 87 14 77 21 72 48 48 42 54 63 0 40 16 110 0 92 0 68 15 67 6 56 12 66 21 0 45 6 57 24 100 80 18 0 72 44 64 118 12 92 152 42 24 84 53 72 34 24 36 54 29 11 29 25 161 74 105 70 1 5 70 83 42 22 0 70 52 74 16 8 56 0 121 40 84 30 72 91 72 72 10 72 92 0 57 64 0 0 65 40 94 78 28 40 105 16 26 22 18 96 71 48 60 87 76 72 56 92 95 0 100 52 30 126 42 37 54 129 36 61 110 0 103 48 0 74 8 29 8 88 17 48 176 37 0 110 0 0 80 23 48 88 0 176 5 48 85 0 58 153 70 134 26 192 0 12 50 127 54 35 0 120 64 61 0 91 12 30 24 45 31 14 39 18 110 0 75 28 0 14 40 0 8 0 62 38 0 18 22 1 51 88 118 120 36 24 147 32 48 120 52 46 82 15 113 55 30 91 38 87 8 64 142 191 20 56 6 124 79 9 0 0 42 91 72 87 54 22 0 69 88 0 144 66 16
0 139 104 0 96 35 98 111 32 84 0 13 0 0 170 80 70 43 26 97 159 166 50 98 14 20 64 182 26 68 19 56 46 56 243 105 136 44 259 235 60 9 4 8 67 98 35 0 93 98 140 99 64 96 113 152 66 178 145 43 16 60 113 28 94 143 72 52 35 28 146 146 65 0 0 68 105 106 2 55 75 144 72 41 70 3 26 50 83 128 96 0 16 56 113 62 35 38 109 118 86 103 61 56 62 24 22 0 97 9 116 163 18 139 72 128 30 119 63 61 100 84 64 5 108 50 0 162 5 104 101 24 67 73 130 14 57 178 43 134 98 104 46 48 94 131 14 127 84 54 99 0 6 121 14 0 21 58 38 147 32 110 76 64 58 16 158 126 27 51 59 112 0 0 49 72 15 324 6 1 30 29 28 76 66 110 212 76 75 24 93 28 193 94 24 16 201 30 135 32 146 26 76 95 50 12 27 184 75 72 63 40 0 220 86 25 82 62 58 29 15 159 25 129 117 16 66 95 144 98 56 39 73 80 80 62 69 74 36 93 65 49 30 146 56 13 6 148 130 7 123 91 77 6 52 23
0 295 105 9 56 68 171 100 50 8 85 7 229 35 108 78 69 117 40 76 81 166 30 29 117 99 50 114 135 118 185 0 54 69 77 72 14 36 34 97 28 18 42 64 209 117 18 30 99 92 184 69 0 6 121 24 23 104 8 105 127 32 95 0 62 45 9 16 36 9 104 102 28 102 66 33 23 0 120 64 48 72 0 16 140 36 2 55 28 16 16 55 0 49 0 99 48 107 106 28 129 135 112 118 9 60 42 7 32 12 48 63 32 72 86 14 171 30 196 71 87 119 68 93 27 22 8 57 42 27 153 47 63 0 117 119 2 75 89 0 112 2 63 20 28 52 21 49 1 47 0 42 36 60 76 24 54 0 0 11 16 53 72 160 25 0 40 26 0 212 173 72 109 40 78 63 21 188 55 40 0 63 135 93 74 80 98 18 56 56 40 49 36 103 0 86 84 71 43 63 30 0 93 48 16 71 30 0 2 155 146 65 60 185 118 75 85 81 21 72 162 47 64 0 32 2 42 54 0 0 74 0 47 213 103 51 34 93 40 7 0 32 0 99 28 0 46 77 32 0 72 36 96 116 8 21
0 37 25 72 63 133 55 44 0 131 54 9 84 48 77 54 27 40 91 77 90 41 58 83 183 58 78 170 65 80 98 41 0 42 50 45 24 136 17 94 46 34 45 203 79 100 21 86 106 81 16 0 0 111 60 100 153 37 48 30 54 142 102 115 32 69 128 149 48 6 22 88 48 60 0 73 93 26 0 34 83 56 80 0 60 159 0 46 16 54 149 208 117 202 59 113 5 104 128 89 93 82 120 23 11 46 121 130 80 112 162 123 85 48 0 177 94 52 203 80 35 124 112 84 88 3 29 63 100 10 149 51 67 98 131 39 94 40 33 82 136 20 20 0 29 90 40 62 111 0 10 90 48 95 144 30 44 30 138 106 36 67 116 145 76 130 169 104 88 16 138 67 44 75 161 57 52 41 40 182 124 37 14 155 150 34 47 83 5 38 116 60 50 29 0 131 54 35 165 62 247 50 40 110 54 133 11 68 43 20 33 94 60 14 12 78 143 27 21 72 169 139 33 31 12 124 12 28 30 25 21 112 14 45 20 109 92 52 66 41 59 20 51 75 139 54 19 39 0 75 63 171 38 69 48 54
58 8 41 0 12 65 104 43 52 22 0 0 98 50 36 135 168 0 0 32 84 69 28 38 89 105 106 28 84 93 0 8 0 0 40 58 18 90 32 42 2 36 6 0 134 72 62 0 0 86 54 81 4 30 30 20 81 36 46 0 63 20 121 12 0 30 57 54 0 6 22 27 56 26 25 157 35 105 0 75 32 32 86 0 22 32 56 2 2 0 30 54 0 0 8 16 74 66 68 18 94 31 0 0 76 36 108 70 4 28 0 24 30 0 0 14 21 42 25 26 56 61 10 0 46 4 10 104 67 88 147 0 35 64 2 12 21 19 63 0 80 46 3 0 18 30 10 0 84 0 40 8 72 30 5 0 0 6 58 0 37 3 1 44 43 7 24 44 0 72 158 15 64 6 0 29 16 119 75 22 35 0 13 16 31 0 36 0 101 19 75 10 104 198 23 102 36 27 66 0 24 99 83 63 36 62 8 0 24 0 0 89 4 115 14 0 68 6 62 0 99 103 2 12 42 72 16 16 14 0 23 0 10 71 136 20 105 111 23 77 0 0 0 96 80 36 36 0 0 6 90 86 72 87 58 8
9 11 230 95 33 147 5 48 14 0 83 72 118 12 140 118 61 58 8 46 91 212 13 66 62 56 15 232 47 83 0 32 0 55 0 194 77 164 42 47 37 59 93 99 66 32 74 36 118 0 31 69 0 48 79 121 148 30 85 27 56 4 54 76 177 54 92 54 0 56 36 6 109 47 89 24 157 88 0 94 52 72 0 17 108 34 32 60 23 41 69 0 0 45 63 47 80 0 89 58 113 63 10 21 101 0 56 30 0 81 98 173 0 88 117 144 105 40 58 108 8 75 20 122 28 105 71 67 48 41 69 6 46 21 62 61 68 103 110 33 76 18 4 32 54 131 63 14 19 32 40 113 88 112 35 96 60 6 39 177 65 93 127 16 64 0 0 47 33 172 24 72 3 49 154 13 86 82 45 35 85 48 61 94 119 52 48 72 28 28 24 32 24 151 87 24 71 63 12 12 40 48 147 121 54 0 0 68 14 40 55 101 0 72 60 78 8 100 8 0 204 20 16 75 29 37 41 46 39 73 0 56 61 0 24 105 77 135 118 60 30 68 20 89 89 1 48 88 45 27 63 92 153 26 44 124
86 3 230 124 9 14 124 0 64 0 61 58 35 75 132 64 89 0 145 62 57 96 5 75 76 47 30 42 69 73 49 120 16 8 48 50 242 10 126 80 5 15 54 0 16 0 119 53 35 24 38 135 135 16 69 16 110 12 0 18 139 56 136 36 14 54 71 112 62 0 24 29 31 168 36 34 22 141 9 145 133 66 0 73 78 26 0 17 66 53 99 37 14 0 106 27 0 10 91 99 105 36 10 2 10 54 45 0 45 14 89 0 45 48 21 187 2 12 95 97 54 48 71 0 26 60 73 49 24 79 53 0 46 0 34 1 4 52 40 51 25 126 63 52 33 58 117 20 100 67 2 48 0 18 36 45 45 3 9 117 2 2 43 20 64 176 22 93 24 20 30 6 11 39 2 0 132 36 15 57 54 98 14 29 128 115 41 20 27 20 11 9 32 1 131 58 71 65 40 81 48 60 94 6 60 10 87 44 38 142 111 1 0 26 0 14 83 0 36 81 50 66 128 33 128 52 14 0 121 129 8 8 146 0 0 0 106 0 30 69 100 24 55 16 61 16 93 81 4 81 130 0 24 151 6 81
39 80 125 96 24 88 101 81 72 49 88 39 19 158 20 91 42 13 108 158 39 73 0 50 12 213 56 59 0 64 27 85 20 34 30 86 78 45 193 21 72 38 84 39 81 104 27 33 56 133 66 0 54 88 49 178 49 88 33 129 124 128 183 75 88 54 0 44 12 48 24 149 98 22 105 16 126 124 8 0 144 30 144 210 145 90 0 143 137 32 18 117 47 96 168 29 0 129 120 35 168 46 180 90 51 181 61 27 85 18 36 87 59 130 80 113 82 49 199 85 55 84 102 68 0 4 28 96 81 59 109 43 84 68 36 65 94 110 27 90 0 51 54 107 26 108 62 118 120 82 133 27 187 114 116 63 127 48 0 72 4 20 60 74 30 93 99 24 92 38 131 0 80 20 96 121 104 14 0 28 23 177 194 150 187 83 330 16 54 31 128 87 81 57 18 120 147 57 101 90 72 24 49 135 36 3 165 9 24 21 81 48 0 73 63 36 0 99 53 0 92 14 133 71 22 92 12 103 124 0 36 72 18 0 101 148 217 24 114 170 27 88 42 45 133 28 132 159 0 94 49 27 49 78 147 42
109 57 165 30 42 100 18 84 25 77 12 45 129 72 62 116 130 45 60 120 95 81 0 116 141 129 56 76 94 102 60 2 74 10 54 30 198 66 112 38 0 9 55 76 192 98 44 131 40 104 174 12 18 53 76 173 135 143 84 43 85 0 60 103 14 50 24 34 58 84 52 60 34 150 94 46 70 170 16 179 176 179 47 47 92 50 35 24 43 63 106 48 20 99 61 146 161 16 52 34 55 43 39 35 140 66 158 78 110 12 91 99 57 208 146 38 174 92 165 71 164 136 108 76 110 84 159 105 65 92 161 103 151 26 143 81 59 90 20 128 288 24 74 36 164 55 175 11 108 6 56 78 128 48 65 63 55 5 27 242 64 126 103 88 190 120 32 82 84 134 181 155 3 43 145 100 98 94 36 78 178 80 22 214 84 37 112 42 144 105 128 107 150 204 176 109 60 56 72 118 140 69 36 134 67 156 60 70 190 159 120 97 48 244 52 28 132 48 72 66 95 177 84 62 122 96 91 105 110 69 64 82 143 76 178 100 80 162 88 69 74 134 52 0 200 23 65 39 81 135 104 132 143 134 40 103
35 65 119 0 64 6 36 0 72 1 40 129 64 63 150 94 75 72 54 31 174 143 84 153 8 74 55 99 42 122 170 21 12 100 117 26 44 36 112 71 33 137 9 14 95 0 26 120 75 67 72 0 8 102 45 96 0 29 51 12 149 19 56 80 17 111 79 93 81 6 27 42 30 60 0 57 45 96 9 100 87 14 54 12 52 42 7 0 17 67 155 0 7 63 83 63 27 84 89 0 2 0 62 5 57 6 72 40 41 29 0 0 24 0 4 40 125 200 24 0 3 26 12 36 2 8 14 93 14 58 91 86 36 63 108 5 16 22 39 14 57 19 11 54 41 20 27 34 53 27 9 40 48 12 66 14 65 63 0 173 8 90 93 20 46 60 51 82 44 141 67 37 6 163 54 54 94 113 12 16 63 28 0 89 43 9 36 63 63 30 101 96 39 24 68 6 0 54 0 0 54 147 89 83 85 63 113 13 44 126 73 7 53 99 41 114 133 27 3 73 15 42 28 60 37 30 14 64 73 71 51 0 78 47 45 87 24 33 86 63 56 72 57 21 192 36 69 8 0 92 87 54 71 135 117 60
214 35 148 64 10 52 53 84 72 58 50 14 162 40 86 125 121 82 146 100 169 73 90 0 106 178 101 111 90 36 31 49 45 74 59 45 118 50 120 42 54 4 114 69 84 97 72 62 156 51 29 83 18 140 20 135 153 81 76 210 45 30 59 22 100 74 51 30 8 10 105 84 35 54 53 24 174 72 79 149 48 144 8 97 206 0 80 206 11 34 38 18 21 7 50 134 21 54 69 122 69 81 122 44 104 42 150 76 152 28 129 103 104 94 5 14 87 78 113 132 14 105 100 0 49 23 104 234 0 118 78 41 74 14 12 128 43 36 107 33 81 80 11 30 12 94 76 74 84 53 85 56 56 71 65 48 95 61 115 142 10 71 136 144 120 72 130 74 0 81 0 104 57 82 0 86 66 155 15 85 25 117 149 125 52 30 51 26 100 96 68 107 122 44 43 84 107 39 168 54 32 30 115 64 42 145 36 72 17 65 83 48 14 208 28 36 42 12 81 4 173 42 94 14 117 9 0 71 136 39 28 0 50 68 10 42 50 0 10 48 78 74 36 79 191 72 108 102 58 0 67 123 40 64 40 139
23 23 198 76 96 188 6 82 0 39 54 90 78 142 48 144 91 96 93 66 103 72 0 132 80 86 66 65 109 51 0 49 0 25 68 28 107 208 54 32 0 41 32 18 115 102 144 92 0 66 114 18 28 66 122 74 77 117 0 41 108 51 101 30 34 57 52 57 63 138 0 0 18 34 113 7 12 54 49 57 6 30 32 87 0 42 35 36 18 104 78 17 46 0 115 8 117 256 138 0 22 75 45 54 161 29 189 55 170 172 0 26 0 0 84 18 47 48 72 65 83 74 66 78 23 0 116 92 51 111 171 86 6 17 79 56 66 37 84 68 0 75 4 0 143 63 81 17 239 1 61 45 103 66 31 56 30 114 18 71 18 46 124 152 14 233 24 66 77 237 56 31 21 57 67 54 133 26 3 18 14 0 90 66 81 109 51 139 233 129 36 63 0 151 138 9 144 32 18 79 87 113 0 256 0 117 128 42 91 45 15 24 0 69 193 85 0 31 4 16 27 66 63 63 18 90 56 26 8 30 148 18 9 45 117 110 34 75 101 101 80 40 12 0 158 54 42 0 6 83 0 50 18 44 88 114
2 79 32 33 104 100 18 78 37 108 138 0 55 51 92 21 24 9 0 21 143 17 46 0 19 12 110 37 18 38 18 79 28 5 84 123 170 61 9 53 0 49 133 72 92 20 49 41 30 35 12 63 84 18 102 128 114 24 103 58 6 42 120 0 6 62 58 72 9 82 120 83 4 45 96 45 61 92 28 60 53 5 65 0 122 129 95 55 35 20 104 63 66 94 14 53 0 0 59 46 75 28 0 48 97 89 104 82 48 63 36 67 45 52 72 142 64 88 127 118 64 42 58 105 30 25 67 38 110 67 19 0 18 129 143 16 131 110 42 97 144 30 0 68 5 110 27 5 171 0 0 129 80 50 116 24 9 12 10 0 138 87 138 128 42 8 30 140 0 47 119 121 30 38 101 82 299 187 93 141 126 39 25 113 0 10 34 120 53 42 50 71 89 45 98 0 0 75 0 54 114 44 36 186 50 0 32 65 8 9 46 62 63 18 18 32 92 60 0 0 124 0 24 126 44 118 38 25 138 57 0 127 34 104 52 66 38 51 114 137 46 30 25 124 87 36 88 0 67 72 72 129 37 0 80 26
121 63 88 89 72 46 0 75 150 94 85 166 56 0 96 105 33 0 46 64 213 63 0 24 85 96 68 96 0 52 68 69 124 127 110 143 117 0 69 51 79 94 63 62 41 23 0 62 24 30 71 75 207 35 42 109 226 101 164 135 184 95 63 92 149 9 7 138 107 99 24 126 42 0 7 4 238 106 214 76 84 17 123 84 77 8 92 91 77 53 128 72 0 0 0 97 82 56 112 136 88 18 0 0 53 95 0 150 0 21 39 119 24 33 69 77 18 95 42 77 0 42 131 54 44 83 18 84 180 113 150 129 150 42 101 68 54 0 26 78 57 108 6 72 63 58 115 56 57 119 80 135 185 102 88 91 40 49 42 246 81 110 68 0 62 0 8 212 138 43 85 63 41 76 116 67 126 164 24 20 82 0 56 101 42 63 104 42 126 27 78 119 54 8 18 8 0 60 69 0 92 30 24 32 84 18 40 159 0 72 52 29 12 24 65 0 95 128 38 18 225 36 155 54 9 154 43 95 179 158 56 0 63 217 45 21 21 24 53 152 102 74 24 7 124 95 80 52 27 32 66 139 143 94 78 41
40 100 94 94 107 147 132 174 48 156 35 187 30 96 134 18 78 0 108 74 88 116 138 56 136 57 48 52 126 62 91 48 142 12 254 175 104 36 90 112 81 56 80 72 70 99 75 79 42 42 24 101 177 53 70 33 87 40 99 18 36 0 88 14 0 131 87 41 61 42 6 165 36 128 39 130 48 173 55 74 86 36 118 6 103 56 247 63 176 12 118 28 0 104 60 44 40 64 64 50 25 12 42 38 54 110 102 50 45 110 32 30 73 134 3 41 8 8 42 48 16 97 43 58 52 28 132 24 12 65 76 0 104 127 77 24 71 125 12 42 87 172 20 48 25 54 72 108 76 36 0 62 23 16 29 98 120 14 45 25 111 72 114 8 247 16 21 137 116 174 207 0 0 67 8 18 183 78 171 105 50 72 36 131 110 0 163 59 64 24 21 53 78 93 159 12 32 6 48 36 134 35 123 134 0 14 70 4 33 8 56 6 95 112 140 45 42 76 44 62 76 174 34 68 72 139 98 116 107 109 225 0 15 140 64 74 44 20 182 66 108 24 0 43 47 65 196 15 81 108 114 47 63 93 151 155
18 32 91 18 0 15 32 57 20 119 83 57 2 136 10 101 35 111 53 28 9 82 91 80 98 127 72 140 34 12 14 32 0 22 56 0 24 0 16 64 24 89 72 8 105 16 7 18 68 9 84 38 34 85 57 85 53 109 6 20 31 60 71 43 16 17 80 86 0 45 69 54 39 71 108 65 104 106 89 38 125 12 44 47 109 0 59 46 10 0 41 9 70 26 21 107 0 20 108 0 116 20 12 82 20 25 90 18 89 0 123 59 83 40 117 27 51 80 30 48 0 0 95 3 6 97 22 126 67 62 9 10 22 58 87 155 41 42 8 26 191 23 0 92 53 30 74 7 0 0 26 163 49 57 88 63 32 0 0 149 22 42 35 80 25 76 54 92 120 34 50 95 15 69 0 20 132 75 24 68 77 29 0 0 113 0 86 21 149 66 0 91 87 36 37 56 0 17 98 0 4 0 63 195 92 69 84 56 3 26 28 153 8 45 51 191 114 22 54 0 30 106 133 51 30 15 21 36 49 6 0 84 18 94 64 15 30 2 44 165 34 50 48 3 143 28 41 50 26 62 6 5 169 32 90 8
38 30 129 24 30 79 25 104 0 37 86 45 57 114 145 81 28 0 10 91 63 58 0 40 15 130 112 99 24 0 18 93 0 32 123 92 0 0 156 81 0 6 48 87 94 113 0 90 61 90 0 0 100 0 105 48 32 159 0 0 24 48 94 27 63 45 0 106 0 97 117 117 44 24 64 4 105 120 222 84 64 6 24 32 119 58 45 82 36 2 54 26 7 38 0 48 0 44 56 4 121 0 102 8 71 15 24 0 127 53 42 78 18 81 63 72 98 12 110 33 28 15 63 54 0 57 43 64 57 201 66 97 42 4 9 180 18 113 39 124 66 60 41 72 9 63 63 73 56 9 19 35 132 0 58 36 8 24 143 190 121 96 24 24 32 28 73 8 51 69 102 84 73 95 40 0 103 9 9 66 0 72 48 72 114 56 74 48 111 16 78 95 117 88 54 0 128 107 92 84 72 86 94 133 48 0 98 129 0 64 119 0 90 62 6 34 103 30 0 117 36 89 103 0 24 110 0 0 72 48 75 64 6 108 62 16 26 105 38 202 0 36 0 0 183 137 126 0 68 42 33 34 0 29 9 99
9 0 0 14 16 27 54 6 0 9 105 45 6 135 47 0 0 57 62 56 85 0 26 86 50 144 48 101 12 0 27 55 10 2 0 32 36 42 12 51 0 40 48 22 74 38 68 18 30 131 36 0 50 28 8 10 12 94 16 66 37 9 136 54 34 23 42 85 0 37 23 3 0 12 81 0 0 58 86 8 36 23 42 72 30 0 13 54 6 61 80 42 22 26 83 58 18 90 6 0 3 34 6 25 18 15 9 26 48 0 4 86 41 0 0 20 40 63 11 15 18 8 37 32 0 42 0 46 6 30 41 36 88 49 30 12 88 0 0 53 54 63 4 28 9 4 40 27 84 4 54 9 15 4 71 3 0 12 36 32 0 72 18 25 51 86 0 145 16 4 80 43 15 40 35 74 36 69 8 18 0 2 72 55 14 0 93 27 18 15 29 8 47 63 68 4 27 52 12 0 95 0 15 78 60 0 99 38 0 5 45 68 18 68 48 15 3 73 0 6 21 17 150 62 18 0 24 0 49 30 28 5 6 88 24 21 80 87 0 27 45 16 12 72 14 81 12 6 71 14 96 33 30 10 32 24
60 0 242 91 106 123 44 43 0 120 29 81 101 112 9 112 120 55 55 70 75 131 125 134 207 118 71 139 63 0 120 73 71 53 49 0 51 91 137 18 108 120 62 32 41 121 76 48 58 157 7 119 33 67 54 216 142 227 94 62 128 92 28 69 151 60 116 3 104 16 85 101 70 134 28 86 107 96 151 93 56 52 48 50 56 40 63 12 79 93 74 27 40 16 1 37 224 69 168 25 21 64 32 125 31 92 116 0 93 112 79 157 70 74 41 71 48 57 56 29 52 63 14 26 119 33 75 132 87 77 108 64 148 32 14 28 58 10 104 47 61 144 20 93 113 83 71 84 217 49 115 44 82 64 16 0 120 109 45 149 27 43 222 106 94 51 15 89 35 127 183 38 90 30 284 5 66 130 73 9 150 89 97 208 94 90 130 21 124 10 40 0 84 48 90 88 118 31 23 83 24 84 41 161 34 106 31 41 36 42 18 31 48 141 111 46 25 36 5 8 184 41 51 0 130 147 0 96 74 45 100 4 65 105 86 52 57 27 210 83 111 0 6 29 182 0 128 27 32 5 88 49 120 119 138 183
141 146 220 0 56 26 40 46 24 68 163 36 78 8 84 80 0 78 32 62 0 12 27 72 28 60 87 22 20 5 12 111 24 48 95 14 141 120 158 0 0 0 0 0 56 54 56 51 33 153 81 0 0 30 5 62 32 35 54 81 0 104 47 0 54 113 8 36 112 84 76 12 0 86 27 0 41 0 128 25 172 80 92 24 108 152 0 0 81 86 183 25 21 169 0 17 120 8 0 30 0 29 24 102 69 9 8 48 95 31 100 165 55 144 85 78 8 10 0 153 211 48 95 72 72 0 4 111 0 72 8 161 190 32 60 56 0 48 165 121 64 216 13 0 24 134 72 47 82 181 1 116 4 45 0 56 0 18 32 49 68 66 72 81 36 124 61 140 64 224 155 3 80 76 0 28 120 84 32 50 24 105 27 20 38 1 117 94 100 30 48 95 120 16 153 28 108 96 54 0 48 9 108 81 80 71 37 7 75 41 41 110 42 40 10 8 128 94 25 0 72 28 144 63 70 149 8 24 80 52 64 64 42 36 39 0 35 110 73 193 159 8 21 117 10 40 143 144 10 0 12 93 16 2 48 0
111 86 55 208 6 41 77 40 127 133 39 72 98 52 112 149 94 33 38 65 13 32 90 136 101 78 0 101 10 1 48 114 0 208 49 126 79 45 160 0 94 91 35 149 63 64 58 79 55 0 97 106 36 152 64 71 56 55 72 120 66 24 24 78 120 155 61 86 83 45 40 188 97 40 99 6 27 102 0 104 50 6 109 0 50 27 15 173 62 45 14 192 2 164 0 58 61 169 19 38 89 24 33 16 22 95 96 36 111 21 41 25 69 42 63 93 106 111 82 39 135 88 25 196 0 0 22 83 35 4 59 39 137 20 65 71 127 45 222 42 105 48 10 0 132 61 85 58 74 20 30 53 105 52 135 68 98 0 11 113 115 64 34 6 59 157 18 119 105 135 130 21 45 121 137 13 10 18 47 139 96 109 11 104 188 9 0 0 38 46 0 21 115 40 100 53 45 27 31 18 38 6 9 23 37 50 7 75 46 63 41 30 15 66 136 4 87 0 20 0 182 75 66 67 112 54 8 173 115 3 95 9 89 134 4 73 133 53 99 110 96 95 52 6 88 65 24 0 65 53 19 103 24 48 8 0
0 74 36 26 7 57 9 42 67 0 101 115 22 80 64 0 27 36 105 64 120 6 14 136 0 146 54 10 42 100 73 66 18 56 36 12 4 0 112 94 0 22 24 94 124 48 24 119 37 20 0 54 110 84 13 113 104 101 62 30 59 56 147 28 9 39 17 95 62 8 46 12 46 61 25 8 0 61 74 84 60 29 84 0 40 7 20 22 23 17 138 21 10 32 0 54 54 103 20 60 45 48 9 60 2 39 19 56 29 10 7 90 162 96 48 40 147 10 0 2 0 33 8 3 72 0 106 63 42 55 79 0 68 62 36 2 0 24 19 0 8 85 42 44 10 10 35 81 16 90 6 36 4 39 27 92 30 55 18 96 30 78 0 12 100 18 72 70 4 0 72 40 15 52 14 28 70 79 47 20 52 32 8 125 50 15 26 0 3 18 59 139 50 3 56 21 72 103 103 32 60 37 43 25 78 10 105 6 24 84 108 0 24 87 17 17 119 18 24 98 0 22 59 73 51 13 4 61 24 173 6 28 18 4 0 85 7 27 59 13 58 0 36 69 72 62 118 156 84 0 29 0 51 98 48 66
77 70 0 37 40 64 45 62 87 48 36 34 37 24 144 0 26 40 123 34 111 17 12 183 64 126 134 71 70 123 189 75 0 18 19 69 92 37 89 19 21 55 0 76 69 50 91 9 42 132 24 117 0 0 126 87 68 25 64 56 0 9 120 18 28 73 23 15 61 2 77 0 60 9 0 46 104 4 81 24 28 120 0 0 105 52 77 41 49 55 120 63 27 91 34 0 51 58 12 12 70 15 84 24 42 67 8 32 136 196 41 59 0 95 17 93 35 55 63 0 7 116 27 8 83 12 36 106 83 21 209 23 12 102 87 34 47 28 61 9 70 4 192 36 62 7 1 74 24 30 10 98 0 27 158 13 8 2 10 70 0 92 26 0 36 47 51 133 0 0 10 39 0 60 28 38 42 133 0 104 56 35 0 69 45 12 138 79 5 21 114 0 47 63 48 14 66 162 64 16 38 7 83 89 70 40 1 20 6 30 45 100 36 142 16 2 96 5 0 150 21 68 103 16 6 118 0 10 30 44 37 63 6 55 53 75 113 54 56 140 48 51 29 101 177 6 42 0 94 5 88 33 122 170 12 110
88 58 59 91 112 42 97 7 103 61 75 68 117 167 211 46 137 37 24 24 39 42 97 48 72 29 53 102 118 290 42 108 2 62 46 52 120 20 107 79 95 61 211 48 8 97 24 100 28 39 0 0 217 75 79 56 72 99 29 14 69 41 9 27 72 133 85 2 42 8 219 128 34 93 162 33 203 71 110 64 186 76 0 149 209 53 90 8 74 100 82 65 74 74 63 15 7 112 97 24 45 77 74 43 13 72 7 120 152 80 87 38 23 87 72 56 6 0 252 144 24 213 139 2 145 33 73 11 142 14 21 37 124 60 21 6 7 106 51 134 7 48 50 20 10 90 7 9 129 0 13 62 21 18 107 48 190 22 135 121 49 21 115 52 102 49 29 111 52 0 16 122 174 37 56 75 40 1 6 36 5 170 101 127 172 19 81 40 168 33 97 21 63 0 34 59 189 53 76 36 148 73 45 98 20 102 40 133 54 52 52 9 71 26 15 66 89 41 143 44 79 122 116 84 74 0 4 11 5 77 59 0 7 84 86 41 52 104 75 149 0 32 52 133 25 98 60 25 52 90 15 17 27 7 80 78
52 90 124 62 82 8 22 35 80 60 135 7 45 75 122 125 0 81 0 43 176 112 16 127 44 76 0 83 45 93 91 82 15 23 44 3 88 176 62 89 15 47 152 43 6 84 9 97 43 0 141 13 14 31 85 124 105 39 26 116 20 6 54 81 120 24 46 0 46 0 21 0 91 59 48 46 133 104 19 30 113 109 40 2 153 19 94 67 33 129 83 45 0 27 58 151 89 46 197 50 16 102 61 46 119 24 98 14 22 17 62 0 56 53 63 56 34 62 20 24 192 60 12 122 0 9 5 42 26 73 30 144 0 20 113 40 98 127 164 11 49 12 0 64 74 61 176 44 8 27 81 127 100 63 9 63 98 38 32 75 48 87 99 12 127 93 0 145 119 162 39 89 26 92 59 58 45 111 44 67 139 0 104 64 56 27 79 56 72 78 84 35 183 0 7 56 12 91 46 6 56 18 165 119 98 113 2 27 48 21 48 74 26 34 50 137 12 139 105 8 68 48 55 63 4 0 42 87 81 58 101 71 122 53 24 18 162 119 186 98 18 182 58 95 155 49 56 132 3 20 45 135 232 71 81 118
0 94 93 47 104 28 12 0 0 9 23 98 14 21 94 0 0 27 0 33 67 75 30 40 6 2 77 73 30 27 22 45 24 0 64 12 47 40 84 61 4 6 33 30 90 51 30 34 51 57 71 0 27 6 76 15 18 35 114 0 51 45 28 0 9 31 11 27 18 2 48 71 8 0 61 2 17 122 24 4 106 13 0 33 0 17 6 21 0 120 116 16 91 87 61 76 63 42 131 7 6 47 15 0 71 4 24 38 1 0 40 114 81 47 0 49 58 26 96 36 53 28 82 16 25 66 0 88 3 23 35 48 17 99 14 33 35 42 31 103 42 49 74 140 117 102 9 5 21 0 4 28 96 8 4 0 23 0 0 146 9 110 27 4 9 123 50 8 45 140 20 91 0 0 115 0 0 174 45 24 0 16 64 1 121 5 161 80 0 0 64 35 47 86 26 54 29 0 7 0 128 33 45 71 28 20 10 84 32 13 8 61 0 23 36 39 90 121 30 42 152 160 52 60 28 54 28 6 54 0 12 95 10 14 82 42 56 35 56 99 54 50 0 41 106 12 71 44 33 94 40 200 103 27 46 10
0 37 80 63 0 50 25 37 0 32 100 0 52 40 105 45 0 18 7 4 118 56 52 24 0 74 126 94 45 23 30 77 0 30 71 198 20 79 78 91 32 0 36 0 0 45 85 21 48 70 67 12 10 25 92 23 36 16 85 30 72 0 83 93 124 28 112 4 112 0 42 35 40 45 6 100 60 108 84 0 24 4 0 0 52 16 83 35 22 29 88 60 0 20 40 56 56 24 45 154 90 30 45 72 0 15 36 8 67 9 104 145 40 62 0 89 23 9 95 80 72 5 32 113 0 21 0 147 30 0 146 81 120 57 40 72 52 72 35 62 128 5 45 0 50 0 97 48 45 80 45 36 4 45 78 63 36 15 0 121 56 15 38 0 105 38 0 115 39 21 40 44 25 31 36 48 5 0 30 70 64 98 58 61 0 79 10 21 142 0 36 46 32 15 7 20 45 64 72 0 10 60 28 0 0 0 46 157 48 72 83 77 58 64 65 86 18 3 12 40 0 72 48 12 4 61 53 85 91 118 63 0 40 81 51 48 96 72 14 54 66 127 123 98 58 53 81 52 56 0 0 65 32 37 48 21
62 38 80 24 68 218 213 152 100 35 105 85 106 25 56 177 8 36 130 94 146 100 82 81 38 139 151 131 144 80 127 38 84 23 78 14 134 201 149 46 0 30 18 35 42 81 194 64 206 18 49 0 89 80 0 1 86 0 36 8 79 42 94 40 45 90 73 145 14 89 34 148 74 18 63 62 42 96 51 16 15 72 63 20 189 52 10 69 125 58 123 154 14 171 81 157 111 64 101 96 198 102 81 62 95 0 44 18 181 78 34 141 73 74 127 89 89 102 168 67 174 25 20 0 8 74 0 203 142 87 138 93 68 0 0 40 119 35 137 57 64 81 108 25 58 92 42 68 52 0 0 41 77 35 226 88 5 81 0 89 12 0 73 42 73 122 93 104 88 130 118 22 91 64 54 74 26 141 77 33 84 75 54 93 77 103 132 32 79 4 87 44 144 72 126 0 45 96 123 45 74 83 264 162 54 42 47 2 80 26 166 52 46 92 72 108 63 85 0 0 31 79 121 44 66 8 45 0 117 0 52 30 28 153 14 92 50 119 94 70 22 12 50 191 158 42 0 243 111 96 110 52 168 82 52 112
0 84 151 10 14 90 0 6 0 78 28 134 92 85 131 64 95 41 40 32 48 84 48 138 55 180 50 82 167 31 36 117 8 121 56 22 119 71 61 71 45 10 108 0 10 22 0 52 12 0 84 132 14 10 0 36 1 60 120 0 69 60 57 36 8 69 155 145 0 0 40 89 0 71 20 124 36 65 105 85 147 46 22 123 118 51 25 0 30 40 110 91 42 64 102 65 0 44 88 72 111 19 82 8 48 52 82 7 70 0 52 80 0 101 0 90 140 160 39 113 118 56 50 8 0 109 6 137 84 12 48 58 78 128 30 81 128 100 267 50 141 12 24 42 70 35 35 12 102 1 48 2 37 90 24 18 86 72 61 81 84 3 22 8 17 94 16 86 0 94 86 0 45 88 18 20 8 24 73 151 25 92 0 54 38 37 18 54 221 0 38 135 197 24 48 104 104 4 73 36 90 104 42 24 84 75 27 112 0 135 17 137 56 37 108 62 107 0 24 8 122 101 133 24 13 116 0 19 168 143 64 0 55 185 5 5 16 74 0 80 0 29 58 109 107 85 116 154 25 0 40 128 156 52 98 34
56 31 72 22 48 115 97 88 83 213 43 120 169 70 41 145 135 76 102 63 120 146 63 132 143 211 91 0 122 146 219 95 56 70 187 84 92 38 10 106 0 60 56 136 108 35 63 0 49 148 18 104 72 18 57 33 32 14 58 72 112 14 214 68 10 18 84 69 0 31 102 80 36 95 42 81 111 93 107 43 107 193 53 0 186 70 142 29 32 21 115 6 38 74 36 10 79 88 150 5 93 12 190 60 68 21 30 198 192 157 136 39 100 70 69 91 110 25 57 23 77 245 34 106 60 45 101 114 0 12 57 16 84 145 90 123 36 146 93 51 63 94 121 77 168 39 55 72 0 21 0 83 18 37 143 9 19 42 65 43 43 192 90 7 78 169 94 132 7 97 121 0 63 111 47 18 93 48 146 53 56 25 68 187 132 80 70 51 91 42 80 71 35 63 63 39 151 129 81 61 105 63 184 104 70 69 19 28 48 30 76 9 76 54 132 30 78 74 112 96 45 137 171 11 4 84 2 0 61 82 79 0 63 170 0 147 61 86 101 50 9 72 157 72 115 24 71 77 21 54 130 217 137 293 32 175
68 23 192 17 0 18 16 18 56 42 107 89 30 57 0 42 46 48 67 0 0 95 0 80 0 59 7 115 41 72 36 0 14 33 63 20 36 18 63 63 70 74 104 59 50 0 71 112 32 84 98 28 80 42 73 90 3 122 56 12 24 54 96 7 6 42 21 114 93 14 108 0 58 24 24 18 36 67 83 14 20 49 16 5 69 15 0 0 0 101 8 3 42 24 0 111 32 94 86 0 48 24 21 90 76 59 126 28 4 24 0 10 0 27 135 28 168 58 27 35 59 42 31 13 24 18 125 56 63 0 7 45 10 72 80 29 35 24 54 52 7 9 1 40 18 84 0 48 87 14 14 28 16 111 6 0 70 2 18 117 10 131 72 121 9 28 28 0 36 70 63 42 28 21 34 15 131 15 20 0 35 34 24 18 42 83 63 125 60 42 15 114 152 0 103 24 8 53 76 0 16 103 1 81 30 37 133 18 0 56 24 0 40 14 3 112 9 68 14 69 0 14 79 63 13 15 14 0 16 63 14 78 8 16 43 42 35 52 63 95 34 0 28 26 25 17 53 32 21 56 63 0 60 16 21 6
14 57 12 85 63 46 118 44 0 81 103 109 30 244 202 18 63 54 42 126 236 83 88 156 201 67 27 132 81 130 70 27 42 0 101 8 14 24 9 108 27 159 120 32 72 83 12 63 42 85 86 98 112 32 39 0 14 101 86 37 58 96 70 64 42 133 48 68 42 12 15 215 46 0 0 28 43 60 139 76 94 42 0 0 150 144 116 33 72 20 44 64 21 141 28 114 40 72 59 63 68 0 57 22 38 2 148 16 36 66 60 147 185 37 41 69 145 52 116 57 8 16 64 9 25 0 130 56 139 40 60 69 97 18 120 74 30 73 64 122 109 124 8 63 92 140 98 108 137 18 0 56 92 4 0 106 0 5 54 107 81 90 120 95 0 157 164 44 0 38 45 36 29 39 87 6 35 56 0 80 18 58 20 155 135 93 127 63 82 70 64 5 6 68 0 82 18 15 88 54 183 45 40 150 24 62 27 89 29 11 38 74 135 82 12 47 66 10 8 0 66 202 8 78 16 16 63 27 121 57 36 59 6 149 94 109 120 53 92 47 24 12 93 45 56 77 123 38 26 97 0 72 86 162 164 64
24 218 68 131 82 29 18 70 54 75 4 65 114 151 93 70 28 93 26 147 36 94 0 113 34 8 48 97 46 36 0 75 42 102 188 23 32 85 94 0 62 18 200 97 83 18 16 153 82 154 102 60 0 56 71 52 72 119 117 8 58 68 35 27 40 50 35 55 101 55 144 197 102 70 56 43 161 18 18 90 48 157 92 99 249 24 0 68 54 60 38 36 0 146 48 38 60 84 120 7 32 46 51 16 0 77 86 0 59 132 48 112 36 39 24 34 117 77 205 26 218 248 0 92 98 78 51 47 74 110 41 88 99 120 56 145 50 81 117 66 76 100 0 0 129 8 66 14 43 14 36 61 71 85 151 0 97 84 0 71 57 0 154 52 16 153 10 75 101 177 82 86 68 99 173 12 0 112 16 6 90 0 112 127 125 81 50 14 213 68 59 16 50 34 64 74 59 70 85 24 44 36 4 20 72 90 48 45 40 40 76 48 78 97 71 0 28 114 97 115 20 102 42 69 92 78 64 68 160 0 188 119 116 51 198 36 41 32 20 34 24 42 30 46 95 18 37 134 8 36 66 123 90 51 14 84
40 56 231 93 63 6 92 34 45 20 19 108 24 77 74 15 28 90 42 87 142 82 24 160 24 0 12 97 117 56 18 71 9 56 0 50 52 6 128 8 0 87 22 63 78 0 9 141 44 121 14 0 30 56 0 32 67 47 59 18 102 36 18 72 36 62 73 79 0 0 50 54 32 86 31 11 0 84 8 100 45 6 0 93 55 101 55 11 54 0 139 0 8 32 90 42 8 7 73 15 12 6 0 12 12 45 12 99 75 1 16 112 15 42 39 19 219 72 172 104 14 119 56 6 40 90 8 56 94 32 66 114 2 141 80 44 19 54 7 0 32 38 112 32 114 8 6 76 94 36 40 116 51 64 32 63 54 49 10 93 12 100 27 24 0 79 0 28 43 162 26 12 34 135 55 35 102 87 0 0 7 75 10 56 114 36 75 24 20 42 12 49 7 78 104 10 0 56 18 0 81 72 101 182 0 0 88 12 24 27 0 1 32 70 47 81 63 0 45 42 99 84 0 101 35 48 0 62 72 9 64 33 98 0 76 62 72 46 79 105 0 22 24 76 158 30 64 56 82 57 0 50 161 27 124 53
148 98 79 54 36 40 34 20 33 164 0 47 123 28 225 112 53 72 37 11 151 52 109 2 58 32 100 60 119 42 24 56 71 140 136 88 165 18 156 30 40 100 239 0 6 80 44 93 27 10 0 15 153 102 3 205 38 227 50 90 104 54 0 43 96 203 99 64 59 0 54 14 51 78 10 81 210 172 78 4 42 18 6 84 82 39 46 99 31 77 174 42 115 71 133 162 6 161 5 82 66 72 134 33 58 113 74 73 173 1 32 147 30 164 131 50 77 0 132 140 0 54 40 184 76 14 54 223 249 19 108 170 187 75 83 42 128 3 30 70 243 53 9 0 21 10 54 36 119 30 16 73 54 12 46 85 145 89 31 99 76 33 190 55 231 201 21 137 69 0 42 57 62 12 139 72 24 102 8 40 156 60 49 188 167 120 103 38 173 0 188 134 129 18 96 9 28 57 26 18 60 135 8 109 51 48 54 93 156 63 55 61 30 245 114 88 183 33 163 81 210 121 65 36 69 132 63 122 55 114 56 101 33 42 30 124 22 0 0 173 52 149 117 58 210 1 35 22 115 125 24 176 127 165 156 69
71 52 208 46 88 122 0 171 6 32 16 5 156 0 50 73 20 55 131 166 80 109 80 35 80 124 115 176 65 92 46 50 126 55 31 56 14 101 55 0 50 50 4 35 96 31 211 27 65 23 10 30 8 110 0 20 46 69 48 34 52 15 88 80 51 0 64 17 3 78 63 0 25 136 136 103 148 40 85 0 15 97 0 55 71 58 16 8 15 6 78 0 17 107 97 117 131 45 48 72 129 27 67 0 122 3 122 50 77 52 99 98 32 144 148 149 97 9 88 58 4 148 138 56 32 120 109 260 129 92 45 66 16 0 52 94 0 34 47 50 35 94 55 16 149 27 137 6 10 40 0 87 21 100 20 73 49 18 4 180 71 99 55 66 177 60 77 123 187 63 89 40 0 61 8 18 15 66 93 79 56 42 25 88 66 66 132 23 92 28 4 67 131 153 43 0 4 46 106 20 16 40 34 152 48 18 22 32 28 59 48 177 0 36 33 84 0 72 41 33 63 80 76 54 47 7 0 83 0 32 65 0 4 0 73 49 18 73 155 166 12 99 58 26 167 65 9 56 14 30 7 75 165 73 108 33
16 54 3 42 21 17 27 51 126 0 82 45 118 28 20 75 76 13 72 36 32 8 27 46 10 18 25 7 40 0 31 0 0 55 0 128 70 21 12 0 45 74 0 27 36 85 0 21 49 152 45 68 101 35 8 8 12 42 54 27 92 0 0 18 123 0 50 20 72 0 128 58 42 102 6 0 0 86 15 48 70 0 16 27 98 81 0 88 48 6 126 21 0 32 107 17 81 78 14 80 74 0 11 9 21 0 10 107 35 0 21 127 75 59 52 85 36 23 8 42 0 0 114 21 45 12 51 28 25 0 130 18 100 75 28 69 0 0 86 102 30 48 0 0 22 25 6 58 39 102 39 40 33 32 0 56 21 0 41 92 80 0 123 16 20 107 0 29 0 78 0 86 107 45 7 35 77 21 0 36 6 14 27 67 54 86 18 0 63 0 95 15 59 0 0 13 54 81 30 18 17 0 0 16 40 53 32 48 16 45 24 63 8 16 24 0 27 72 0 0 40 58 27 31 83 24 0 120 97 0 84 5 49 9 35 96 116 21 68 182 152 0 14 6 32 27 33 24 40 17 55 6 42 2 16 27
8 167 96 76 86 229 104 91 90 54 74 99 81 0 147 96 108 87 56 26 149 33 136 127 159 0 91 99 93 62 108 5 159 11 69 154 130 68 151 150 136 17 80 0 267 77 56 113 40 61 81 99 70 84 1 12 26 177 23 18 112 13 183 31 30 134 60 102 54 13 15 12 28 8 96 89 36 54 17 45 120 42 44 14 99 76 105 51 135 24 11 0 3 145 102 70 56 46 69 27 38 0 18 0 39 99 74 14 47 79 23 60 152 97 30 6 151 72 112 62 108 164 111 78 39 54 72 45 76 42 219 14 92 80 126 64 114 48 117 0 60 93 39 0 66 77 15 66 137 0 0 74 21 24 45 72 118 81 16 78 95 30 19 69 33 18 87 78 97 145 166 13 0 92 103 102 220 155 27 71 122 100 45 136 186 7 54 39 179 0 53 47 229 224 0 68 0 3 33 149 128 102 81 112 83 0 9 53 36 14 86 57 115 67 0 9 57 154 15 41 28 173 69 57 21 133 0 39 82 67 94 38 47 171 121 156 21 27 142 60 156 46 0 52 51 63 69 125 27 81 117 24 213 175 153 54
2 208 63 80 76 39 72 28 105 120 55 127 10 18 61 81 36 0 69 18 99 107 36 87 145 167 16 81 64 2 54 32 30 28 52 74 18 145 0 84 8 73 20 158 78 32 4 56 50 100 42 36 152 10 18 55 112 0 24 48 55 84 90 60 0 62 59 114 0 19 64 24 8 71 52 109 0 39 58 60 130 69 47 42 85 156 14 32 78 95 80 2 18 135 18 24 4 156 58 81 16 72 54 87 24 56 6 101 93 36 40 10 8 89 36 74 119 50 66 69 142 38 68 32 56 12 10 32 0 30 49 40 0 77 38 63 14 31 63 83 81 16 12 28 56 101 18 40 48 18 4 22 55 94 9 47 0 60 0 106 40 126 293 109 56 73 54 163 78 207 151 82 58 31 74 47 32 66 21 28 32 0 22 208 25 18 56 54 180 55 100 79 77 8 40 209 63 0 144 0 0 42 18 42 75 63 8 12 64 0 25 29 134 36 81 8 48 116 36 24 66 16 94 26 49 37 28 102 66 34 67 0 12 86 8 99 66 73 105 10 74 0 72 140 77 12 7 51 36 24 19 156 129 32 78 72
14 6 82 87 0 16 65 60 24 111 122 89 36 60 9 42 0 142 13 77 46 62 2 21 80 140 34 110 76 24 12 77 53 61 69 43 91 64 116 38 0 55 63 24 78 0 68 0 18 106 18 30 93 10 44 50 109 123 61 27 0 54 151 6 31 112 33 49 56 16 14 56 23 58 32 32 199 96 88 32 127 52 54 18 250 28 59 102 108 37 29 18 26 124 31 34 63 94 42 30 38 91 41 95 40 75 28 144 46 14 4 22 60 90 66 44 69 54 91 57 83 188 56 62 174 31 100 65 63 24 98 100 79 12 84 97 158 132 35 21 94 35 25 0 84 71 30 132 21 131 5 122 0 65 35 128 97 51 25 54 6 160 170 57 156 0 83 22 122 0 47 68 0 68 75 63 86 104 102 21 54 28 36 180 109 48 69 8 29 123 87 27 235 197 139 40 110 67 29 95 35 63 81 92 64 29 0 9 93 17 18 50 12 215 57 116 89 16 106 50 0 25 0 98 44 44 0 9 32 59 113 0 75 50 9 65 51 10 31 111 69 27 41 0 130 81 4 152 72 30 42 72 90 63 126 83
0 0 63 67 20 0 18 0 24 49 37 14 49 45 44 130 145 7 21 67 30 78 24 85 98 57 28 119 112 45 71 42 16 95 10 70 39 0 92 24 45 6 0 104 89 0 0 40 63 40 46 48 45 42 52 65 36 16 0 53 15 59 100 73 148 18 0 131 0 20 148 7 36 36 44 15 54 112 49 80 0 127 0 14 149 0 35 0 55 10 116 17 0 40 0 70 56 8 7 92 19 0 0 57 0 35 0 0 52 53 37 0 5 0 24 83 85 12 21 35 42 78 93 32 91 27 14 84 6 30 41 73 17 42 12 0 4 28 90 32 40 29 79 4 24 0 97 47 64 45 22 0 4 183 26 23 52 0 7 85 0 0 15 63 22 113 0 49 16 20 28 86 49 28 113 14 0 38 0 78 73 14 41 45 77 35 59 0 25 35 79 6 0 0 0 70 64 98 68 50 0 45 56 52 16 18 50 62 16 5 49 0 0 98 32 14 0 7 8 30 74 16 59 6 55 40 14 107 77 0 0 0 64 107 40 48 51 0 0 77 56 0 0 35 15 16 37 12 0 0 103 17 10 146 51 94
32 81 147 63 0 25 96 76 120 0 0 82 145 6 39 102 18 0 52 40 64 24 0 69 21 123 47 123 107 58 77 36 15 60 82 30 94 48 83 119 0 0 53 54 240 0 20 25 6 24 87 18 8 56 80 116 9 49 0 85 0 30 36 8 4 60 54 77 54 56 0 64 0 66 54 128 10 36 0 45 49 48 0 91 52 2 15 29 0 0 57 28 0 40 111 72 76 25 69 108 81 23 10 0 81 0 62 54 24 0 0 86 41 71 72 0 0 42 57 36 8 127 72 57 27 0 64 67 0 54 35 21 43 28 33 209 0 81 54 87 157 8 7 36 27 97 55 48 2 66 0 0 105 85 72 14 20 9 117 139 45 40 12 8 146 8 101 71 64 18 10 48 1 51 54 3 108 82 0 82 46 72 24 48 17 0 153 0 74 54 100 98 50 121 0 137 35 0 88 0 168 44 4 6 144 128 36 0 41 42 43 182 0 72 144 40 145 114 28 24 129 176 74 52 0 9 48 98 126 30 10 0 8 72 33 0 6 64 32 86 0 129 24 0 82 72 123 21 0 49 36 36 56 125 142 27
130 0 30 0 62 40 45 71 54 11 147 63 20 113 140 31 0 0 24 33 92 0 14 32 85 133 112 41 12 100 54 45 0 36 78 0 182 117 100 0 119 54 136 0 0 30 209 96 40 0 101 54 69 67 8 36 0 80 0 72 88 0 0 40 64 0 98 5 88 50 0 182 72 5 67 0 218 63 114 73 99 48 0 15 108 90 68 30 72 43 167 16 24 0 35 18 53 42 5 7 122 20 0 81 53 10 128 76 114 0 179 40 45 109 65 0 8 93 113 54 141 30 70 42 75 48 67 0 80 40 45 45 79 45 0 31 0 35 33 20 42 70 67 0 45 98 49 54 161 0 0 107 22 15 53 82 18 30 4 81 35 8 22 40 108 148 50 184 78 3 0 24 36 5 0 170 15 0 0 12 129 30 140 137 28 18 0 114 97 10 90 78 0 43 75 38 45 86 113 51 10 30 0 42 64 66 66 5 135 138 54 68 60 96 60 0 82 0 114 63 93 95 65 30 168 6 42 68 28 78 30 90 72 9 12 35 91 169 124 0 0 97 35 130 10 53 36 137 76 36 0 8 48 0 0 62
199 54 15 79 60 4 151 96 101 0 32 84 61 9 115 79 85 10 48 33 86 14 75 64 64 109 33 42 0 58 93 0 0 86 20 70 101 35 54 51 83 20 99 36 80 0 0 60 56 50 30 39 38 24 56 131 60 162 48 108 63 36 27 30 37 112 82 55 36 18 82 93 52 112 45 0 106 32 140 6 16 189 8 14 40 54 4 7 4 61 125 35 24 40 4 126 15 87 29 96 72 36 29 18 18 35 52 131 104 32 36 96 70 24 0 35 31 114 36 27 24 0 40 29 157 73 30 79 38 36 83 10 104 20 4 0 8 54 34 89 78 0 19 0 42 16 60 17 137 52 72 29 23 64 121 0 0 8 94 36 12 64 58 0 36 18 108 75 30 10 72 39 18 48 42 52 63 45 36 0 15 35 0 120 64 172 38 72 174 0 32 25 27 27 36 0 111 111 40 43 10 81 82 81 26 0 12 90 66 36 112 3 48 108 94 25 11 20 123 12 79 213 107 111 119 20 28 54 47 82 4 10 32 0 27 0 76 106 78 12 24 91 45 144 50 43 57 0 0 58 167 62 108 20 172 60
32 63 78 108 0 0 166 62 30 0 17 46 55 72 142 39 6 12 49 82 10 84 54 70 73 16 21 56 39 95 0 82 0 88 54 32 35 58 111 64 21 84 101 36 32 72 21 52 0 9 0 28 30 0 24 20 31 56 6 28 57 0 116 32 32 49 121 66 0 18 8 0 64 15 76 96 48 21 45 52 45 52 0 51 17 41 30 28 45 6 0 0 16 54 84 13 57 54 65 43 84 0 7 54 55 45 93 20 34 42 120 0 32 41 18 54 76 67 95 80 0 89 102 40 7 0 27 67 56 49 63 8 108 1 31 6 12 63 124 21 91 14 36 49 27 96 42 8 36 8 0 40 11 26 16 45 30 1 65 24 17 88 61 10 75 95 0 42 26 143 64 4 40 59 60 60 29 79 6 36 60 38 11 36 81 42 113 36 34 30 5 1 28 63 56 50 42 85 74 10 8 1 103 0 40 0 54 64 36 54 10 95 94 32 62 48 24 14 76 10 65 73 15 18 17 12 0 115 59 90 27 33 51 64 49 8 51 66 89 33 0 44 126 83 24 90 5 76 15 40 0 15 74 170 37 31
4 5 169 74 60 49 12 114 33 49 14 8 0 90 31 76 20 84 46 7 68 31 46 36 14 119 31 72 19 4 132 124 0 17 56 37 112 0 107 43 6 71 33 51 2 0 66 82 7 147 54 75 73 34 109 25 46 18 69 69 30 35 63 9 9 10 53 45 42 54 56 1 8 77 3 112 65 59 69 63 127 65 38 70 84 83 65 7 45 43 172 0 51 50 83 50 15 87 93 12 26 63 57 0 0 58 15 58 63 82 126 14 8 112 0 22 132 2 69 121 45 63 44 2 3 34 88 93 40 57 18 79 35 117 24 123 3 57 7 109 49 40 0 0 125 54 38 20 30 51 26 166 16 42 56 49 52 4 34 106 46 208 246 80 24 160 62 172 53 81 0 82 0 74 27 0 35 91 18 52 8 37 5 114 18 183 18 106 147 70 46 80 34 67 0 53 0 36 82 34 25 35 63 149 36 99 6 15 24 9 72 49 87 9 21 114 193 0 61 0 129 33 42 92 5 25 87 101 53 0 35 127 0 12 24 61 91 0 47 64 37 0 100 0 158 52 112 21 27 19 27 81 71 27 92 32
1 124 25 31 114 45 163 19 90 91 66 93 87 127 266 2 7 32 6 128 44 20 36 20 111 147 31 117 113 125 40 36 44 33 114 64 148 75 153 58 0 92 131 85 57 147 140 90 45 39 49 27 80 2 88 120 0 158 77 68 48 24 81 54 104 80 115 51 40 1 9 188 79 35 13 8 191 198 56 40 12 101 43 16 246 32 162 55 31 30 45 122 0 80 15 122 52 51 90 44 41 102 41 99 4 48 39 0 30 84 36 64 65 111 30 32 74 23 168 29 72 74 61 0 6 54 133 0 52 0 40 6 136 128 70 40 20 71 7 6 32 116 199 0 8 53 10 111 62 18 6 110 21 6 161 51 39 54 18 86 0 60 66 111 36 61 31 159 27 20 90 50 54 4 8 49 8 34 40 60 61 117 26 96 96 0 166 94 11 24 76 32 0 5 30 4 78 63 32 8 39 63 0 134 12 57 115 89 23 146 132 90 66 115 84 15 21 40 75 72 48 75 100 102 22 32 63 36 105 54 0 76 67 173 24 72 58 89 54 184 35 36 0 7 51 118 98 103 28 64 27 45 2 56 5 175
6 64 0 23 0 0 101 60 171 35 36 89 62 88 52 49 85 21 55 20 0 101 39 38 0 108 64 1 86 40 77 0 49 26 238 0 17 118 173 107 22 27 96 10 82 86 16 58 6 152 4 0 31 10 119 56 57 27 41 17 4 180 108 0 51 5 35 7 0 72 119 93 43 7 75 9 36 10 81 61 84 87 24 9 75 32 2 0 96 41 117 27 2 87 29 9 0 104 8 0 11 51 73 72 48 0 44 50 33 20 112 9 9 7 0 23 106 2 93 87 61 60 0 52 0 42 0 21 49 96 56 44 12 65 10 142 18 24 41 1 31 54 91 42 6 27 120 98 105 130 101 16 58 65 68 27 108 1 39 47 108 49 46 56 130 80 45 11 63 98 164 0 16 82 93 0 46 8 0 4 46 28 101 0 110 33 60 0 154 56 32 50 34 34 4 10 35 0 53 4 89 39 9 57 65 26 17 74 53 0 118 4 72 0 133 51 189 69 24 142 20 0 99 2 65 45 61 32 76 44 54 72 9 55 34 74 51 97 76 82 33 0 20 18 118 66 16 42 3 56 0 94 56 87 50 0
140 18 148 63 82 107 100 275 36 145 76 105 36 185 18 199 36 65 99 125 139 41 75 105 190 25 46 122 49 130 157 63 106 14 65 34 104 16 93 89 0 282 181 171 175 52 89 150 122 152 72 0 72 38 57 0 115 138 8 79 156 65 153 272 61 93 75 81 24 0 141 28 89 63 159 38 0 124 81 14 6 158 32 176 62 20 65 70 32 127 225 33 67 8 42 15 23 69 240 83 63 58 150 13 47 6 84 200 58 28 118 84 77 196 15 180 121 24 0 97 49 79 63 28 22 55 48 106 75 45 95 86 152 93 168 44 7 44 32 73 44 86 7 36 170 23 43 123 59 40 48 86 6 115 35 7 181 0 39 129 13 66 93 36 55 54 83 116 103 107 0 109 9 174 20 25 5 96 93 35 45 197 54 92 233 18 22 35 18 111 71 83 90 33 5 0 27 80 72 24 68 51 140 118 139 74 39 55 67 35 42 25 52 31 0 84 100 60 4 106 184 41 8 58 44 30 8 84 90 14 128 62 43 18 36 101 21 68 90 91 4 18 88 83 190 75 114 70 5 4 47 198 147 18 196 1
63 62 44 3 119 91 42 44 0 45 34 32 73 59 99 24 133 45 26 28 49 47 52 52 53 119 36 0 25 14 31 1 55 12 142 14 81 21 25 47 20 18 63 0 20 3 55 35 48 18 62 63 0 91 64 18 7 0 48 28 87 39 102 1 15 0 164 5 0 0 23 31 12 21 28 57 49 168 44 0 15 37 0 0 34 49 45 16 0 0 23 72 0 6 24 0 0 67 46 54 30 7 135 0 0 81 103 15 42 8 0 51 60 66 0 68 51 5 0 26 21 14 20 6 12 26 58 98 20 20 0 6 24 9 73 8 5 0 138 6 16 107 49 12 43 38 12 45 86 3 42 20 0 54 40 58 0 49 14 93 54 15 36 15 65 54 0 33 0 50 63 54 42 63 11 35 8 0 49 52 11 0 0 29 82 0 0 9 73 24 39 5 8 54 30 24 0 57 0 21 21 34 0 6 57 0 3 46 31 54 0 7 45 57 51 12 21 0 0 62 45 131 65 4 0 62 28 0 0 34 5 35 48 49 32 44 12 76 12 36 0 16 6 63 15 106 160 0 15 24 0 82 54 30 53 49
89 56 106 45 76 103 111 89 21 134 6 78 132 78 79 7 90 29 39 19 117 77 90 170 124 165 141 134 166 94 58 92 63 44 6 105 135 90 133 63 0 115 15 141 48 134 0 116 49 102 0 126 0 42 0 60 176 139 113 53 99 23 24 100 116 79 21 205 54 44 12 69 20 96 24 97 52 48 133 8 85 135 81 42 108 18 110 5 25 36 3 110 102 128 150 134 91 54 60 175 46 36 80 48 69 122 109 15 36 7 12 99 64 45 9 45 122 95 67 26 21 33 132 57 18 150 55 165 12 76 54 111 78 67 78 35 84 41 146 141 65 30 127 21 72 137 84 91 23 27 0 0 67 111 65 0 0 81 80 200 70 30 44 56 86 42 102 108 81 115 129 10 120 34 141 46 124 115 117 50 49 174 25 82 167 66 112 27 54 0 61 79 125 66 8 0 117 81 108 56 47 82 51 95 37 12 74 96 0 69 132 96 52 74 120 36 134 23 21 45 180 130 65 77 0 95 30 103 76 12 91 68 45 207 61 100 54 87 108 49 54 114 99 108 114 36 115 210 18 48 99 108 49 110 42 99
45 105 105 8 0 53 80 24 52 84 13 14 22 69 77 57 29 24 12 79 104 16 33 53 44 45 36 96 36 75 91 3 5 46 78 93 70 49 130 33 9 72 6 136 144 32 73 103 0 84 22 30 10 29 63 65 68 133 12 3 135 39 169 5 30 47 67 51 36 24 15 5 24 82 33 163 25 52 23 27 68 0 34 46 30 45 0 38 8 35 54 0 8 117 65 89 66 28 61 126 22 107 40 11 28 59 54 35 19 12 4 46 51 9 12 0 68 85 30 51 47 52 12 96 108 75 5 71 47 15 129 48 50 70 66 52 12 52 10 6 63 68 48 85 16 14 18 16 14 58 0 48 21 7 90 102 48 7 24 54 38 120 141 18 61 89 60 75 4 42 174 0 36 10 105 45 38 101 148 42 72 102 40 142 52 12 81 37 36 98 17 53 30 108 9 80 56 57 33 0 36 70 79 86 30 132 43 0 16 32 12 58 94 20 44 2 11 64 32 42 18 56 51 74 25 85 37 2 170 48 68 12 8 60 39 37 54 27 18 57 73 0 18 72 62 78 171 52 12 102 12 77 114 21 91 10
17 46 73 116 4 69 0 18 39 0 0 72 91 50 72 122 70 70 122 0 12 92 13 96 110 122 143 115 30 34 54 77 0 40 49 62 14 51 18 20 66 63 113 0 0 136 14 6 43 33 0 43 21 30 84 84 113 66 66 123 85 14 77 14 157 131 24 0 41 7 85 49 77 39 48 16 57 24 112 8 52 90 24 28 48 73 0 54 28 42 68 28 0 45 0 18 36 97 177 36 21 42 58 0 66 29 4 22 114 63 51 43 8 133 0 34 99 51 45 15 32 40 54 71 75 0 5 29 32 100 126 0 70 0 69 38 45 12 173 40 60 8 86 36 11 121 71 18 144 25 12 24 10 57 53 8 92 81 57 81 37 60 275 39 134 62 36 9 0 87 0 21 100 67 76 23 47 84 0 33 20 67 50 90 140 103 64 8 45 0 58 8 58 37 0 59 0 68 72 31 0 7 89 107 6 116 0 85 0 132 58 11 47 182 91 46 0 9 40 9 102 74 109 21 15 33 10 47 5 32 1 32 0 40 23 139 38 70 62 0 45 92 63 43 42 22 13 0 0 0 39 4 203 157 82 117
97 45 234 9 115 0 27 155 140 66 45 57 109 121 28 3 56 158 144 104 234 29 31 72 100 6 53 71 98 169 143 57 88 29 70 93 222 42 128 43 67 63 93 101 81 89 8 67 42 56 98 145 88 0 177 48 74 61 36 144 7 8 24 104 16 87 74 143 140 10 54 67 107 34 0 36 84 78 35 114 99 12 59 2 70 0 39 67 57 45 32 6 0 40 87 54 14 83 84 54 46 84 20 20 78 146 152 12 76 107 43 136 32 81 4 57 134 74 122 0 117 60 18 10 58 35 72 96 94 93 24 107 85 186 40 48 134 0 45 101 48 64 15 48 82 85 49 26 92 59 55 105 21 87 51 0 116 70 36 100 28 134 136 76 158 72 40 155 64 125 0 87 0 75 41 49 89 194 24 0 143 96 119 169 49 96 87 53 35 104 30 108 276 3 103 3 53 156 46 20 100 80 39 84 120 173 91 30 57 30 91 89 20 61 55 84 125 17 19 16 128 71 52 3 60 0 0 178 174 105 34 158 37 132 99 47 72 70 62 80 2 66 32 75 200 32 70 77 140 0 126 119 59 114 99 53
40 79 98 8 93 73 67 36 228 195 111 25 18 90 133 7 55 25 78 20 130 90 80 150 61 46 22 123 103 131 192 170 92 56 73 32 102 42 31 123 27 50 36 45 222 129 32 41 45 4 22 45 34 86 67 66 4 104 56 56 102 27 128 5 20 20 165 24 84 51 24 16 15 21 72 48 99 268 32 44 31 123 6 30 0 60 107 28 0 130 57 45 97 10 79 82 102 32 114 0 74 87 177 36 78 63 0 6 45 59 93 24 66 6 13 80 15 20 35 150 254 105 28 48 44 0 39 137 6 63 41 152 71 0 293 32 43 112 47 37 15 95 68 58 86 25 123 80 77 117 0 73 9 63 78 7 60 49 52 79 6 92 63 54 89 216 0 98 37 99 26 38 18 60 68 35 108 48 7 25 72 62 78 117 112 122 0 24 70 19 0 63 80 0 9 65 27 72 87 39 96 5 109 61 119 147 71 47 27 63 125 35 18 72 13 54 114 104 59 3 16 201 86 6 42 131 0 8 4 196 11 59 48 180 42 8 25 0 33 99 40 126 146 20 200 64 96 113 30 18 55 7 58 222 219 49
30 36 106 14 12 116 24 89 36 148 60 34 25 21 83 106 21 40 15 54 99 75 45 30 39 113 0 81 90 5 45 15 2 39 0 36 105 45 12 36 71 12 40 45 107 90 61 0 43 64 91 135 45 10 18 154 79 42 16 21 21 54 57 54 12 0 88 106 94 72 60 52 36 100 75 90 109 129 103 27 71 10 10 78 96 45 100 24 36 72 89 6 12 61 93 137 0 27 86 129 122 0 0 10 103 102 82 51 153 102 58 25 9 72 27 97 0 54 60 45 19 18 84 60 141 133 35 60 79 0 27 59 27 9 40 189 28 25 24 109 164 61 3 24 120 16 79 6 24 7 42 57 64 66 162 58 30 18 6 162 20 43 145 0 0 61 117 137 5 61 76 99 56 37 72 78 89 6 18 105 0 70 24 89 111 0 116 48 157 89 32 120 32 36 83 144 9 21 34 36 35 27 61 148 34 180 42 51 54 15 29 57 68 94 30 42 62 15 0 30 150 44 102 0 51 78 35 63 187 11 18 14 62 27 58 90 26 24 66 4 162 60 91 35 171 35 139 36 63 64 67 137 73 36 77 31
24 160 0 32 44 160 144 102 27 63 0 78 97 37 197 107 33 59 2 90 77 115 139 49 126 87 101 86 136 84 27 33 124 123 171 100 145 54 151 44 10 68 16 10 81 12 32 22 59 16 40 0 6 88 22 39 12 40 16 0 19 21 86 18 56 195 90 126 34 29 38 21 111 70 15 53 30 167 55 54 56 124 14 66 77 34 162 71 59 23 70 14 0 266 77 84 144 23 31 20 49 36 168 0 41 21 0 24 62 88 29 110 60 46 0 0 96 116 101 26 57 14 12 84 53 42 78 45 6 90 51 14 96 54 91 92 88 38 81 9 42 65 50 35 19 14 89 69 26 0 36 31 64 66 30 92 18 77 11 68 58 138 111 72 67 9 35 94 72 92 40 0 87 63 73 23 92 89 27 77 168 103 21 112 156 0 5 4 44 8 7 24 77 7 36 54 21 95 35 0 47 153 111 24 54 94 0 58 20 78 82 55 87 171 91 3 51 35 39 0 12 100 98 83 49 18 4 33 110 25 0 6 43 129 32 160 12 12 73 99 108 56 91 0 71 92 98 154 18 0 34 27 97 190 15 21
133 30 27 95 12 38 120 36 183 66 28 0 42 24 21 49 0 24 9 36 86 85 111 45 0 96 58 126 0 28 24 0 0 45 67 45 24 80 56 0 72 88 68 9 63 6 36 39 20 75 22 20 72 108 48 87 213 10 69 0 24 92 85 0 117 36 216 2 24 60 24 24 37 140 142 18 75 6 57 0 146 80 63 3 6 75 0 0 4 15 6 60 0 12 114 136 24 45 0 24 5 89 153 0 72 39 60 150 74 53 24 148 70 0 70 0 15 67 64 18 145 14 0 38 158 17 0 5 44 8 72 40 34 18 81 25 27 0 64 8 0 63 3 0 44 10 170 0 60 63 104 14 16 9 78 79 83 8 46 39 0 0 100 0 54 255 0 59 0 0 10 0 105 38 105 122 30 9 9 0 34 24 0 62 40 171 15 48 32 12 0 6 0 6 65 50 30 21 48 39 52 126 56 51 10 128 6 76 24 53 15 9 18 64 12 0 24 60 72 0 20 72 22 40 66 51 22 0 9 81 42 94 10 54 36 0 77 59 0 8 27 81 54 33 90 0 20 30 0 72 30 60 62 19 158 121
58 56 25 44 69 25 83 24 15 42 49 6 61 45 48 98 0 0 43 53 149 23 50 16 36 44 35 66 2 109 141 43 4 46 28 102 59 56 33 35 75 12 4 37 91 41 0 99 19 0 99 42 4 35 86 14 77 0 55 70 128 11 0 100 43 61 35 37 5 0 0 24 22 8 15 0 75 152 79 50 16 0 12 28 0 40 58 35 0 10 3 14 13 7 37 24 57 56 191 37 16 66 0 33 6 46 0 130 52 6 55 8 16 40 36 56 18 30 91 43 9 37 92 37 43 7 19 147 0 3 97 0 95 12 6 19 0 82 22 40 92 11 20 88 63 33 37 60 62 18 0 11 60 60 32 14 35 0 18 58 8 59 19 36 22 66 73 74 19 26 35 82 0 0 36 42 0 100 22 20 63 15 95 132 16 28 87 4 64 0 75 81 39 39 14 52 61 9 56 21 62 29 72 3 52 40 35 24 33 62 31 89 6 0 40 80 125 72 4 0 100 61 56 37 19 45 16 71 48 34 10 0 55 8 65 21 71 21 127 7 0 45 61 0 140 42 65 71 16 23 56 154 44 21 99 0
78 120 65 196 0 32 95 36 0 16 56 3 46 24 62 21 33 15 38 48 142 44 90 77 65 60 62 29 12 121 106 35 32 9 0 147 73 99 89 21 63 22 41 5 82 93 24 88 87 12 75 75 51 0 66 30 16 12 66 120 45 42 0 81 87 78 0 50 8 0 14 17 39 27 24 90 66 148 163 18 110 4 0 24 38 75 9 99 129 15 0 72 33 51 60 18 7 39 14 29 58 18 74 0 27 63 0 32 57 48 128 94 0 0 72 0 15 0 220 71 0 110 48 42 0 54 26 25 102 51 93 69 36 27 27 51 27 0 64 42 150 66 3 30 42 12 15 0 72 19 20 36 123 15 76 0 138 0 27 126 57 8 36 4 27 83 18 64 53 61 26 0 56 22 28 62 65 45 10 5 0 2 47 13 58 18 57 16 136 0 0 98 78 6 12 16 78 0 102 0 30 0 36 23 0 7 24 84 0 72 9 75 30 39 42 78 0 18 9 21 11 6 0 3 46 30 36 0 44 72 82 0 4 27 0 36 11 0 165 63 23 101 66 15 123 143 78 32 2 121 25 45 24 36 24 16
41 20 42 128 0 18 76 18 71 0 38 47 25 74 0 93 0 22 40 56 147 107 6 53 48 31 48 26 1 0 121 24 12 15 89 32 66 36 90 57 4 120 88 55 184 36 24 51 79 68 28 48 138 42 24 44 188 53 50 6 62 139 24 18 109 55 2 21 91 20 32 60 65 60 94 2 96 100 45 7 89 0 42 0 123 14 69 30 164 9 41 41 0 54 29 42 0 152 70 68 48 119 70 24 27 75 34 15 138 66 180 125 132 8 35 0 45 12 73 121 74 60 54 79 0 30 63 37 18 85 149 75 58 0 32 99 53 41 108 10 0 56 22 20 75 0 121 0 68 0 43 134 104 21 204 0 107 54 3 150 0 0 91 0 5 83 42 5 48 52 161 51 29 144 98 21 75 33 21 0 87 69 33 71 193 57 18 4 86 0 33 0 0 2 15 31 35 4 3 0 28 2 77 114 26 103 4 30 4 33 156 0 83 20 56 29 39 74 7 27 48 3 79 112 6 35 0 6 159 0 40 0 38 22 14 77 0 105 109 36 81 33 6 0 80 54 80 26 0 55 81 2 72 20 42 63
54 151 25 49 48 30 35 41 63 0 72 27 43 90 114 42 45 0 42 81 156 6 14 22 88 73 21 54 36 0 19 15 72 60 56 82 79 90 36 24 10 82 145 0 79 64 27 10 36 87 89 108 110 22 120 59 95 0 82 58 90 42 83 0 81 12 98 27 122 46 67 6 12 85 66 47 117 74 59 8 18 0 75 51 40 0 2 134 61 30 58 3 44 88 76 18 16 142 167 10 30 127 0 97 39 57 12 87 20 56 40 56 177 41 48 28 0 19 124 37 214 68 0 58 50 18 119 74 45 65 32 27 86 139 35 0 0 53 81 19 0 75 12 12 64 88 84 0 102 63 42 81 7 35 24 80 20 48 56 105 122 64 35 100 81 42 109 104 111 138 16 94 0 40 35 133 6 105 72 65 0 0 74 141 119 18 84 35 75 39 0 50 119 120 42 86 36 0 33 0 46 15 38 90 64 63 67 111 74 28 6 6 18 103 38 12 0 95 48 26 12 109 48 54 59 69 0 87 42 58 144 99 112 81 35 63 98 35 76 63 72 21 0 4 114 27 21 25 79 6 125 44 0 32 81 0
74 87 31 0 48 78 21 6 108 0 0 37 190 45 10 164 49 65 65 156 67 27 34 9 34 56 7 98 40 7 105 0 38 45 54 88 60 66 35 13 84 80 117 80 125 88 45 54 161 118 109 60 66 0 111 67 95 124 91 0 97 24 142 73 145 30 72 137 209 144 62 56 39 114 30 46 210 77 64 91 60 37 18 10 110 31 80 117 69 17 130 39 30 67 111 89 88 55 46 141 152 58 140 46 91 69 73 60 18 0 52 156 81 37 60 99 4 77 25 6 149 79 108 96 0 12 26 25 45 62 153 65 169 9 51 36 48 30 63 37 83 69 10 4 54 116 84 84 64 42 0 95 77 57 88 62 24 6 17 54 83 35 24 11 24 8 58 67 82 59 92 183 40 43 45 25 108 174 114 68 133 31 24 116 113 144 72 24 161 18 142 26 113 168 77 104 49 72 40 20 14 73 24 26 76 14 27 79 13 40 134 49 18 228 163 0 44 78 0 0 121 81 55 7 48 36 70 97 55 26 58 14 132 96 114 110 72 40 91 135 90 64 47 56 113 68 60 120 3 87 76 41 10 92 189 0
96 4 65 93 16 59 208 109 77 139 30 89 21 53 43 39 0 60 15 77 55 16 13 55 56 194 128 0 98 35 0 107 28 49 165 9 157 10 129 103 45 29 86 98 93 33 174 33 52 8 96 81 0 33 110 191 69 125 79 60 54 22 154 83 0 0 122 108 73 167 49 87 48 182 58 50 68 208 113 0 103 196 66 64 100 38 150 65 0 70 49 21 90 25 4 87 112 73 32 16 56 9 99 0 62 34 99 173 135 54 85 14 119 7 0 28 14 36 94 43 55 82 66 45 42 7 18 48 54 163 73 19 0 0 60 74 59 57 4 82 121 141 63 73 66 145 56 162 129 72 49 149 115 6 101 0 4 86 73 0 80 60 15 118 88 151 119 243 33 32 61 62 108 54 8 108 151 44 53 71 49 49 33 164 111 100 69 1 36 85 43 49 104 42 81 28 166 29 158 117 94 45 62 51 37 0 30 67 6 81 95 39 53 40 136 53 124 76 107 69 27 40 92 10 100 102 18 81 50 62 96 104 75 24 17 73 130 6 87 128 12 0 44 91 92 55 66 49 67 99 203 39 3 78 99 70
102 0 72 36 20 0 6 154 0 12 9 40 88 51 15 23 54 7 107 31 158 68 15 81 72 151 0 45 24 18 110 16 30 15 49 22 135 0 56 47 0 38 116 0 35 24 0 51 63 97 60 86 16 6 44 5 148 0 32 126 7 0 63 25 0 13 0 20 79 14 74 35 18 0 0 36 55 79 87 36 64 108 0 0 57 27 16 125 71 110 61 0 0 15 32 86 16 22 82 62 18 97 66 41 18 0 43 54 37 27 6 14 4 123 96 110 24 19 0 47 40 23 12 0 66 0 91 91 25 41 27 24 4 36 65 35 4 21 8 27 8 34 0 64 115 20 87 29 12 47 64 5 104 34 34 0 0 0 24 182 0 50 55 2 99 57 53 65 45 45 21 76 14 99 28 0 9 33 40 42 30 3 112 66 4 5 99 46 82 24 83 74 63 58 42 53 15 36 28 0 64 9 54 11 12 32 0 18 20 12 42 59 40 54 3 50 51 88 0 0 78 84 131 40 36 12 75 80 134 84 70 60 139 0 24 1 79 0 128 22 0 108 45 0 182 0 129 53 8 0 30 114 111 15 124 13
9 10 18 33 23 6 62 23 12 42 0 203 94 54 12 77 156 82 57 66 119 17 59 134 141 12 20 155 3 1 0 30 94 91 55 47 71 109 70 98 26 31 63 72 0 87 35 42 84 101 59 4 51 48 45 42 0 14 101 0 0 76 30 45 48 109 68 129 0 14 95 40 0 58 45 37 36 24 4 88 105 71 20 12 28 27 0 7 33 5 58 39 10 29 54 53 56 135 51 9 42 32 12 0 63 27 40 67 65 5 74 54 90 5 18 103 140 207 101 50 14 57 0 93 42 28 44 47 12 15 18 35 49 64 96 0 77 80 50 16 14 32 6 44 91 10 20 21 90 51 61 25 19 82 63 15 24 0 25 61 27 117 76 44 58 47 13 50 28 52 111 14 0 63 33 90 61 112 63 86 44 58 35 67 185 0 63 0 36 3 49 6 20 63 130 54 55 9 6 18 47 29 0 10 80 19 43 116 23 0 66 81 0 60 155 47 56 86 7 0 0 63 18 24 124 48 84 53 130 31 21 3 63 0 36 33 180 28 102 0 20 12 4 40 90 0 84 20 40 145 0 67 24 35 38 5
82 25 154 4 24 103 50 42 0 28 0 0 19 7 167 14 0 5 82 0 114 27 0 127 73 99 88 63 72 2 12 78 13 0 63 140 56 12 89 56 4 3 36 49 9 0 80 48 72 154 36 36 12 44 6 43 198 8 72 42 141 143 156 0 95 0 3 0 228 103 59 75 18 137 12 9 199 0 106 37 154 24 14 21 51 24 0 0 30 40 69 52 0 31 18 49 24 42 59 112 26 109 36 120 108 34 37 0 83 34 88 71 69 32 28 54 8 132 6 71 128 0 12 63 12 27 107 64 22 99 192 97 66 45 207 0 0 2 8 97 6 58 0 0 29 98 77 70 42 101 0 134 4 0 52 81 89 66 30 126 99 54 80 6 162 36 81 165 93 43 64 75 25 128 72 64 45 146 105 128 37 165 0 168 2 12 45 72 32 86 18 9 132 76 51 12 81 0 4 12 87 39 59 120 41 81 48 43 102 143 77 21 49 79 31 18 56 0 0 0 9 0 56 42 89 190 63 52 34 81 79 84 112 36 72 27 76 42 42 14 225 40 32 82 121 7 93 82 0 54 89 18 47 20 58 135
5 72 54 0 64 0 0 16 28 28 72 24 18 5 6 69 0 0 0 35 54 0 20 25 119 48 6 71 0 59 0 138 0 56 51 0 24 81 41 7 0 0 14 49 28 83 12 28 9 25 20 0 6 0 109 16 95 15 5 20 0 55 0 42 20 15 0 56 0 16 9 0 0 10 41 69 21 0 103 5 129 1 52 24 20 15 0 16 6 49 69 0 2 36 56 0 40 0 163 63 0 68 63 0 41 5 0 84 0 0 80 18 54 66 0 0 1 0 67 40 2 39 55 0 72 0 0 0 35 18 2 49 7 18 44 0 56 0 0 0 8 8 0 4 9 2 45 8 0 72 0 46 10 70 0 56 0 0 80 0 41 0 0 54 14 36 46 4 74 94 15 0 4 30 3 36 0 42 32 9 0 0 0 0 51 28 9 3 20 0 5 24 65 9 13 88 15 0 123 0 20 15 78 80 25 120 0 1 3 0 16 18 30 5 0 0 80 64 64 0 50 60 15 9 9 40 7 0 15 76 3 48 0 14 0 3 45 30 0 28 45 108 24 8 30 25 36 120 3 20 0 35 64 0 82 0
160 58 68 48 0 14 38 32 120 109 77 93 24 76 70 237 41 118 124 158 107 15 65 15 110 24 93 91 84 16 117 35 54 141 98 149 51 94 32 54 10 88 156 65 97 102 109 41 22 20 21 112 161 22 12 88 110 86 98 0 89 48 15 210 115 78 87 86 116 28 48 28 44 24 129 6 91 4 138 10 36 108 49 44 46 70 45 0 44 31 318 0 85 64 33 93 40 140 95 63 176 151 156 40 212 8 88 140 127 73 46 197 0 72 87 120 68 18 41 67 60 122 61 110 7 84 47 122 36 27 102 48 230 92 18 43 24 19 137 84 58 60 59 49 144 12 155 3 46 5 0 107 1 52 119 0 131 0 66 73 45 76 71 4 146 99 27 102 159 12 58 143 16 54 81 75 0 6 95 84 81 69 15 141 103 84 78 81 48 33 93 73 143 36 72 0 135 56 61 34 49 0 104 83 102 92 42 63 35 75 45 102 19 144 66 39 25 87 76 0 97 98 30 30 23 32 21 80 9 58 103 0 54 58 16 29 36 124 52 123 110 20 39 151 99 8 12 38 123 54 8 163 91 78 63 41
16 51 0 24 85 0 70 158 56 25 21 72 81 102 136 14 91 6 51 33 91 35 33 123 96 56 9 43 7 151 41 26 41 74 11 26 50 76 63 0 25 108 35 24 16 87 42 113 66 79 143 36 17 68 49 176 71 56 72 62 118 32 63 48 12 11 136 59 88 0 26 68 12 21 9 75 141 112 27 14 8 32 0 16 67 113 2 22 70 73 37 150 61 43 115 76 27 32 94 0 58 194 78 70 46 92 98 213 16 0 164 16 4 8 16 80 89 117 16 9 171 27 16 56 60 26 0 98 170 12 52 43 2 42 76 19 47 15 40 24 108 90 9 49 166 47 36 82 164 84 56 79 4 8 52 42 21 58 51 49 16 96 44 0 62 106 37 42 76 0 35 71 4 52 16 151 75 52 85 125 0 67 69 92 167 30 148 63 18 30 65 164 76 83 38 0 94 17 0 72 118 83 42 2 70 16 59 187 71 54 22 42 0 122 7 58 71 61 82 21 23 80 43 40 153 163 0 6 24 6 83 81 103 68 43 80 42 87 40 0 0 25 42 37 45 62 67 112 1 82 119 140 58 79 49 99
171 143 104 374 54 105 104 120 32 86 72 89 129 28 44 40 32 69 40 58 12 192 111 51 135 66 136 53 35 82 84 116 27 30 101 162 210 189 219 126 26 37 50 82 186 58 48 142 107 121 26 37 40 36 100 223 98 142 159 26 87 3 253 111 0 156 109 110 52 17 71 32 56 123 93 105 9 147 91 0 126 42 123 4 0 18 108 136 74 74 32 111 27 133 63 193 53 96 133 18 42 0 65 24 3 124 46 138 68 118 55 64 80 12 45 69 84 71 132 64 106 167 27 24 28 63 65 129 56 129 124 18 55 129 71 42 101 60 56 18 84 110 38 0 92 69 75 114 99 60 10 114 27 90 14 68 139 79 31 117 63 50 82 0 123 126 0 68 16 27 12 6 3 151 190 20 129 87 44 30 4 68 79 130 81 54 0 6 138 58 18 113 176 0 74 34 63 77 70 40 114 99 54 63 45 90 116 76 21 223 57 105 87 44 146 64 68 27 36 132 0 92 110 60 45 0 70 64 0 124 134 174 101 45 21 66 96 48 237 55 36 109 112 8 50 54 45 89 27 132 135 125 48 90 12 143
50 27 7 36 22 52 32 0 40 61 152 7 82 0 37 144 8 0 52 138 62 72 42 27 16 48 80 88 13 42 35 24 0 123 77 118 49 89 36 81 57 10 102 0 37 78 0 0 63 116 7 19 84 0 27 72 32 130 48 0 57 0 4 21 8 175 36 6 72 0 78 43 84 0 0 0 38 54 63 54 36 18 17 27 54 93 7 30 53 68 124 0 60 102 0 110 104 12 32 60 59 8 90 9 43 36 45 54 12 32 75 84 30 0 6 108 24 13 28 133 27 50 142 70 0 63 19 16 0 32 77 24 246 80 37 101 48 18 85 150 65 100 2 7 0 32 3 13 41 72 0 76 0 2 96 0 24 0 49 108 23 0 193 30 92 27 0 81 23 24 80 120 72 0 65 0 91 14 0 0 139 3 18 81 99 136 79 72 86 0 82 108 47 8 16 8 63 168 12 0 134 71 4 62 68 20 14 48 35 32 11 63 73 110 12 29 50 68 21 0 149 56 59 72 16 0 7 8 126 63 24 48 39 142 0 83 4 0 66 65 116 16 0 51 62 81 52 28 0 31 0 107 18 10 55 47
0 0 42 64 48 64 42 48 0 0 0 16 8 84 98 45 8 0 24 106 0 16 87 40 68 0 12 0 32 72 0 72 0 0 0 4 8 0 90 0 0 38 24 84 76 10 16 152 9 12 32 0 46 40 32 90 0 218 8 24 48 0 54 84 0 102 0 97 0 0 18 0 0 0 0 0 30 118 0 4 6 76 0 36 10 0 25 78 24 75 39 24 84 113 27 108 6 80 56 0 0 42 78 0 21 36 0 102 0 49 54 16 0 0 0 0 128 16 12 44 88 30 0 0 0 30 0 116 44 0 12 6 137 15 0 48 96 0 0 7 23 50 6 0 124 0 82 112 66 0 0 48 2 0 40 28 36 0 0 0 0 179 0 72 70 0 0 124 16 0 40 59 6 69 28 7 16 18 18 30 10 40 7 120 21 0 63 0 0 84 20 56 88 0 48 0 64 80 48 36 0 32 0 0 18 0 64 14 0 128 72 0 35 61 0 0 0 30 48 57 8 0 0 80 12 32 0 35 40 24 0 0 57 45 0 24 8 34 0 50 72 0 89 0 0 47 40 44 24 3 31 40 0 75 68 24
92 6 0 86 46 72 61 116 90 32 118 67 40 44 48 93 14 0 58 0 20 223 28 84 76 100 38 108 108 17 72 30 0 49 45 75 116 84 105 83 133 0 106 77 30 30 0 96 218 56 95 15 67 71 14 15 113 45 10 18 0 18 63 81 24 73 84 198 32 2 165 126 81 0 18 35 75 16 86 0 42 20 0 0 270 36 41 86 64 65 71 30 4 197 124 132 10 54 0 88 110 36 57 44 54 20 80 91 66 92 16 44 70 0 80 84 108 69 2 0 59 36 161 62 36 89 36 0 93 62 67 45 8 36 15 40 71 0 103 24 18 21 85 8 42 62 49 46 14 33 0 14 0 149 120 42 0 99 8 42 0 15 103 50 69 45 85 66 116 76 63 52 37 66 21 72 0 45 65 25 45 119 0 124 72 40 119 30 14 20 57 48 169 50 84 26 0 113 167 12 24 123 168 75 58 54 57 2 0 49 69 41 42 64 6 94 54 10 0 0 193 30 30 73 14 8 26 0 80 24 60 0 50 119 12 156 12 41 16 8 30 104 10 96 55 28 36 120 30 0 88 122 115 52 93 102
21 35 132 37 0 0 62 20 24 60 0 49 77 41 13 69 114 0 66 123 77 105 7 35 80 47 8 63 116 18 56 40 28 27 120 24 74 94 167 135 0 71 43 57 62 39 0 63 9 39 75 38 9 46 63 100 102 108 24 4 32 26 86 2 64 104 106 119 42 0 18 44 10 47 31 36 9 76 0 24 32 89 0 64 62 41 0 66 42 53 0 87 4 39 149 90 11 32 35 149 47 40 13 11 15 40 82 59 8 34 35 7 9 30 60 32 132 54 40 26 56 38 94 41 73 28 8 92 41 40 24 22 21 0 34 91 12 46 64 16 7 70 48 0 50 4 55 82 36 52 64 28 32 5 0 42 45 1 3 154 0 82 64 16 64 10 110 0 8 0 40 53 46 0 85 40 14 54 0 20 9 64 0 73 118 52 155 3 45 58 56 49 8 8 0 48 36 82 88 9 61 91 18 43 0 75 131 76 25 61 15 0 30 101 26 45 32 16 6 54 28 48 28 33 49 73 87 9 80 45 0 0 80 13 40 36 95 35 20 73 68 0 0 14 5 0 98 118 69 32 28 51 103 50 74 13
0 0 0 64 48 28 68 0 64 25 0 0 0 153 73 66 63 68 51 56 0 15 32 9 35 121 59 27 90 81 5 44 0 5 108 0 0 0 100 60 0 0 5 20 0 47 3 0 96 67 128 15 0 16 128 17 66 0 0 18 0 34 102 45 87 20 83 99 40 96 135 93 32 83 8 27 0 46 0 0 75 117 20 5 48 72 28 32 30 20 64 71 35 82 60 125 91 31 32 20 54 38 57 0 0 30 87 0 72 69 28 80 9 0 0 128 81 50 0 20 72 92 20 49 103 28 0 112 40 39 16 36 7 50 30 16 64 0 32 73 61 0 107 0 64 107 156 30 72 66 0 6 30 0 33 8 63 6 26 40 56 36 12 0 45 25 20 70 0 0 35 135 114 32 108 44 54 45 25 89 99 0 16 8 35 54 39 0 146 16 0 20 0 85 6 0 0 12 62 48 89 46 8 37 40 0 25 32 58 9 57 133 0 88 62 55 20 42 10 66 35 20 86 14 0 0 157 20 32 8 63 0 17 107 149 48 117 0 0 89 30 56 70 63 35 0 10 55 25 4 20 26 0 9 38 14
78 215 212 13 51 180 21 74 16 15 66 94 89 24 136 17 7 63 58 95 48 121 61 182 25 45 42 167 104 84 48 5 68 43 2 27 10 140 28 89 6 71 80 25 142 130 42 73 116 17 39 22 81 20 48 72 52 101 3 32 123 48 87 23 23 11 131 65 18 26 86 47 55 42 122 73 80 46 263 15 0 138 0 13 134 33 18 9 7 49 58 5 24 148 41 56 16 83 94 0 104 49 56 32 35 41 100 41 103 132 158 110 51 0 18 88 21 6 153 94 99 142 39 78 9 42 115 100 129 70 18 126 65 25 98 41 10 162 195 34 27 202 66 60 5 2 24 27 148 48 23 79 18 82 20 85 34 54 38 146 46 85 27 83 76 97 26 21 89 204 24 30 17 49 21 0 120 129 0 14 75 6 34 156 97 99 27 36 282 35 48 90 86 0 122 18 75 94 137 36 24 0 139 113 86 37 14 81 71 69 33 19 52 42 53 83 35 103 45 49 27 110 95 48 38 73 17 0 10 151 119 0 23 60 44 66 25 16 33 101 29 0 0 21 175 132 139 78 48 38 120 98 130 64 4 44
112 75 92 50 56 110 91 124 63 106 119 94 38 39 75 35 56 99 121 159 0 50 75 19 32 46 49 22 66 65 42 170 75 42 74 28 91 14 15 49 148 21 105 22 120 63 131 22 33 70 18 101 99 134 80 94 75 176 40 95 12 12 94 78 6 34 110 81 43 56 108 51 84 112 239 82 85 194 149 97 249 67 0 4 124 27 58 24 39 134 2 102 92 24 215 54 35 40 133 0 57 65 146 0 132 60 137 97 135 23 30 60 26 105 70 56 117 24 9 50 109 225 147 30 151 87 180 116 122 77 87 16 7 22 108 72 153 35 18 107 148 115 15 24 140 122 120 44 54 27 71 102 70 18 18 64 203 36 0 63 98 169 65 129 57 186 113 125 216 81 44 42 99 42 59 116 146 48 63 71 93 40 8 185 122 111 144 4 66 24 4 22 200 163 77 50 77 64 111 145 14 0 68 118 102 125 28 110 37 61 80 108 33 46 42 80 6 113 133 35 0 123 93 57 117 61 62 27 32 224 168 61 12 107 66 143 33 36 33 14 73 162 147 94 65 102 40 225 28 55 62 77 276 114 230 67
193 8 72 56 66 8 127 112 114 57 20 69 80 71 101 159 56 7 70 66 64 46 157 28 131 21 62 95 188 149 159 60 124 94 57 74 48 78 96 52 66 14 68 72 107 133 0 54 73 46 18 0 152 28 40 114 66 96 96 175 60 68 28 32 165 113 34 77 72 0 45 171 32 18 0 15 171 60 87 265 13 79 20 5 126 75 144 135 37 42 134 168 45 163 18 68 32 60 141 84 101 96 48 47 45 106 112 70 36 91 50 24 29 71 63 106 193 73 115 58 0 132 124 10 85 21 62 81 56 9 253 86 68 22 114 77 55 45 55 61 123 32 137 66 67 24 57 132 135 21 0 97 18 0 107 53 123 0 55 28 14 92 174 63 219 54 64 26 32 36 12 172 150 109 49 101 97 24 0 60 36 3 90 169 138 134 170 20 87 75 144 77 51 81 58 62 29 37 75 135 164 60 16 42 77 61 28 28 12 35 115 186 80 259 70 75 133 27 48 116 171 127 45 27 36 48 45 104 104 96 66 12 45 184 115 107 24 52 71 0 77 48 28 87 207 46 84 35 15 0 0 123 0 207 36 99
61 113 88 32 89 5 8 126 264 96 66 48 73 0 230 115 37 70 90 28 33 65 73 44 80 6 101 78 82 108 97 25 0 78 88 84 129 60 72 30 109 54 85 28 73 0 105 84 14 40 159 42 72 95 61 0 80 102 113 0 108 72 68 37 133 71 16 7 92 0 9 96 48 37 130 49 179 80 74 125 55 1 16 33 135 56 37 7 32 15 128 82 62 133 25 136 32 88 72 51 120 101 20 3 68 31 64 58 45 43 148 82 37 45 47 42 8 53 95 131 56 67 162 57 40 47 42 61 101 24 99 72 73 31 70 129 2 30 96 0 29 11 45 46 91 22 125 43 146 37 0 195 0 68 76 35 109 0 8 202 8 88 23 28 17 20 66 68 100 49 67 99 6 95 74 0 100 148 0 40 129 46 26 91 97 56 128 40 49 26 178 80 18 62 27 2 79 25 20 9 78 44 73 174 71 0 24 125 51 120 90 105 59 25 0 61 108 87 50 18 164 87 56 87 26 112 7 44 0 59 0 122 12 0 3 3 28 172 56 129 180 70 28 8 137 41 24 16 39 6 8 113 175 120 131 68
54 74 80 78 8 72 32 54 64 0 218 105 126 111 64 66 16 96 76 71 62 192 213 26 95 70 9 10 94 52 72 42 73 0 2 58 70 68 20 54 18 31 81 5 146 30 29 107 133 81 88 8 21 10 96 0 0 72 72 0 74 18 84 95 37 19 135 188 86 0 126 27 4 64 72 60 45 29 92 100 116 27 24 58 98 147 23 58 0 105 88 21 83 178 82 31 72 137 30 42 35 33 0 26 107 6 112 12 48 148 23 135 71 27 38 62 72 63 10 99 0 81 88 18 0 42 40 24 14 54 115 150 67 61 18 59 0 35 0 145 23 98 79 32 0 72 6 56 109 67 7 62 0 31 0 18 69 14 24 122 0 35 112 60 81 174 77 57 49 127 135 21 88 0 12 102 169 26 6 12 98 54 0 35 36 7 170 57 154 35 0 46 119 0 83 59 89 62 134 9 0 73 72 82 112 27 117 30 4 54 41 184 48 121 17 106 39 119 0 66 31 48 52 1 15 38 4 20 65 48 73 0 21 0 21 95 66 9 79 106 104 17 81 77 21 58 26 65 54 16 62 7 0 64 58 61
134 20 132 33 48 67 123 50 56 111 73 18 63 16 77 0 28 30 36 12 38 38 111 28 107 40 72 8 35 88 70 36 42 38 170 56 27 63 33 30 72 12 58 18 0 0 26 81 8 67 64 0 90 77 0 51 99 0 63 18 24 81 104 55 82 121 158 23 18 90 33 12 63 28 0 68 115 113 36 66 164 32 92 19 36 38 185 7 63 9 14 18 0 0 81 0 65 97 42 9 24 56 42 4 14 96 66 125 97 0 102 0 36 88 64 7 19 26 92 116 180 24 0 32 150 0 0 12 98 25 81 99 40 108 72 0 54 45 24 0 7 48 14 0 57 65 4 82 79 60 10 143 91 10 106 58 28 48 18 0 6 14 31 64 63 86 24 109 70 36 22 23 72 64 0 166 106 34 84 83 103 0 3 49 84 0 0 87 0 25 48 18 63 10 12 26 99 77 48 64 66 10 37 114 0 121 20 0 2 96 33 30 41 8 92 0 48 71 40 54 0 30 9 46 7 81 0 26 16 80 81 35 24 46 0 20 17 227 113 111 135 87 0 89 40 7 79 93 7 104 161 45 12 63 90 35
73 45 0 135 0 32 107 0 75 11 9 34 54 36 0 138 38 12 72 52 15 40 54 4 24 25 0 16 41 93 90 0 0 47 111 56 0 72 20 45 0 30 53 40 30 6 35 26 114 58 2 0 118 60 55 89 42 88 154 19 42 54 0 0 94 115 0 30 88 6 77 96 82 24 36 15 37 5 54 0 9 60 86 5 72 33 0 81 115 15 60 157 18 239 30 87 4 74 11 42 57 51 6 32 72 24 57 35 18 61 16 67 43 16 105 0 30 63 142 3 8 54 28 105 30 42 18 80 56 28 101 20 120 45 81 140 127 46 48 38 23 16 31 0 10 41 63 93 0 33 25 81 96 28 128 0 180 0 7 76 0 93 9 17 141 57 33 30 72 0 92 84 46 0 139 27 45 57 0 83 0 94 50 70 130 99 96 0 25 36 134 9 126 12 54 12 12 27 12 0 77 32 8 54 14 0 56 5 13 121 80 48 24 0 47 127 12 0 12 66 52 83 26 135 0 78 32 63 52 48 24 20 5 53 88 68 6 42 81 43 123 54 0 35 15 0 0 76 6 82 0 66 51 35 38 25
67 156 2 110 64 140 54 35 19 70 74 76 12 162 72 37 37 87 130 47 96 42 75 39 91 49 50 14 20 43 2 119 70 30 112 64 35 49 42 38 0 10 74 27 5 86 90 72 52 0 54 22 137 142 102 131 126 36 83 114 0 78 99 101 75 25 246 145 57 94 28 29 18 101 9 15 40 175 98 0 72 109 168 4 4 56 73 46 11 69 119 141 126 64 0 195 20 145 109 63 23 78 9 78 93 55 104 35 107 64 134 179 128 29 5 25 31 158 98 41 132 17 5 101 35 25 30 172 45 130 12 71 57 123 117 42 86 15 37 71 8 35 32 5 80 62 58 38 64 78 72 51 144 8 31 8 97 91 38 97 67 116 131 93 26 11 41 238 144 29 56 14 35 54 42 157 168 151 55 101 0 93 0 81 71 72 38 51 53 67 18 68 79 0 46 8 81 32 93 30 18 25 21 66 112 42 110 108 32 24 141 115 15 0 83 4 4 40 12 2 14 110 89 45 3 74 0 27 66 22 50 63 57 132 10 66 99 65 54 115 67 37 10 58 86 84 149 0 72 82 0 98 2 0 45 149
0 54 55 36 72 169 91 109 56 46 72 75 106 111 133 40 48 45 0 139 0 78 91 16 28 153 127 45 60 140 86 93 56 9 35 69 16 128 127 54 79 0 45 18 24 79 8 92 45 124 64 54 54 35 199 112 35 102 0 79 0 43 71 20 75 12 0 30 0 72 24 12 98 71 122 15 24 119 81 36 252 27 54 36 111 128 101 146 15 74 5 49 28 84 63 45 132 113 130 9 146 44 212 135 36 0 32 2 87 22 51 86 0 120 0 96 79 9 96 24 20 12 32 39 54 0 126 8 85 144 127 72 42 64 0 138 175 118 32 0 114 24 27 45 38 94 29 78 126 24 0 59 86 0 6 40 40 0 78 32 137 72 94 43 90 36 96 40 80 155 49 59 80 74 42 18 66 6 65 20 123 0 39 149 63 64 117 36 147 38 53 0 145 102 54 0 153 0 84 42 4 8 141 134 63 135 63 50 70 5 54 36 58 202 126 24 72 156 69 48 28 83 99 93 5 111 35 26 64 46 72 109 18 53 76 118 89 157 43 140 131 105 0 51 73 79 90 145 63 45 63 16 197 130 135 82
85 34 93 11 11 90 6 67 144 68 45 66 98 6 14 54 0 14 165 102 36 18 9 96 12 96 54 5 101 126 99 40 4 10 55 25 130 150 138 18 75 64 72 30 6 5 189 17 4 10 118 54 89 54 9 163 52 95 64 24 52 0 15 33 24 62 18 156 18 81 0 77 16 105 27 0 64 21 40 4 18 78 4 56 162 17 40 6 72 18 46 0 82 92 193 128 126 20 78 12 115 46 21 39 162 36 168 10 66 12 57 24 0 0 24 0 68 90 67 45 59 16 93 4 44 54 69 0 72 0 75 99 42 3 36 20 87 15 144 24 55 31 83 0 112 9 20 58 36 18 4 75 48 27 61 78 117 81 2 8 12 89 24 30 18 16 18 82 44 0 43 42 0 15 54 40 9 51 27 48 66 117 81 73 74 62 72 39 47 2 184 21 101 16 76 0 36 43 60 0 36 94 27 91 58 6 114 42 62 56 4 3 36 18 75 61 87 8 30 6 14 87 87 24 97 0 4 148 88 7 12 66 36 108 90 44 0 38 9 22 26 103 5 0 40 9 47 218 70 68 42 106 63 25 122 8
153 157 32 12 68 119 159 28 200 2 91 62 151 90 115 123 33 24 86 47 34 0 145 8 9 50 57 137 133 52 99 0 32 47 118 32 40 110 123 45 55 44 68 70 115 102 81 162 188 51 4 38 116 114 24 60 106 54 61 0 107 90 197 67 85 18 36 144 24 134 50 129 120 68 179 50 85 12 109 0 24 150 195 33 68 130 66 0 59 38 22 195 25 247 43 76 14 126 159 42 152 44 45 0 0 162 83 64 25 30 18 81 93 18 77 16 31 64 111 79 9 155 18 0 110 16 135 170 142 171 19 86 96 100 60 0 132 81 52 6 3 68 220 52 42 58 16 34 117 26 56 56 96 183 175 0 69 0 41 94 97 123 62 8 45 99 43 85 54 18 173 0 66 47 48 73 114 88 0 7 127 69 4 33 145 99 132 7 87 46 6 48 21 12 52 54 26 88 96 79 69 54 33 9 44 46 28 48 14 28 167 96 81 204 36 69 78 155 72 128 18 81 72 58 66 69 88 99 4 24 68 159 39 180 32 52 0 40 16 160 72 0 0 64 37 60 31 48 18 66 59 68 24 122 30 75
56 112 0 12 51 43 123 83 104 14 24 68 82 20 112 10 113 63 0 96 113 89 78 0 148 57 142 77 77 63 69 0 72 0 106 40 8 40 21 81 22 39 0 48 66 0 21 0 0 22 49 14 3 73 21 24 64 14 74 68 38 14 73 41 40 63 75 56 42 72 67 24 0 27 18 79 29 53 0 76 27 133 33 56 54 45 104 40 0 12 31 72 32 138 37 111 69 30 22 63 83 53 55 93 20 46 42 18 93 104 46 62 54 0 0 40 54 80 167 77 0 76 43 24 71 0 89 54 0 33 21 36 64 44 74 146 72 28 83 36 69 27 83 25 45 38 64 21 24 0 0 24 53 0 0 42 41 35 0 90 10 156 23 90 53 133 74 80 24 79 81 132 97 32 101 26 30 38 9 0 56 0 39 35 79 18 141 0 25 141 24 32 12 39 15 24 63 4 31 42 62 44 64 14 32 60 0 12 14 11 22 123 112 116 35 35 51 21 82 102 0 188 12 0 33 108 55 81 44 42 3 30 4 74 91 56 28 0 162 96 2 18 54 62 43 16 114 0 10 114 31 57 51 191 48 116
91 22 0 20 4 40 106 21 123 5 53 83 57 28 66 61 35 4 57 34 64 9 50 22 9 35 49 2 24 15 76 0 0 6 0 63 21 45 16 0 43 58 10 43 42 51 98 41 0 27 54 68 18 27 20 18 18 40 4 8 56 36 69 19 0 22 24 65 0 45 24 18 36 138 45 0 0 40 8 0 51 64 0 9 50 85 0 3 32 6 92 0 21 3 53 46 81 0 42 88 24 16 40 10 41 10 28 86 67 8 0 0 35 5 16 85 0 25 13 21 26 0 18 23 86 21 7 5 38 9 64 45 12 38 0 18 0 15 18 27 7 15 3 40 35 27 56 18 67 61 72 0 48 15 33 103 35 0 18 71 9 20 42 0 19 24 19 48 0 0 48 0 58 2 14 20 1 23 63 16 8 56 67 50 86 36 30 0 36 0 95 34 4 6 73 48 52 50 48 0 26 121 76 12 18 35 22 18 15 28 20 44 16 72 111 20 9 94 91 30 29 8 38 16 81 0 0 38 45 12 8 0 33 0 21 4 43 0 83 9 39 35 0 14 97 3 70 52 28 56 64 18 13 60 118 0
28 61 36 34 24 122 146 6 16 56 120 8 63 50 143 32 28 18 21 86 60 63 129 104 14 0 76 75 21 71 88 32 0 25 115 138 84 102 81 84 0 0 15 54 122 40 6 115 32 150 99 5 88 0 47 176 72 152 55 27 16 57 103 18 12 40 70 154 0 45 125 8 2 61 27 44 21 29 32 106 37 60 16 0 145 20 27 96 0 83 80 77 6 137 45 76 18 66 22 61 24 24 63 0 149 68 120 16 26 71 6 134 63 7 20 64 132 28 61 68 52 33 64 22 0 6 61 49 37 66 54 67 122 30 0 69 78 40 81 83 42 80 2 12 10 26 91 44 10 28 30 44 58 61 28 78 49 2 42 36 0 173 109 28 41 99 24 91 36 70 81 92 17 20 117 25 88 55 6 12 64 16 117 45 21 24 88 72 87 42 61 63 36 102 16 20 65 129 66 0 128 97 10 49 94 26 109 21 16 72 55 18 105 18 83 49 7 40 44 99 128 141 55 92 21 45 21 47 52 47 40 24 26 58 107 103 30 85 0 100 31 0 86 84 42 45 53 32 53 45 54 193 8 90 16 2
82 19 72 136 0 57 213 93 81 1 100 54 84 117 160 51 0 69 31 105 123 87 169 53 40 120 25 149 46 0 123 15 0 82 116 131 63 21 95 85 45 77 244 72 19 63 36 184 25 183 65 112 30 36 132 85 61 65 117 7 72 110 103 48 62 73 36 95 79 23 115 118 162 99 145 88 185 99 54 31 89 43 45 8 114 66 15 46 113 64 94 51 7 146 85 122 41 63 115 179 16 79 103 24 179 137 131 160 0 63 12 54 72 90 18 64 96 136 105 40 2 104 99 92 70 117 61 99 123 27 99 11 155 232 123 42 40 74 43 162 28 51 0 106 36 44 185 0 54 66 99 112 51 115 127 125 118 0 23 261 5 218 106 2 93 14 4 90 70 96 71 137 18 35 138 174 115 121 67 77 7 117 50 39 366 144 90 182 84 81 29 104 65 54 60 51 61 62 93 0 127 119 105 30 104 27 60 120 0 0 80 7 151 72 120 24 71 16 83 39 129 0 27 139 59 136 5 10 123 0 18 81 48 0 2 73 1 21 68 30 78 20 123 81 112 63 36 101 12 38 128 112 24 203 59 50
108 1 104 9 30 59 0 12 27 49 78 54 40 82 74 0 108 0 20 72 151 13 42 58 34 9 72 0 34 63 34 3 32 63 0 0 30 45 34 54 0 0 9 0 2 7 109 25 16 4 0 49 99 0 8 0 102 0 48 45 40 91 11 0 0 18 0 65 30 0 54 3 36 42 128 72 32 144 135 46 0 3 7 63 6 0 64 35 7 18 0 132 78 99 40 36 0 81 81 0 85 0 7 0 72 27 55 0 20 41 28 63 81 12 45 14 28 18 49 0 4 37 56 0 0 117 187 45 0 57 8 23 0 57 54 24 0 27 36 75 56 102 102 85 5 0 61 0 68 0 18 0 0 14 0 0 26 0 62 160 35 54 85 12 42 56 72 1 0 27 0 54 21 5 21 72 27 0 0 24 0 69 105 77 81 21 47 63 45 0 5 154 42 0 16 0 63 0 6 18 49 1 49 66 36 7 6 60 0 54 24 79 54 118 0 36 21 24 9 109 55 11 23 81 48 152 0 20 67 0 25 5 0 0 27 84 8 0 10 0 0 30 0 65 88 0 32 0 0 32 24 84 0 34 7 155
29 16 173 29 32 0 12 80 45 0 80 28 19 71 77 65 61 90 38 59 85 9 0 27 116 121 2 103 107 40 89 110 0 18 7 16 40 0 39 15 27 37 159 105 73 48 9 58 23 65 44 40 18 50 119 102 0 19 0 72 31 40 120 77 115 146 60 20 129 0 35 7 0 56 63 27 45 41 7 0 12 28 18 136 19 59 0 146 40 92 57 0 0 0 162 50 17 94 84 130 16 21 82 7 63 20 178 63 0 81 94 33 96 258 0 8 78 88 45 11 8 39 38 35 32 11 2 75 11 0 14 16 82 27 63 64 21 15 43 6 68 23 35 0 44 28 72 9 165 35 62 2 0 0 36 0 45 32 20 194 33 109 136 4 83 90 49 39 35 126 69 64 79 63 49 51 0 70 50 69 0 37 87 53 94 26 127 97 68 125 63 15 129 45 85 10 72 70 42 0 63 112 39 87 49 101 127 33 6 15 18 3 29 104 50 66 54 52 17 0 88 63 84 36 32 22 7 21 118 24 15 21 4 0 33 30 57 18 61 142 51 4 39 60 6 64 198 42 9 27 7 18 6 76 78 57
89 79 33 44 21 9 61 167 33 90 29 12 101 21 44 9 45 62 75 122 51 105 22 69 26 27 0 24 121 113 60 9 39 22 91 27 120 18 132 6 5 5 24 4 162 44 43 11 48 81 22 36 51 90 24 176 5 64 35 60 20 56 29 89 16 21 15 41 47 71 144 47 51 57 18 63 43 132 39 10 0 37 0 42 95 27 93 72 38 85 22 9 0 24 36 143 24 25 14 55 12 42 37 91 86 71 90 148 78 4 48 26 80 44 4 100 9 2 124 62 15 74 158 54 66 19 17 98 107 48 13 108 80 53 37 105 84 0 29 54 70 33 6 0 73 67 98 39 12 78 29 30 52 105 73 0 83 29 12 86 0 48 87 100 118 79 63 33 129 78 103 46 48 48 70 5 81 15 23 25 46 27 68 92 80 21 147 36 0 56 36 47 58 0 54 10 143 33 22 56 72 0 66 26 8 28 63 6 69 12 58 129 10 72 59 42 29 48 2 0 72 132 75 27 16 8 0 111 107 48 66 14 58 30 65 76 31 18 51 155 99 108 0 46 77 4 27 34 120 41 82 117 176 33 98 32
73 36 0 85 34 28 114 60 16 120 0 12 12 92 18 136 42 54 23 103 184 15 6 24 32 10 102 2 68 29 99 17 42 12 123 41 152 36 24 11 40 86 59 62 63 79 54 47 121 107 113 153 0 0 208 17 90 125 44 8 119 62 42 96 4 0 39 60 44 92 62 68 20 102 14 26 25 35 0 0 30 67 9 89 43 20 84 50 67 30 14 0 49 38 16 0 63 60 90 0 80 42 108 9 18 77 28 85 15 95 97 86 14 0 0 89 56 21 112 40 46 61 24 54 16 29 15 93 58 32 42 12 67 55 67 147 85 41 0 0 129 48 0 0 107 91 51 24 66 42 53 114 46 8 95 7 0 25 0 27 47 109 21 117 46 124 97 89 28 69 101 90 20 12 53 10 42 58 21 64 96 38 47 138 104 0 14 28 77 131 22 4 28 68 0 4 127 0 63 73 42 0 71 140 0 41 12 58 36 30 76 6 60 89 95 28 102 67 30 72 0 16 0 16 72 72 56 82 41 67 85 135 27 12 104 98 46 0 49 95 7 0 6 0 114 18 36 4 78 116 105 117 44 0 115 20
8 89 94 0 24 100 52 32 45 127 62 6 60 73 88 11 4 130 26 135 167 22 24 72 4 64 120 8 30 96 22 19 0 51 162 16 36 24 41 82 54 64 90 3 16 27 14 48 40 139 28 38 2 82 108 16 73 51 0 0 57 62 53 81 26 100 37 60 82 60 40 111 25 22 6 40 29 81 102 26 49 86 44 0 89 6 46 24 2 56 70 0 68 26 0 0 9 64 1 34 91 16 36 0 37 35 108 20 14 110 70 86 46 83 1 12 117 62 18 67 0 41 49 8 6 33 25 38 16 66 15 93 56 120 120 18 66 63 6 93 93 121 0 68 4 58 3 20 30 0 19 99 36 14 50 64 0 15 14 88 94 85 0 88 3 34 32 56 32 100 0 125 20 44 6 0 86 170 0 47 77 44 42 56 46 102 2 83 60 24 24 84 36 6 11 18 45 12 44 12 127 81 8 180 84 2 84 110 19 33 41 38 107 98 17 99 190 8 27 18 24 0 36 67 42 32 12 16 107 24 60 64 12 36 82 79 24 30 46 150 75 28 24 25 60 32 42 41 68 0 35 74 79 78 125 82
80 12 7 144 36 73 80 24 106 51 171 18 48 149 41 49 0 152 36 0 159 24 57 81 65 120 80 53 0 58 144 8 0 12 114 54 86 99 72 12 63 85 96 16 170 22 0 73 92 125 32 12 48 31 147 71 12 16 91 105 82 27 228 207 136 88 17 39 12 45 51 110 106 0 122 52 234 168 66 103 174 39 32 97 149 16 99 71 88 16 97 81 56 12 72 104 117 28 21 24 37 8 98 20 18 97 71 4 42 0 62 94 90 96 55 0 45 30 143 95 30 104 56 8 16 18 0 60 36 69 144 77 76 50 157 10 30 61 10 90 92 13 74 48 15 158 146 72 125 27 93 84 101 0 65 8 165 0 14 82 9 54 28 0 36 221 48 50 90 21 16 84 15 20 99 20 89 115 46 33 103 21 72 4 88 42 24 99 100 73 0 15 46 67 0 16 40 60 50 16 168 51 8 154 69 40 88 48 14 21 12 74 30 30 86 12 170 18 31 36 126 99 89 56 20 36 24 74 79 66 49 122 16 36 16 58 23 61 108 101 72 146 87 21 58 63 18 119 13 177 37 182 39 27 273 37
56 24 63 102 92 48 122 165 56 90 0 16 0 28 88 23 84 9 12 0 42 81 24 30 110 18 140 65 66 100 16 104 74 4 35 52 137 172 113 0 18 26 48 177 55 64 0 38 35 56 72 0 82 87 90 9 115 60 93 8 18 41 19 66 96 94 10 30 93 3 66 71 114 71 0 57 60 45 0 40 81 80 63 29 0 17 130 15 102 25 87 135 44 133 18 23 0 108 27 99 0 16 0 90 23 113 48 18 59 93 112 47 76 185 27 103 190 68 112 100 28 122 58 52 41 86 86 141 0 39 26 16 167 98 117 0 98 100 70 125 20 36 76 30 104 86 4 4 87 56 104 56 84 67 58 0 130 54 0 89 0 149 89 27 111 130 22 68 47 81 202 153 40 18 81 15 140 171 0 52 80 84 51 102 194 0 40 104 50 0 92 25 74 36 24 44 128 156 36 12 75 16 43 35 15 30 77 70 0 4 8 118 54 85 18 0 121 67 0 99 77 0 0 108 95 101 0 114 71 18 0 56 42 37 77 70 92 80 134 75 87 84 8 52 6 36 97 71 16 118 0 87 6 64 32 227
52 92 0 110 130 32 100 208 80 93 31 0 57 104 34 71 103 27 39 83 137 7 51 92 55 24 149 90 72 105 0 141 0 48 93 207 232 58 143 8 31 20 83 27 113 62 117 78 35 144 24 14 44 39 103 61 161 15 8 21 24 76 94 0 59 105 23 28 18 0 57 89 22 146 119 86 90 104 82 147 132 38 0 87 80 69 77 49 66 82 134 0 71 62 99 44 5 182 51 21 11 121 52 0 12 95 24 121 149 32 112 24 47 58 1 61 10 42 204 150 76 149 96 83 45 0 154 93 38 4 15 10 44 83 68 132 110 12 95 0 136 156 32 0 63 24 41 40 140 0 40 62 24 123 55 28 78 0 39 0 36 167 172 189 108 377 8 106 45 156 14 29 99 20 43 63 135 80 0 35 66 35 137 88 67 131 103 12 40 71 56 89 134 96 92 20 15 64 24 32 0 36 98 61 0 4 60 53 35 0 128 16 20 107 80 44 204 28 169 12 57 26 16 4 92 20 42 115 40 6 92 67 0 16 61 24 98 0 101 45 45 45 44 25 5 82 24 10 77 96 85 34 35 88 85 139
53 38 32 98 123 131 55 128 60 78 25 28 125 98 90 70 92 87 106 139 90 51 0 44 61 125 96 31 6 173 32 12 27 33 257 60 129 20 66 0 3 67 87 72 144 128 53 91 25 113 80 81 0 4 132 154 30 0 64 32 74 16 62 24 18 28 76 23 96 45 61 36 26 98 25 91 20 159 49 37 96 168 66 10 133 158 0 61 15 71 34 70 10 106 64 3 27 112 41 81 12 40 191 36 123 24 81 164 112 119 49 56 30 162 30 73 104 22 103 67 0 101 45 16 92 30 68 139 33 61 124 9 55 73 19 74 18 146 101 195 125 79 36 54 150 139 41 12 105 0 114 2 78 91 109 0 15 27 26 86 0 127 154 118 82 125 65 110 22 114 106 169 19 78 0 0 102 150 11 14 67 45 40 209 86 62 81 78 104 50 79 45 63 103 60 116 93 66 87 27 87 124 25 44 9 27 34 74 0 84 42 28 88 133 53 46 118 55 66 106 42 32 43 100 69 128 103 106 129 32 67 38 54 0 144 139 99 88 57 99 72 44 21 9 165 99 25 23 55 20 58 89 90 80 141 53
91 28 69 0 137 26 129 148 215 52 28 17 52 33 80 77 60 11 10 140 117 20 20 35 8 151 14 46 43 75 22 118 28 49 42 146 38 20 0 105 20 25 3 79 99 100 35 10 34 9 39 31 49 30 207 46 36 53 53 39 42 82 58 16 0 48 1 6 80 49 13 82 89 110 113 0 66 21 63 24 47 19 14 67 87 100 10 29 40 52 91 9 0 2 71 63 64 57 91 63 118 91 98 29 107 28 15 111 5 47 72 70 30 72 68 91 33 33 119 15 0 69 140 0 63 44 56 63 44 9 116 0 70 1 27 29 49 48 35 30 3 3 24 0 4 47 45 121 121 81 109 39 7 101 32 0 5 30 46 55 0 90 63 70 104 45 22 80 55 81 28 127 68 2 18 9 3 28 10 32 0 16 84 140 65 119 69 0 50 12 163 42 136 84 36 0 79 46 10 9 25 81 137 47 86 44 12 62 34 0 36 36 15 90 76 33 125 146 164 0 73 60 27 36 131 12 18 11 17 27 14 25 6 0 41 7 31 32 7 106 50 90 45 41 8 6 18 97 42 36 63 85 77 49 77 69
111 93 117 7 108 8 8 138 48 20 24 126 0 70 151 12 60 0 6 77 8 18 103 14 88 112 45 38 98 83 42 35 37 48 77 34 41 0 148 21 40 49 0 78 80 56 77 54 33 37 8 0 0 91 58 21 0 35 108 18 154 7 94 125 24 140 72 18 45 146 54 90 0 85 49 9 220 57 54 50 49 51 73 12 86 51 0 28 114 86 102 63 0 54 102 48 67 193 34 0 74 14 119 52 124 177 36 27 72 50 27 61 31 63 72 73 81 92 12 69 125 112 33 54 67 40 64 75 57 109 54 25 70 42 56 73 35 0 25 50 149 24 81 0 20 33 116 79 105 28 0 0 30 82 103 75 119 67 38 94 70 40 61 110 104 127 85 5 29 63 89 118 44 134 112 73 0 44 15 158 108 142 72 238 58 2 54 46 85 129 153 92 128 115 54 25 35 140 8 83 24 26 60 56 125 24 12 9 116 96 91 51 14 74 37 0 143 121 0 54 64 9 49 14 100 55 65 75 16 18 105 103 8 70 32 10 30 131 48 56 0 10 25 102 97 17 49 98 7 0 94 84 37 71 37 45
66 24 86 75 34 117 28 116 7 56 66 77 6 50 113 77 49 24 79 40 100 79 26 38 95 14 138 28 52 26 127 113 0 144 9 91 73 62 40 0 46 18 41 50 62 6 99 74 33 34 53 116 21 91 49 172 36 83 171 70 131 38 109 2 46 15 32 55 174 71 51 43 12 79 66 28 170 36 78 44 36 73 41 59 39 112 28 26 30 65 119 18 77 0 0 31 80 87 120 139 123 50 0 118 72 90 54 108 89 84 114 58 69 49 47 40 60 48 66 51 24 60 16 18 44 137 15 138 172 111 177 4 107 99 12 8 49 0 71 120 32 130 8 42 94 78 4 44 47 45 0 130 35 45 27 93 55 116 76 107 37 17 86 55 102 16 60 228 36 0 56 36 21 86 118 96 98 55 27 83 14 150 35 116 45 72 0 194 58 75 34 172 21 4 57 16 159 66 44 9 57 51 43 36 5 75 126 39 0 69 17 17 0 100 52 0 12 0 58 88 21 57 63 30 125 126 10 47 44 29 7 30 35 70 57 55 45 54 125 97 94 12 26 124 56 40 112 36 48 0 142 76 41 77 46 153
42 42 5 70 64 33 82 89 96 7 129 57 80 9 7 68 112 27 42 64 73 28 56 39 63 62 19 50 52 76 118 78 0 36 69 65 78 81 99 88 61 80 168 10 16 80 3 27 41 38 21 66 19 57 138 119 18 58 102 18 99 18 140 83 151 139 96 100 35 4 93 16 50 34 89 49 45 82 79 0 96 45 78 0 64 38 0 158 44 84 23 17 0 35 97 84 12 28 172 38 121 64 105 45 48 40 26 81 3 36 21 104 149 183 16 31 37 119 195 17 72 70 0 22 12 85 63 84 14 44 48 29 127 69 91 6 90 20 104 20 81 4 22 28 25 28 4 3 38 16 14 18 5 49 41 12 58 75 0 161 48 50 116 40 145 81 91 75 68 99 24 47 72 45 74 45 0 20 24 19 21 71 23 61 181 12 18 9 79 3 45 44 133 8 1 45 91 16 64 36 64 41 132 53 66 91 39 99 8 21 20 55 13 125 66 78 83 64 77 0 15 207 4 28 44 4 41 82 45 6 21 147 40 48 8 82 68 0 75 71 62 101 34 34 56 51 115 92 1 85 27 146 90 129 94 0
135 0 83 23 59 6 98 38 0 49 23 117 17 57 92 4 36 40 0 53 53 6 81 61 52 0 51 29 23 28 15 21 0 101 58 10 45 136 23 60 50 50 49 33 8 30 58 135 35 109 177 83 44 21 29 76 32 74 83 77 101 0 15 43 8 101 9 129 45 0 0 1 18 98 6 56 126 77 24 40 24 77 56 6 34 29 49 0 30 8 139 56 44 36 1 86 128 97 27 6 83 24 28 21 0 108 39 56 41 20 67 97 0 60 0 8 47 82 15 62 60 37 10 32 42 0 30 43 89 7 0 24 60 25 42 0 12 40 109 9 72 100 18 0 89 52 59 16 27 25 0 55 7 27 71 0 24 0 66 8 0 39 28 0 88 36 0 91 31 135 64 36 0 46 0 101 10 35 42 73 7 47 17 35 117 36 51 63 31 12 28 87 57 0 78 12 15 127 143 29 51 24 39 38 4 49 32 94 79 31 51 0 67 38 152 30 60 32 68 0 77 75 24 57 6 58 70 106 44 27 83 111 75 34 0 12 24 230 81 49 0 16 12 128 94 0 28 8 63 27 235 110 32 102 81 4
0 102 136 32 68 115 117 54 0 4 6 155 142 115 186 67 36 125 6 44 48 24 164 104 144 129 158 108 202 92 152 25 12 63 184 36 61 24 93 60 67 150 190 89 117 36 48 136 53 80 219 152 111 35 12 128 32 264 26 0 12 74 42 0 76 60 107 158 51 12 75 35 0 108 0 0 110 37 103 17 50 105 0 99 83 41 66 63 0 82 147 0 33 42 38 42 81 197 82 54 105 12 132 12 30 7 36 89 120 58 113 143 22 25 126 38 176 4 198 154 72 96 68 0 48 27 0 163 197 54 36 79 224 184 89 132 0 20 42 6 53 43 28 148 99 94 42 28 27 0 64 124 109 10 35 64 171 63 80 138 30 226 75 105 32 120 73 170 0 103 48 20 116 28 109 87 92 54 0 52 5 88 22 165 137 0 110 24 30 50 68 75 116 88 70 17 27 49 171 111 172 28 84 125 61 48 71 54 24 136 13 24 108 59 103 38 45 66 41 69 90 63 62 23 36 35 47 122 30 84 24 15 24 72 69 116 16 42 118 161 63 0 117 56 94 0 186 25 138 57 87 0 100 154 152 140
35 42 0 0 40 83 133 53 100 84 39 138 25 28 100 33 85 42 14 24 54 36 53 18 21 94 24 55 0 20 14 29 0 57 132 37 44 99 0 81 35 16 31 13 20 0 0 67 33 42 30 87 102 8 44 53 16 74 77 81 50 0 74 46 25 49 26 80 0 71 26 64 0 44 28 0 122 43 20 40 0 57 8 72 89 0 49 86 6 44 38 76 8 20 36 82 21 17 0 32 69 16 40 50 86 8 23 0 104 46 8 60 51 125 126 36 45 151 66 25 18 63 6 152 6 20 10 61 20 24 0 16 10 64 98 24 46 16 76 40 56 8 6 15 85 143 52 60 50 51 39 9 42 30 28 15 29 48 82 85 12 80 57 54 90 88 52 54 61 112 32 36 24 45 16 26 108 72 0 68 35 40 72 23 80 6 59 74 70 50 47 62 8 44 124 0 201 26 43 47 88 72 57 70 20 7 28 57 36 8 63 0 6 16 238 51 6 83 78 48 4 96 46 198 16 83 56 49 86 71 16 15 88 8 28 110 22 73 110 142 20 12 92 25 139 6 2 16 16 67 91 104 75 2 52 68
198 160 0 174 68 121 18 0 149 101 12 45 37 30 135 18 105 81 104 118 48 42 116 24 124 54 0 57 50 60 98 0 50 12 66 83 26 27 54 3 94 35 0 70 116 65 99 14 45 22 8 200 66 111 39 36 36 16 182 78 63 0 0 27 65 12 0 24 12 0 35 18 54 65 27 4 224 190 81 64 27 112 128 0 199 80 72 92 21 17 0 0 27 91 4 104 60 101 64 9 82 16 0 40 0 49 126 66 0 110 75 99 63 21 45 14 158 36 132 108 0 167 26 32 97 63 128 68 147 67 77 81 75 57 0 8 63 10 147 8 91 64 37 0 28 128 8 16 12 16 0 49 0 14 61 145 111 4 70 198 191 70 145 83 81 18 21 260 18 87 62 72 36 75 101 67 9 73 42 64 54 0 45 142 58 0 95 14 42 118 92 79 172 14 121 32 73 43 6 33 4 0 5 27 81 75 0 96 81 72 7 119 6 146 65 61 18 50 46 18 36 65 19 64 117 12 28 65 73 84 111 0 0 162 82 155 49 40 232 129 28 15 15 55 25 119 81 64 158 0 47 59 72 118 3 91
12 24 83 69 64 90 50 173 126 49 159 5 110 104 180 108 50 33 110 158 4 109 167 0 54 32 0 29 0 137 105 12 35 104 80 84 18 51 99 42 0 24 43 8 82 106 7 45 183 73 74 42 158 95 83 99 123 236 28 20 36 48 162 63 24 64 0 33 0 69 94 56 89 43 158 63 69 24 0 62 42 30 8 109 93 93 83 60 57 61 40 0 0 72 71 81 27 28 14 32 188 28 101 28 112 36 72 18 50 54 133 51 52 18 8 135 99 0 0 30 16 94 153 20 48 84 14 85 14 78 88 0 0 94 28 183 33 122 30 42 95 66 19 0 132 59 61 8 167 39 78 43 3 31 21 0 71 41 42 99 26 179 52 68 93 58 123 73 189 8 98 92 0 18 28 87 208 119 0 9 107 67 32 151 246 56 128 32 213 39 7 31 30 139 49 0 196 0 45 210 72 0 9 119 0 0 88 49 21 2 67 99 49 90 39 36 61 134 54 24 0 156 176 4 129 51 49 69 90 72 118 0 2 62 177 151 20 60 24 47 165 66 20 0 74 5 195 35 9 73 80 108 71 9 116 78
28 0 30 13 35 9 74 2 92 20 177 15 33 117 48 40 86 63 150 92 200 21 18 41 57 17 101 29 7 44 127 0 82 18 14 22 38 26 11 27 87 15 28 0 0 92 101 55 7 16 7 0 153 103 25 0 0 14 64 50 68 16 18 135 10 39 196 78 0 0 27 8 12 19 81 3 81 78 60 12 96 11 28 1 8 35 9 12 0 44 100 42 20 13 63 14 19 35 94 12 23 62 2 70 99 0 97 95 119 30 35 61 25 144 144 104 54 24 0 36 102 21 0 64 112 24 24 118 72 84 4 67 35 73 73 8 2 55 36 7 21 4 3 0 72 4 2 7 131 34 32 27 6 0 24 0 7 83 48 0 0 103 60 0 118 7 36 88 82 9 60 36 72 9 7 169 0 30 85 0 30 16 1 55 71 0 22 0 5 15 21 20 75 1 12 12 36 128 72 0 37 76 63 7 108 170 43 20 4 46 0 63 8 72 32 40 32 24 14 54 0 43 12 14 32 48 13 3 8 11 48 0 55 4 8 23 48 107 25 70 1 0 96 78 64 70 73 8 87 32 93 132 70 1 72 47
0 179 105 0 63 93 41 158 42 19 3 46 166 5 145 10 5 72 0 52 75 207 94 70 127 60 5 154 141 133 74 20 36 6 75 8 178 123 217 48 61 120 12 132 122 120 24 12 82 91 83 72 14 68 21 120 8 75 63 115 38 0 112 93 139 115 126 92 24 16 30 108 115 104 48 6 72 14 118 68 126 78 54 0 103 24 45 45 80 6 56 79 0 139 133 79 3 32 79 20 135 48 87 56 11 6 92 64 25 84 123 179 10 220 8 101 141 110 15 33 114 85 57 60 9 97 16 0 67 15 111 22 60 42 42 7 42 40 60 68 23 64 75 0 136 109 24 67 45 95 50 89 109 48 32 42 28 79 0 36 14 69 110 54 6 66 17 15 5 180 36 102 51 44 46 7 0 207 27 47 90 105 60 148 57 51 10 93 121 32 85 15 129 6 45 45 132 141 14 20 50 90 90 54 17 101 42 48 16 99 35 90 0 56 45 1 56 69 9 0 152 24 112 14 37 5 25 122 120 0 52 63 30 137 91 101 83 151 113 109 0 109 9 45 5 6 5 167 18 21 87 56 12 75 15 103
14 74 128 99 35 38 32 90 47 0 101 4 123 13 71 49 113 78 110 102 137 48 0 26 4 39 8 20 148 96 72 30 0 36 42 62 103 5 104 21 45 54 111 45 8 80 32 65 21 42 72 109 48 7 80 33 14 23 95 64 80 49 138 53 12 0 32 166 88 3 0 46 4 109 30 72 63 150 71 9 30 60 27 42 151 6 16 60 0 56 73 9 8 35 40 141 12 128 60 120 108 17 19 9 88 81 128 36 4 48 78 5 76 30 0 152 82 83 8 67 7 14 117 0 62 106 50 72 79 0 0 35 79 0 6 1 0 67 4 35 56 4 8 0 64 26 72 0 80 9 33 44 5 86 48 57 0 0 15 221 34 78 95 43 18 120 9 25 32 139 0 99 0 49 3 167 25 79 0 49 11 60 0 35 155 8 40 61 88 40 2 83 110 0 26 58 90 108 57 24 32 100 112 76 97 21 99 8 12 9 23 8 19 75 9 68 48 32 24 33 124 48 49 23 76 130 0 121 69 0 76 30 87 0 27 83 53 41 17 103 99 9 0 40 0 64 82 15 38 32 187 52 18 132 64 8
6 121 61 42 56 29 126 21 143 14 147 14 6 21 42 62 99 0 57 20 62 8 111 30 23 52 21 23 107 271 126 54 8 21 157 32 78 28 68 204 36 4 44 0 75 78 23 65 42 65 12 60 138 17 132 66 76 39 69 15 117 51 330 90 80 34 0 122 45 69 175 90 74 130 266 37 72 91 104 108 45 136 60 81 14 61 49 20 0 42 87 7 23 161 71 81 81 0 92 50 51 20 15 42 197 175 81 15 12 15 69 36 104 33 79 56 8 41 67 55 41 29 68 3 39 42 20 50 21 38 148 84 106 18 28 18 77 0 16 32 69 90 72 92 26 42 86 120 254 72 14 67 41 93 25 0 77 0 3 140 0 71 99 72 81 81 18 14 59 69 67 94 66 28 48 24 170 182 0 28 112 48 64 31 198 49 28 49 76 0 77 80 134 126 84 28 50 84 14 48 45 32 180 84 34 20 16 49 27 21 77 20 47 60 92 97 72 102 48 63 65 131 53 63 49 0 103 176 0 0 18 47 65 86 109 79 59 20 49 161 94 45 4 140 43 21 25 43 45 4 95 102 96 60 125 0
0 0 50 89 75 42 47 53 20 35 62 57 0 26 34 63 49 21 40 36 12 60 0 74 24 8 54 5 49 52 77 0 59 54 130 0 46 25 76 20 45 16 12 105 54 64 133 68 8 28 93 0 119 37 82 104 43 50 104 114 31 96 109 16 15 1 74 20 60 20 22 29 1 28 60 7 132 24 24 0 59 41 0 6 56 12 6 8 0 26 36 56 0 0 39 104 1 35 9 8 13 75 48 0 75 106 88 90 72 48 97 0 0 20 40 29 134 29 16 93 0 110 9 55 70 68 119 1 80 20 9 33 78 0 6 79 52 56 93 39 49 140 40 4 88 30 67 32 135 73 81 2 15 0 41 0 94 4 12 42 32 161 74 32 50 66 31 71 24 30 109 81 42 22 77 60 18 74 3 86 52 92 0 55 96 78 56 8 108 6 0 0 52 52 0 9 36 49 30 28 20 0 39 112 51 45 0 43 4 68 39 3 0 68 48 34 120 41 125 40 40 70 103 0 56 77 30 167 28 15 27 12 4 72 48 24 62 51 16 32 0 0 3 0 24 112 18 6 6 56 24 155 29 6 32 97
19 70 107 0 49 0 74 37 154 25 64 100 21 31 78 20 37 92 34 56 91 84 36 12 14 88 69 40 4 148 55 56 0 33 56 24 15 10 75 134 52 26 50 45 180 96 81 37 85 32 36 0 0 14 60 0 0 0 125 123 59 12 102 0 45 104 45 0 104 64 0 48 12 88 63 66 44 56 148 12 64 0 18 29 75 32 0 4 0 29 0 56 0 8 34 38 21 42 69 0 46 12 95 49 0 0 16 26 20 28 159 140 98 68 24 40 0 9 60 80 0 35 96 18 33 0 32 31 20 72 29 43 124 49 70 32 0 87 92 18 24 7 40 18 55 108 86 32 8 56 6 14 0 0 0 0 92 0 88 80 70 80 48 16 48 118 68 43 80 169 63 39 39 52 12 30 18 83 34 32 64 120 39 21 0 146 85 0 0 42 5 56 56 57 0 8 21 49 15 9 87 0 134 56 115 56 7 182 0 119 119 27 110 10 68 48 91 28 77 0 97 33 38 53 3 104 0 63 0 134 21 106 12 0 0 40 15 9 110 16 10 75 126 67 45 42 0 25 0 0 24 0 32 75 126 126
72 28 67 143 100 32 24 0 0 0 64 52 16 52 150 25 0 76 38 10 15 154 58 53 38 40 40 18 123 31 77 64 20 0 20 0 53 0 131 63 0 9 24 12 67 52 6 0 65 86 120 0 97 48 47 0 48 84 40 18 49 54 74 14 12 33 0 114 8 0 40 8 21 0 0 12 100 108 18 24 93 16 0 105 136 17 63 2 5 67 8 0 31 47 60 58 49 156 56 8 3 4 3 0 24 71 28 4 30 56 44 30 45 83 11 70 125 91 0 12 29 9 53 2 0 37 63 79 54 80 75 40 40 40 0 128 56 0 113 28 104 0 68 24 32 76 7 23 61 26 0 5 18 0 65 84 36 118 42 60 51 158 153 44 27 34 41 4 5 51 96 12 32 70 48 41 51 81 15 60 20 49 30 79 80 49 120 16 125 21 33 56 101 9 12 82 24 102 0 84 3 35 79 45 67 154 21 8 4 14 43 32 50 16 41 75 98 35 28 29 52 42 172 0 0 48 0 0 117 8 4 1 0 40 55 62 38 70 33 24 0 9 64 85 51 104 88 157 15 8 85 28 50 48 38 108
38 140 0 36 78 116 27 36 20 26 3 27 96 80 198 38 50 107 0 11 36 4 25 0 39 1 92 20 103 163 59 109 0 71 90 115 47 68 64 71 30 36 0 24 32 72 36 9 12 76 105 54 28 121 4 4 32 20 32 22 24 0 19 21 106 70 35 90 36 0 75 0 51 132 0 45 0 129 80 20 24 167 8 4 32 36 109 44 0 20 116 0 0 118 4 0 117 58 106 59 20 14 28 5 0 30 5 41 70 59 70 150 7 57 42 54 72 30 0 26 0 32 70 109 47 0 111 74 0 25 94 84 32 58 35 0 28 19 114 78 35 113 41 48 20 82 52 25 0 6 0 20 36 9 0 64 73 0 67 89 62 165 69 32 96 121 50 49 42 70 72 107 99 0 111 5 32 97 6 94 8 43 68 155 84 57 99 0 35 0 125 4 70 0 6 36 6 30 125 2 46 28 66 15 88 60 16 96 0 125 8 32 77 80 74 78 45 57 57 54 83 9 48 0 12 9 0 78 18 0 42 0 6 28 94 107 72 28 48 46 24 72 81 49 120 89 119 117 106 16 72 30 84 136 42 37
0 4 0 45 0 15 40 43 0 50 80 106 43 15 98 35 53 9 15 29 48 0 118 63 52 107 27 63 0 6 46 65 0 89 0 63 63 109 37 33 0 16 6 32 59 4 30 48 8 99 31 0 64 49 14 30 64 38 32 54 106 0 29 75 1 75 62 39 0 0 15 54 8 44 6 27 0 104 35 70 75 60 46 0 28 0 21 31 27 8 66 7 0 32 15 117 38 74 22 33 49 31 7 27 0 69 0 42 169 0 26 90 49 58 0 0 54 54 35 83 0 32 20 42 78 9 12 52 0 3 94 22 38 75 21 32 49 21 63 5 106 0 6 0 51 51 80 4 24 87 0 0 24 0 0 88 46 0 6 56 0 48 67 28 6 97 21 55 0 81 6 53 0 16 37 41 15 33 37 25 0 52 3 85 12 18 49 27 77 28 31 72 18 45 45 36 24 42 75 8 26 12 18 1 36 37 5 0 12 22 86 50 27 28 77 36 141 25 14 0 56 83 30 19 19 51 8 8 0 35 0 0 51 28 30 0 53 7 30 39 9 22 58 12 163 42 32 99 20 18 45 70 78 56 55 1
37 18 18 33 27 76 135 60 126 85 70 64 28 178 33 27 126 27 32 74 179 37 8 170 46 253 71 35 144 106 21 47 63 4 168 182 75 124 53 195 63 45 63 123 157 70 10 131 126 51 85 155 22 7 79 143 51 36 3 114 150 56 201 19 108 55 73 58 64 81 96 124 21 111 0 12 35 209 18 72 32 0 0 27 108 42 150 183 27 78 132 91 35 7 72 35 18 204 54 35 65 101 91 17 78 113 138 80 2 14 72 128 182 83 9 119 23 108 75 93 25 12 114 64 0 0 30 104 19 40 84 0 66 5 111 74 154 111 126 72 74 99 18 48 19 124 77 171 60 0 0 43 54 20 96 0 0 54 99 3 64 55 124 35 7 118 27 90 65 45 81 177 112 44 108 57 95 188 112 18 64 64 5 141 171 0 123 8 50 80 45 21 218 63 7 15 155 72 65 10 145 21 36 0 28 9 51 102 56 4 102 10 6 90 135 49 119 30 56 0 180 216 42 123 27 28 0 14 86 30 59 0 47 115 33 120 104 42 94 193 61 56 47 156 37 155 36 72 0 23 61 193 34 41 44 113
126 113 141 21 67 111 45 56 12 10 75 96 170 82 74 87 70 83 118 123 154 117 43 63 104 53 28 25 147 211 167 60 45 4 185 67 157 8 129 215 78 122 98 20 101 8 38 133 48 48 144 69 49 4 109 60 61 117 48 129 14 42 125 66 91 97 48 122 54 8 109 53 68 48 12 64 132 45 147 11 26 76 8 73 183 42 97 63 15 12 144 0 0 60 69 106 54 62 54 32 101 46 15 8 55 109 72 56 122 95 38 124 54 58 35 0 138 54 181 102 0 116 76 44 60 20 38 171 206 6 140 126 22 195 8 22 32 37 62 133 79 45 47 24 59 43 94 53 0 5 4 85 0 60 96 0 151 0 46 71 23 81 69 51 54 91 48 171 52 52 91 109 36 25 51 70 11 104 19 124 0 92 81 53 133 61 105 90 50 88 2 166 28 83 36 6 5 115 42 15 174 12 78 72 69 18 94 97 21 83 12 62 73 12 62 91 127 6 10 72 146 196 118 67 0 45 98 163 127 33 47 114 57 34 71 94 70 69 91 35 17 158 20 167 72 49 42 81 89 27 79 225 147 25 72 42
48 7 96 46 73 42 27 126 40 10 112 0 92 66 89 40 32 24 15 12 165 136 9 40 36 10 71 19 65 8 78 101 63 12 115 134 4 3 129 118 91 13 113 49 16 53 88 54 81 110 115 20 25 59 9 42 13 69 85 35 39 54 72 5 90 87 56 56 69 0 108 36 45 40 0 139 49 60 37 82 75 103 0 9 124 68 5 87 43 54 64 0 0 11 79 24 70 48 94 60 44 0 15 40 19 28 21 116 97 14 112 104 45 45 0 107 161 20 67 100 69 117 48 74 12 72 98 45 89 85 39 213 77 67 0 98 87 0 64 62 180 39 8 4 152 50 11 63 16 9 5 31 32 69 35 4 84 33 56 199 30 115 182 98 78 135 60 80 27 134 98 63 32 84 80 108 36 81 9 21 51 28 4 24 76 171 46 21 45 20 30 69 52 104 16 0 45 37 55 32 40 33 122 109 26 55 25 144 40 13 33 0 60 86 6 85 49 39 114 60 171 2 0 48 54 80 0 35 25 58 107 45 35 54 5 53 8 66 66 12 75 68 81 113 43 25 79 45 56 32 49 96 113 163 50 24
0 129 54 45 48 12 25 23 36 55 0 0 0 20 56 6 42 12 35 8 0 3 6 24 24 0 0 8 7 19 0 40 51 12 107 72 32 15 28 16 0 45 24 6 0 160 16 12 22 81 14 0 32 0 38 3 86 20 6 8 27 44 6 0 20 20 0 0 82 18 21 0 0 45 0 3 97 63 0 3 15 21 43 0 120 32 7 36 0 23 48 0 0 100 8 0 0 96 80 24 0 86 0 56 0 15 16 44 53 22 119 30 1 0 0 0 35 6 42 38 64 42 48 0 10 35 28 9 24 20 5 39 0 6 32 6 1 15 64 65 0 8 0 0 0 96 33 3 51 91 44 45 0 18 7 63 31 0 56 96 52 89 80 0 78 52 58 83 98 167 43 53 41 57 7 12 0 28 64 24 0 27 0 24 53 2 82 38 34 44 6 2 72 64 8 0 0 0 0 0 12 22 48 71 0 36 14 107 36 13 3 27 49 60 0 64 43 56 70 6 24 16 32 54 79 15 30 63 45 0 145 0 72 36 64 0 36 18 36 38 55 9 87 7 42 0 15 0 57 64 51 50 0 53 71 37
22 1 154 20 51 105 22 22 0 42 0 57 17 90 152 47 77 37 86 40 104 119 34 68 55 111 89 129 26 28 59 60 7 0 10 50 0 12 8 48 0 20 6 20 34 76 12 8 38 67 0 0 95 88 28 19 88 42 16 48 70 73 50 36 49 0 140 38 28 56 28 75 0 60 2 40 109 81 68 32 136 78 24 30 0 66 1 35 0 63 59 7 103 7 58 10 113 20 63 0 52 16 28 0 268 8 48 0 71 1 52 145 21 87 153 91 44 56 40 50 54 47 0 72 36 36 64 180 6 76 105 0 28 68 72 34 0 58 31 25 24 0 0 0 45 72 53 0 47 0 0 12 48 40 49 15 35 103 21 206 8 132 58 62 144 4 31 61 20 68 68 24 0 35 56 48 45 76 35 8 35 0 40 146 58 30 11 56 56 15 0 20 28 136 0 0 32 24 24 6 33 119 30 54 80 5 20 52 0 126 54 81 0 27 34 6 10 81 25 58 85 197 62 18 0 32 0 28 30 76 0 15 27 20 72 8 16 36 18 28 42 48 81 4 209 0 85 0 30 20 8 139 141 2 46 109
8 0 30 8 27 21 66 63 83 21 202 90 42 126 87 120 86 22 22 138 159 90 198 77 9 0 0 129 99 5 23 139 0 39 51 155 144 28 39 52 30 74 129 78 84 111 0 77 117 96 99 11 109 42 79 135 48 120 36 0 66 98 93 93 54 102 3 21 36 14 115 182 86 123 63 18 126 32 0 98 133 19 71 9 194 101 0 52 32 63 185 108 6 134 51 84 24 130 103 86 98 54 65 0 0 1 29 68 95 77 0 168 166 134 180 92 100 10 81 108 0 47 61 10 0 7 127 100 36 66 36 61 112 51 117 36 164 62 32 27 118 144 108 0 68 18 72 11 63 24 79 35 74 34 195 0 48 35 4 206 30 9 151 76 9 117 72 89 35 46 140 118 69 48 97 0 112 2 0 46 56 18 9 148 83 37 58 0 85 0 166 8 124 0 8 0 126 190 0 28 72 30 7 102 18 0 20 48 12 0 89 21 65 18 120 20 76 109 27 6 121 5 18 81 37 8 90 15 80 102 64 15 117 135 0 7 7 27 18 149 109 0 23 93 33 3 15 15 9 41 35 81 48 71 117 92
63 59 38 36 28 75 4 70 0 0 16 39 72 141 21 20 0 12 12 41 46 34 94 31 57 26 5 8 75 41 10 36 8 6 59 51 48 134 32 6 0 33 30 31 26 40 38 46 88 0 14 0 53 44 89 48 0 85 16 4 0 41 34 59 30 60 45 8 36 22 23 32 67 40 6 24 73 102 0 15 6 57 36 35 21 15 12 35 6 111 81 95 51 42 78 28 1 240 38 19 9 28 53 10 27 56 86 50 21 12 72 55 38 46 10 12 9 6 53 97 111 42 24 16 21 22 18 82 8 10 64 38 93 20 6 76 41 66 41 36 59 48 20 12 0 28 57 2 42 27 2 30 72 21 61 30 53 0 71 121 0 48 9 120 20 80 46 15 56 96 47 24 17 10 0 51 45 31 6 8 47 56 17 79 92 2 15 59 84 62 28 25 26 15 0 33 24 49 15 39 20 59 4 48 3 36 62 54 37 22 49 30 0 12 16 24 28 35 2 0 10 17 31 43 5 12 40 6 20 0 79 21 0 31 12 15 44 91 38 89 0 71 43 63 46 8 53 28 0 21 0 60 6 34 109 31
72 81 81 0 63 141 80 113 103 151 10 84 0 177 179 0 10 10 43 178 70 44 0 126 113 90 15 30 77 16 56 132 6 125 127 56 69 158 61 18 30 0 49 159 64 100 77 102 2 59 140 71 68 62 28 101 150 38 45 32 12 151 6 12 26 36 12 130 18 75 6 0 10 20 0 72 100 117 77 134 30 137 82 0 214 84 69 40 27 87 45 50 124 72 16 90 51 119 101 26 131 73 50 91 119 14 28 9 58 58 110 42 54 0 30 164 250 72 62 123 230 89 104 6 73 95 83 72 123 39 42 216 41 40 0 8 27 173 171 93 78 69 9 35 103 58 32 24 94 13 55 68 18 99 123 81 20 0 105 63 25 128 141 119 181 253 71 54 59 198 39 153 59 129 50 24 5 66 62 48 75 15 14 295 66 17 56 45 113 56 174 45 74 14 133 32 151 81 36 0 95 0 117 102 78 81 18 18 78 30 75 30 93 135 161 72 0 84 115 0 99 90 21 127 32 110 16 112 86 36 193 0 81 105 16 17 52 82 81 102 70 0 81 47 149 2 27 60 38 0 105 160 18 283 70 34
75 75 63 1 139 18 39 96 19 22 54 77 215 75 32 48 49 10 30 126 146 71 29 48 78 115 0 38 82 62 70 9 35 10 30 99 160 35 58 54 0 41 21 22 202 59 0 115 31 20 153 6 6 64 79 87 0 80 11 130 53 62 111 54 39 90 45 60 0 0 5 84 4 14 68 42 17 4 85 2 6 160 18 78 22 0 0 101 53 0 9 75 8 74 138 90 0 30 92 24 60 123 44 32 3 36 29 55 74 24 38 4 74 3 15 2 18 75 102 55 103 44 54 3 40 6 0 105 8 5 0 47 3 0 37 48 12 33 31 39 8 26 74 0 55 22 113 51 72 0 74 2 13 82 74 30 12 3 55 80 21 0 25 85 54 63 42 83 60 10 28 24 30 9 28 24 13 0 0 2 28 98 153 28 54 63 102 10 9 0 2 153 4 45 4 0 99 68 38 36 97 41 0 72 0 20 74 86 73 52 151 42 4 13 75 30 66 45 19 0 59 226 127 18 11 1 72 45 91 0 0 20 64 102 51 31 31 86 30 9 31 120 0 54 107 34 40 16 37 0 129 63 110 32 72 39
54 45 142 101 76 38 21 65 16 2 27 40 104 54 104 8 72 36 24 76 177 87 34 81 17 0 2 98 68 8 0 0 30 0 9 61 60 86 66 75 0 55 0 131 0 57 4 39 128 78 54 0 42 6 77 111 64 65 0 75 65 23 48 106 0 47 119 55 0 1 0 8 26 71 6 42 6 88 0 10 60 76 37 0 100 0 6 72 22 65 47 6 0 0 40 122 0 4 16 77 56 0 0 63 43 9 22 0 13 28 98 10 5 9 27 76 36 11 40 63 36 22 56 54 0 28 55 155 3 5 40 78 52 80 118 35 0 222 62 101 66 7 10 0 58 48 72 5 0 42 44 32 28 30 0 28 0 15 152 132 67 108 64 32 80 67 8 8 34 42 72 37 0 52 1 8 101 99 116 42 8 106 48 101 89 103 35 0 113 16 29 89 57 0 0 16 4 36 28 8 108 0 43 83 24 47 49 42 29 66 5 15 24 28 15 46 50 33 0 15 64 112 21 12 0 22 35 81 154 103 60 7 73 85 16 22 108 40 12 68 110 61 43 9 134 40 136 27 8 121 81 94 56 3 87 27
0 36 50 3 5 13 32 102 57 1 9 48 42 68 24 21 49 0 77 75 27 4 63 56 26 6 7 2 82 43 18 132 0 78 46 81 103 22 88 15 34 39 2 33 8 78 49 95 52 0 75 137 6 6 51 96 57 78 72 21 8 21 14 36 75 16 6 66 32 0 35 7 15 45 9 12 60 32 46 19 9 105 9 64 33 41 6 49 69 42 54 24 0 66 78 38 45 85 36 8 10 20 42 5 10 89 0 78 36 73 82 17 60 35 49 14 63 25 109 57 40 2 104 30 0 3 2 23 129 3 9 52 8 81 8 50 8 5 125 0 15 48 48 0 0 69 52 1 9 41 16 108 42 59 42 12 14 0 52 37 62 40 46 63 58 189 0 132 47 108 45 9 40 4 18 104 52 27 3 45 13 90 20 14 64 18 144 0 54 72 82 74 43 8 8 4 48 132 77 32 46 4 38 37 4 0 152 98 35 8 52 0 67 7 10 63 4 21 40 0 18 95 0 30 31 69 0 59 0 7 48 27 56 29 16 54 49 0 45 50 57 0 54 5 121 53 84 97 44 26 127 24 37 155 118 87
82 77 130 121 7 68 122 45 18 125 117 10 42 39 42 0 53 61 12 31 170 93 0 53 53 45 126 22 65 39 64 0 0 38 77 24 192 30 146 27 35 34 31 67 81 46 134 6 55 95 121 180 120 0 99 19 120 81 6 27 35 76 136 36 36 95 68 139 40 0 0 15 0 219 0 100 62 0 80 0 153 108 0 35 63 102 42 56 129 127 252 54 31 114 9 75 72 14 16 48 27 66 32 79 64 174 30 0 0 14 34 61 45 96 201 104 35 12 81 107 64 98 8 64 86 41 36 58 28 21 0 0 74 24 117 20 0 0 79 0 76 74 52 0 28 69 194 0 6 50 72 0 9 28 27 24 120 50 30 221 37 100 72 18 96 0 29 21 45 54 221 25 62 0 82 32 94 58 80 83 56 21 81 119 181 0 72 38 83 87 45 43 176 85 100 134 102 142 79 0 163 74 129 55 57 29 0 28 7 25 0 112 112 239 30 0 35 8 57 137 94 121 91 32 54 128 45 56 48 68 40 24 204 47 20 31 0 107 77 42 54 32 72 79 124 125 88 0 111 94 160 152 88 89 106 71
105 165 84 124 0 0 57 56 18 34 35 163 34 43 107 0 57 6 37 84 25 35 214 45 88 92 62 0 30 63 38 35 43 43 234 45 74 75 66 95 0 146 32 12 32 163 56 18 68 24 105 36 73 0 74 12 101 66 32 93 58 59 25 45 63 109 68 54 15 75 32 0 20 132 0 51 0 110 266 0 27 43 0 4 36 57 42 46 26 60 83 54 50 139 92 99 35 7 42 115 54 16 48 0 21 56 45 39 86 93 129 82 53 0 20 32 46 66 77 84 31 109 71 18 81 110 41 81 91 12 60 27 76 15 93 0 39 0 140 101 54 60 97 32 7 106 136 17 74 30 72 20 36 13 28 28 83 5 76 16 98 191 156 7 67 113 62 112 0 57 35 0 44 0 60 13 54 57 10 25 66 0 37 44 122 101 0 64 174 0 6 21 74 21 35 41 31 0 80 54 0 4 42 104 18 0 0 28 36 139 39 97 157 48 82 105 0 106 35 138 59 79 149 14 12 68 157 12 36 80 79 0 74 0 46 33 95 35 91 35 36 108 206 0 87 113 75 0 0 64 8 89 75 135 56 129
63 5 128 0 73 76 12 93 26 33 35 0 22 0 12 35 0 30 26 94 24 37 89 127 66 4 10 11 21 43 30 0 10 17 0 42 21 18 28 18 27 0 4 46 21 0 59 41 21 15 88 20 6 0 25 49 20 64 57 81 10 0 14 0 30 42 0 2 45 33 0 1 26 8 0 8 18 51 30 18 0 81 56 0 25 14 18 14 48 46 29 75 16 0 10 0 14 48 0 0 0 28 6 0 14 15 78 9 55 120 33 88 28 12 0 81 77 18 7 43 36 49 66 0 48 0 85 40 28 0 108 65 15 92 75 0 0 35 0 85 46 108 0 0 114 14 28 0 55 21 105 29 64 6 15 16 100 0 8 82 0 30 55 0 12 40 28 96 133 60 42 59 0 24 6 63 114 53 0 16 10 0 17 89 14 5 59 70 80 67 11 66 40 68 38 14 8 51 21 93 63 57 41 55 42 45 37 48 56 20 21 56 26 25 33 43 0 8 5 0 44 0 26 9 28 66 51 53 40 3 88 36 10 0 127 54 34 28 15 20 90 16 0 18 26 18 56 0 0 59 51 52 16 16 6 51
72 16 49 48 24 46 30 15 98 46 30 12 53 61 0 44 141 0 71 9 51 61 6 23 28 57 90 0 86 89 36 6 0 16 82 26 103 36 9 0 55 3 6 6 0 0 88 54 0 30 8 54 8 48 20 17 3 64 88 24 61 4 36 0 72 102 55 24 18 0 99 16 3 17 0 95 27 50 57 12 81 45 0 2 7 28 3 93 24 10 80 28 63 145 0 71 63 0 33 44 21 12 36 26 0 48 94 16 19 49 8 4 44 30 0 21 36 0 25 85 76 16 25 4 70 24 58 35 51 21 8 57 21 23 24 48 56 0 125 54 22 30 21 0 11 72 9 56 81 19 24 4 7 59 3 9 111 6 32 80 0 15 36 36 94 92 52 49 0 14 63 87 119 0 81 21 4 0 82 6 54 10 24 12 28 0 13 12 45 41 7 3 118 12 63 72 18 56 15 0 15 58 0 10 0 65 9 0 0 52 0 20 40 15 24 0 69 1 31 75 158 49 3 72 6 46 42 68 18 16 0 27 34 71 90 0 25 30 16 28 146 0 0 63 0 42 20 0 0 24 55 68 12 25 60 13
94 136 9 123 39 53 101 61 105 0 64 0 24 82 38 20 0 36 60 5 70 32 75 92 39 36 33 111 15 66 28 34 48 6 76 90 96 40 151 0 76 114 63 35 72 28 48 64 74 135 33 18 73 96 42 94 100 42 63 16 104 20 62 112 9 131 47 20 104 55 6 0 37 20 31 44 84 32 123 36 146 0 40 0 53 42 13 119 69 0 98 21 0 84 2 72 8 0 36 45 51 88 27 63 53 79 80 40 7 10 39 86 0 18 9 105 78 51 78 126 144 101 46 74 30 42 53 27 70 50 38 58 36 12 128 53 72 0 73 24 46 0 6 0 27 44 43 57 30 81 75 16 11 72 15 32 138 0 30 36 84 55 63 13 56 18 72 9 112 96 12 116 10 25 115 0 33 97 72 51 10 36 38 55 71 0 0 16 64 20 14 0 134 90 50 72 26 94 38 0 12 66 20 68 52 10 18 0 16 10 23 15 62 174 30 20 97 80 57 0 112 28 16 45 36 52 16 67 14 12 120 40 133 56 88 48 0 11 46 16 45 44 44 42 101 47 6 40 18 52 69 126 40 84 152 1
163 47 102 99 42 117 117 45 72 27 0 94 40 11 63 65 8 27 26 51 72 242 149 106 47 48 146 120 45 36 0 45 25 0 71 64 85 101 143 65 28 81 0 45 141 14 101 33 80 119 104 0 0 76 10 40 40 111 183 20 35 32 44 10 5 25 64 57 63 8 0 28 32 42 40 38 103 3 86 0 72 0 58 0 20 70 69 5 5 41 40 98 36 137 27 23 20 210 33 0 8 52 5 16 8 30 28 80 30 161 46 126 0 0 40 15 81 140 0 5 21 72 6 6 84 137 25 39 35 104 30 2 57 25 0 54 77 19 38 8 35 46 48 0 97 51 0 4 79 20 66 56 28 0 13 45 76 80 63 99 8 15 61 18 14 26 74 35 19 173 10 16 20 35 0 40 40 104 6 41 20 72 25 40 64 2 40 49 151 0 45 65 161 117 146 0 71 51 28 9 36 99 110 123 16 61 34 29 53 82 40 114 7 64 114 38 8 22 81 5 84 110 50 104 83 13 0 14 0 64 39 35 0 4 51 102 72 80 97 41 0 3 9 83 36 30 35 0 42 0 134 48 0 19 49 150
119 64 89 125 51 15 29 125 28 4 141 62 141 116 64 77 48 6 30 116 317 37 10 167 20 182 16 9 108 16 78 78 40 162 28 53 129 18 122 99 42 27 14 205 194 0 36 49 102 16 63 42 61 14 75 67 45 40 5 224 73 60 144 6 0 54 0 105 19 0 45 23 0 0 211 87 29 96 167 0 86 45 68 64 0 44 0 154 14 47 99 3 0 89 103 86 54 117 10 9 51 45 4 14 16 55 73 106 48 32 40 35 101 90 25 28 63 0 69 58 4 49 7 104 81 12 45 127 32 114 119 123 21 0 37 24 28 55 85 28 64 84 32 40 24 5 103 123 74 126 42 31 0 90 46 63 8 72 32 73 27 32 68 63 97 161 30 173 4 14 138 65 27 98 75 72 42 62 149 63 49 10 175 171 0 35 48 8 10 18 3 197 104 51 76 22 56 87 8 13 55 0 68 76 3 19 96 1 8 16 79 6 55 32 109 9 143 31 55 56 93 0 103 109 54 53 31 138 133 79 24 12 8 2 25 63 28 18 43 0 57 48 0 78 64 133 91 81 20 104 123 110 83 41 122 121
143 104 134 21 104 46 91 49 120 16 4 70 46 61 156 68 73 0 106 46 98 59 36 102 48 45 68 140 108 64 64 35 50 7 57 77 88 72 113 41 107 8 91 7 45 0 88 41 25 114 20 16 99 48 23 64 19 120 64 72 57 26 43 15 58 84 5 31 68 56 0 0 4 121 0 32 16 50 28 28 70 14 0 20 54 49 0 83 99 49 107 63 0 61 103 72 33 33 19 85 39 18 75 0 0 21 116 0 196 7 18 108 60 4 28 95 25 16 42 70 131 65 14 82 78 20 123 150 54 89 26 101 58 38 125 104 96 6 56 103 217 44 28 67 94 0 107 0 18 44 16 21 47 9 15 0 191 6 100 210 36 78 54 0 31 0 71 58 25 55 100 18 40 64 117 24 42 105 7 35 25 0 54 69 68 63 223 31 7 97 18 28 105 19 99 38 15 0 33 81 58 4 72 35 68 128 35 147 110 33 35 39 9 91 159 2 63 141 45 30 37 29 105 91 41 35 103 20 173 137 106 0 43 108 91 0 28 111 48 36 49 75 33 99 104 0 72 25 0 63 116 68 72 137 106 125
116 0 24 74 105 54 128 40 140 21 12 36 39 74 119 28 28 34 78 17 105 24 0 93 91 79 16 6 0 66 84 2 0 0 122 38 6 5 49 0 0 87 17 12 72 12 0 35 21 53 24 36 7 60 24 8 96 59 28 78 6 68 18 43 16 63 112 62 0 54 0 49 48 130 59 0 21 90 72 30 38 144 16 22 29 117 7 89 93 35 49 9 11 65 105 42 2 15 42 0 0 68 61 0 0 7 16 90 108 34 65 24 0 0 0 0 35 2 0 46 56 84 0 0 171 36 9 112 0 18 4 38 7 53 12 54 76 18 11 4 21 0 28 0 82 0 50 49 108 24 84 47 48 0 128 0 0 53 30 0 2 100 12 17 56 85 0 52 0 49 63 0 39 34 0 36 9 42 6 0 81 61 16 0 98 36 49 0 84 40 0 0 58 61 78 0 41 57 0 0 30 81 64 101 30 49 29 18 0 14 4 35 30 80 10 4 6 122 81 30 0 121 113 123 54 28 72 0 54 0 109 8 0 0 3 52 40 24 72 16 106 72 6 0 38 24 69 17 30 7 35 0 63 2 70 60
74 0 159 46 152 118 26 150 137 0 79 59 43 101 98 61 44 24 58 99 18 39 67 116 90 80 51 50 67 24 141 80 0 18 15 36 37 171 49 62 124 33 88 12 136 159 112 123 51 121 32 15 106 83 79 48 25 176 60 8 46 42 74 8 44 30 28 69 0 21 79 168 61 66 133 119 51 62 153 42 64 29 8 40 129 46 53 55 20 80 74 45 33 115 140 64 54 108 145 28 93 135 156 0 64 24 144 116 133 89 0 30 45 24 71 128 119 0 51 15 32 52 82 52 48 56 172 70 98 62 81 14 12 82 86 6 63 11 37 67 4 81 12 40 74 8 61 20 142 61 0 63 32 42 122 48 57 0 24 69 5 96 118 24 39 72 12 8 80 192 100 8 39 78 64 45 35 6 35 0 52 49 0 17 112 117 47 130 154 53 30 75 137 32 15 28 72 43 68 0 18 72 133 216 8 158 61 21 56 87 119 24 203 25 125 29 0 96 48 18 180 48 47 44 12 113 59 0 0 116 64 44 6 9 104 4 53 62 43 52 81 182 84 0 107 61 58 83 6 42 88 197 88 48 73 13
18 53 59 113 77 15 42 53 0 0 20 32 44 78 30 86 36 0 77 45 125 21 46 106 78 85 47 40 93 220 63 54 0 36 175 13 15 71 95 25 35 51 30 50 28 64 12 56 41 0 0 0 63 16 143 72 97 20 25 52 78 58 32 9 0 31 71 9 7 10 76 36 4 58 36 36 27 114 24 0 0 28 0 103 0 14 54 26 0 60 106 59 40 18 81 36 0 30 54 40 41 66 64 0 98 36 84 87 133 16 16 14 78 67 27 56 54 0 166 44 4 135 117 48 0 39 0 85 113 50 18 8 37 87 49 60 0 63 48 134 78 65 63 69 29 44 61 17 76 24 0 5 21 0 49 0 90 30 132 9 54 119 40 36 57 27 67 34 53 6 0 91 57 49 66 69 0 92 12 92 29 69 0 129 113 63 85 49 95 30 7 0 42 7 7 48 110 27 45 0 165 0 20 54 0 54 81 76 49 9 0 3 0 0 73 85 81 12 8 42 0 89 108 90 6 24 4 86 81 0 24 0 35 36 125 45 88 35 37 20 0 20 78 79 33 128 14 72 54 4 0 157 57 27 91 53
72 63 78 90 180 82 105 57 66 59 36 0 87 85 99 64 70 42 47 73 72 6 70 66 45 121 51 47 0 0 45 8 35 38 141 24 121 0 152 27 35 48 89 7 56 67 66 63 21 58 21 82 48 128 54 0 63 159 197 72 131 31 11 21 0 96 96 6 77 50 0 56 87 84 0 64 192 171 24 0 83 18 2 64 103 28 4 0 108 0 12 56 12 54 48 174 62 134 85 144 0 90 168 49 61 243 101 0 72 0 28 109 53 49 63 88 18 16 177 231 149 182 43 9 60 32 110 192 116 9 0 93 79 56 6 0 7 112 103 83 31 83 72 82 49 47 44 22 0 158 48 32 6 186 72 71 76 77 20 84 18 69 0 9 66 143 40 197 87 0 126 161 36 5 65 120 48 71 98 35 29 0 31 57 84 117 74 50 90 28 11 57 71 134 12 54 0 98 40 27 95 17 54 12 119 21 21 123 82 9 34 63 48 75 153 31 116 102 41 29 36 147 73 112 8 158 18 9 98 32 86 143 66 87 6 8 15 154 49 21 0 35 12 158 76 125 107 6 3 129 78 269 14 57 53 70
128 81 87 126 48 5 183 64 195 157 99 0 54 83 118 83 5 117 158 169 145 56 119 126 108 0 181 63 14 72 46 32 0 142 0 36 166 52 141 79 92 45 57 54 128 93 102 25 12 60 16 66 66 66 30 7 109 45 94 87 0 20 4 54 8 55 69 73 0 0 7 36 20 50 79 123 0 18 111 0 126 6 72 2 39 40 101 35 160 3 64 0 63 88 0 62 71 35 52 24 72 64 30 74 85 72 84 64 63 176 104 53 0 17 90 28 77 0 128 127 40 106 9 56 37 42 89 8 87 29 7 12 107 135 78 2 56 70 103 9 64 63 1 21 89 93 90 0 40 19 40 90 96 99 79 78 90 6 11 16 59 116 24 116 83 61 8 201 24 9 47 0 33 42 90 76 215 210 46 84 118 7 68 84 44 0 3 63 119 24 20 127 66 15 92 16 82 45 72 0 68 58 97 140 48 42 98 26 4 3 7 64 148 91 90 91 42 40 150 6 22 9 24 111 43 9 0 53 81 25 62 56 3 48 22 9 90 45 242 68 27 32 90 45 123 93 93 0 65 84 54 17 53 147 49 38
63 60 36 10 0 26 92 39 20 36 211 67 135 68 114 139 186 1 63 81 82 100 74 36 46 192 15 9 130 54 102 132 18 88 94 21 75 54 24 30 0 8 0 36 36 0 8 12 21 111 93 88 86 6 90 66 64 30 48 24 165 82 83 56 80 45 9 101 12 54 115 54 54 48 6 0 131 90 40 36 78 64 84 38 133 81 60 0 1 38 18 0 0 0 0 27 112 32 138 72 0 14 20 37 42 83 84 147 20 45 121 0 28 235 54 94 54 45 2 159 20 36 186 56 98 27 27 270 31 56 0 84 99 27 24 83 36 43 73 94 0 18 28 0 28 70 84 9 0 144 0 137 54 9 51 56 0 36 1 139 30 63 141 88 18 90 94 90 8 100 174 51 146 58 18 53 54 67 92 126 48 18 0 60 60 0 32 54 81 40 63 77 0 3 8 42 111 125 54 0 32 54 97 48 46 45 15 17 16 27 25 185 40 45 36 78 121 82 16 36 66 76 99 2 5 81 0 47 63 55 24 56 140 132 0 27 63 114 62 228 126 46 124 0 111 0 50 141 21 0 133 182 72 26 82 42
24 0 40 121 68 90 129 98 74 48 19 99 51 24 63 59 84 0 9 18 78 52 0 0 47 34 36 103 38 79 70 0 4 6 130 52 147 126 162 9 36 59 32 25 44 45 79 63 34 12 15 90 106 42 117 7 75 78 49 0 13 124 73 35 128 126 8 21 21 52 96 18 113 56 0 51 60 53 147 63 141 67 12 49 25 21 40 119 158 37 108 0 0 6 28 9 110 72 90 27 43 4 87 9 12 109 18 98 27 66 18 0 67 83 23 135 83 35 165 181 91 104 2 43 6 18 0 36 73 72 80 20 4 20 12 14 45 0 56 0 89 93 25 8 18 82 39 104 148 28 0 57 14 12 50 18 54 0 29 10 165 16 107 4 18 84 30 114 54 0 25 31 0 54 8 39 90 88 0 16 177 0 111 9 42 72 93 41 105 30 21 21 128 54 6 25 107 19 20 10 30 20 69 91 32 31 0 75 36 15 33 30 0 93 135 4 112 34 30 54 92 86 90 12 78 57 53 96 36 12 12 144 6 30 10 74 98 137 154 56 59 54 0 81 110 107 0 45 12 90 75 130 111 91 58 28
65 116 119 105 72 113 56 48 0 32 55 45 94 66 55 109 0 45 32 88 93 24 0 76 162 28 0 32 74 32 191 45 0 27 72 24 122 32 85 76 72 98 96 85 198 67 117 68 150 12 97 111 48 28 150 105 91 82 52 74 45 6 42 72 120 24 54 46 122 0 36 0 8 151 84 0 79 152 65 116 35 186 56 20 80 0 59 17 35 78 78 81 8 56 20 105 48 120 48 14 35 90 72 25 131 65 105 24 34 215 166 159 36 20 78 90 45 30 102 154 50 30 54 72 12 0 72 20 6 10 38 54 6 104 45 149 6 0 105 25 110 180 55 84 34 60 203 63 112 45 25 112 105 8 74 22 113 5 50 149 0 32 16 83 37 87 25 157 104 110 14 76 12 29 64 0 95 99 27 54 133 54 59 51 175 73 36 0 141 143 76 95 35 39 16 105 46 42 14 0 29 30 48 125 4 31 0 12 26 78 83 60 24 98 51 38 42 68 5 15 122 67 108 15 102 68 44 93 45 9 86 66 51 84 122 75 108 56 131 12 3 0 0 32 210 10 95 33 53 24 78 78 64 86 93 15
3 115 19 16 15 126 41 144 28 44 74 30 145 13 34 55 24 21 9 0 76 108 84 117 39 0 56 87 114 4 58 52 93 44 122 53 180 21 35 83 29 8 40 20 160 0 69 28 54 27 46 51 24 66 79 124 35 79 193 32 54 35 37 52 10 65 95 60 20 15 79 47 0 24 91 173 149 141 21 68 19 14 16 6 89 10 50 56 1 13 67 86 12 92 24 253 33 0 15 92 106 50 170 48 109 120 9 2 0 9 24 99 96 76 86 78 32 52 29 58 61 85 149 55 18 20 0 187 70 25 102 149 44 9 190 74 65 69 63 69 60 29 36 78 116 133 173 20 18 84 62 24 4 223 2 0 20 6 73 147 49 48 80 88 132 101 64 67 73 60 44 150 6 15 215 18 114 174 13 64 0 3 65 72 18 28 168 73 0 0 30 56 8 95 124 105 40 40 108 27 57 24 0 44 38 0 75 57 13 6 0 118 62 153 140 16 119 65 57 45 72 135 25 140 64 93 47 42 69 96 54 36 69 51 49 60 0 25 124 85 0 88 27 115 4 90 0 73 19 18 45 182 80 116 124 63
64 71 92 27 68 8 114 18 59 5 55 102 8 122 159 59 20 9 74 55 112 81 32 100 21 132 42 159 158 56 14 111 0 38 172 8 99 48 198 160 36 79 207 82 72 204 83 53 168 20 48 42 93 57 42 70 108 119 203 60 97 48 94 39 121 28 44 61 167 19 69 215 19 102 147 9 149 107 62 0 48 31 45 69 130 52 48 8 20 86 81 135 75 106 144 65 97 79 123 38 54 165 18 39 146 45 4 6 18 0 120 163 83 54 99 24 87 122 45 59 88 57 196 159 42 52 93 86 35 12 44 1 40 18 0 83 42 39 196 22 29 68 189 28 28 196 133 72 58 24 0 33 0 54 47 56 90 154 95 120 68 62 107 23 116 43 113 153 61 71 51 51 82 0 79 110 3 133 84 68 131 223 30 137 110 12 114 40 149 8 54 27 120 82 30 8 159 52 36 40 32 158 75 116 75 4 105 32 88 48 238 21 104 37 138 70 30 19 66 79 145 73 92 107 142 40 113 104 72 77 6 35 40 130 44 87 59 103 63 28 42 42 150 176 75 84 76 144 24 4 16 149 154 65 82 151
