97 19 66 72 67 93 21 3 78 14 0 15 44 60 85 14 66 20 4 0 36 15 18 140 0 151 0 0 36 58 12 86 37 149 69 57 0 87 63 63 0 234 69 29 49 86 101 198 54 129 99 63 0 24 97 77 57 133 81 122 156 73 37 40 124 0 41 92 107 1 21 0 84 87 108 108 25 45 64 91 58 0 28 5 18 106 76 36 124 16 112 36 25 0 63 43 84 97 126 27 20 27 72 18 30 12 25 117 108 72 81 0 180 57 24 72 45 117 0 35 44 17 108 98 94 45 98 31 79 81 48 71 131 0 173 69 84 52 0 79 38 54 132 47 19 29 18 25 0 87 24 49 266 3 38 0 0 154 0 18 0 37 16 106 102 24 110 0 33 7 71 63 59 175 27 97 25 75 5 0 48 44 10 0 90 101 13 54 98 6 104 80 48 42 242 3 36 98 15 8 42 0 34 8 23 99 0 30 20 49 32 5 56 45 49 0 130 39 36 15 15 0 41 0 72 27 93 16 9 70 10 81 27 0 137 70 65 121 66 22 64 0 108 29 180 101 45 150 24 39 66 7 28 53 77 94
61 87 33 5 39 15 24 27 119 41 7 141 48 56 51 24 9 30 29 46 58 29 17 66 133 15 120 42 40 80 58 34 78 106 136 6 36 16 92 89 87 16 22 0 81 68 50 36 18 6 52 24 15 81 18 62 70 54 150 64 84 28 88 100 24 18 71 30 34 29 56 68 9 16 75 10 49 0 63 18 20 9 58 14 76 42 34 34 66 65 73 5 18 38 74 21 25 21 112 84 64 86 85 15 103 30 16 58 4 20 53 6 119 29 2 3 30 14 90 70 32 37 30 15 57 24 172 6 35 35 45 77 53 34 52 43 30 40 62 75 105 97 138 26 58 27 12 85 89 90 93 41 36 21 46 32 23 35 36 18 24 16 5 40 46 46 3 58 80 133 42 63 71 18 178 20 34 23 0 31 9 23 41 57 42 40 3 13 18 14 6 30 71 59 22 10 3 115 6 41 0 35 61 40 69 70 10 11 42 38 154 16 16 41 128 106 43 28 6 24 9 0 43 49 50 6 76 33 124 51 87 83 44 35 47 21 24 60 36 115 0 44 68 86 39 7 14 12 89 30 142 36 14 65 40 0
12 0 83 12 172 54 105 102 0 0 52 42 0 90 24 68 107 54 60 8 99 31 60 43 29 63 8 105 52 14 30 137 92 4 5 41 149 75 0 127 38 118 31 12 94 4 40 15 132 51 26 31 18 38 70 58 47 106 48 91 6 128 24 2 0 41 97 36 80 25 103 1 45 138 0 25 60 32 82 35 104 126 103 32 23 15 79 82 66 80 24 31 40 10 8 20 81 55 24 40 0 20 0 0 64 116 36 125 100 125 20 3 64 29 79 9 63 51 168 23 67 70 102 0 86 137 4 67 0 21 54 0 39 0 0 25 154 35 25 34 0 33 17 0 97 33 53 14 75 77 65 28 149 41 77 57 10 164 48 45 74 139 36 101 41 84 60 0 102 161 92 118 112 8 32 127 80 4 47 47 11 90 0 49 0 84 176 160 14 95 35 66 44 0 36 38 0 30 53 19 17 55 16 76 67 138 12 94 99 86 116 47 40 41 137 3 194 0 68 31 2 35 0 64 59 6 0 8 139 106 6 5 72 48 8 0 50 41 123 6 30 27 42 107 38 35 41 8 24 24 99 19 28 66 16 148
18 0 42 72 129 0 0 100 74 50 37 130 53 174 64 91 100 18 82 32 40 28 22 78 40 112 3 9 54 158 59 130 57 24 21 23 61 79 78 50 129 20 124 153 116 64 54 88 77 92 8 18 0 1 195 89 58 49 127 63 44 114 119 36 9 100 5 36 30 14 16 6 34 20 94 121 36 73 9 4 100 45 124 39 61 16 85 35 40 102 60 67 132 42 4 28 93 6 63 0 197 28 0 20 91 0 34 6 65 133 72 95 103 10 20 109 90 46 114 110 149 17 12 55 27 96 105 45 38 82 161 52 37 14 13 33 62 60 91 54 28 16 48 57 46 123 72 24 93 64 101 41 73 12 90 89 44 84 34 72 9 63 37 89 48 30 34 8 99 71 28 94 168 53 26 88 143 116 50 9 29 47 38 58 40 24 115 63 25 32 43 0 25 185 236 107 4 62 96 9 27 27 136 53 22 56 73 23 7 22 177 78 18 7 18 37 49 6 3 0 23 54 4 72 2 22 0 30 54 98 17 73 0 87 63 33 7 81 20 36 83 0 0 186 95 64 67 91 30 28 62 148 127 34 142 20
42 14 43 31 190 38 47 71 96 56 71 2 53 80 134 12 74 37 71 18 23 9 28 161 9 82 30 63 118 80 47 24 49 94 12 29 0 83 0 51 31 36 34 49 64 48 0 71 157 44 88 23 20 42 28 107 101 111 53 77 120 141 44 3 42 49 62 40 185 3 57 48 23 104 63 116 28 28 19 22 22 27 106 49 34 66 43 40 90 42 0 87 76 51 64 119 48 8 187 19 161 72 82 26 58 6 30 124 65 29 0 6 36 122 69 2 140 33 135 24 95 81 40 49 156 64 70 20 20 28 126 37 112 47 112 30 91 127 16 112 114 18 22 24 113 106 24 128 14 51 81 21 14 1 118 271 0 106 12 18 70 128 128 133 48 101 18 70 104 28 16 84 45 120 92 223 35 57 68 3 66 33 70 10 38 47 88 38 56 35 11 43 12 34 39 81 29 18 42 100 52 26 27 35 42 82 84 51 78 57 177 5 37 141 96 72 35 20 148 96 59 0 42 52 28 40 70 6 4 61 21 155 27 32 117 30 126 45 50 43 59 109 61 0 104 7 113 27 22 28 99 156 94 63 85 159
20 24 0 30 40 0 30 9 23 0 5 140 4 0 66 60 3 0 0 7 24 8 70 10 0 0 39 110 20 49 48 87 0 68 28 55 63 0 88 84 0 0 16 4 103 12 65 108 0 116 49 8 18 21 42 10 40 0 34 70 42 46 7 135 75 16 4 25 14 0 9 66 99 28 123 81 0 59 9 72 54 40 0 55 0 78 12 0 30 72 48 0 9 29 47 9 109 88 36 6 0 21 35 21 7 62 20 0 55 83 36 0 16 37 43 64 122 54 0 33 10 111 63 24 42 58 15 0 166 35 37 21 82 0 37 0 80 42 0 28 58 0 87 0 99 0 40 32 83 57 42 18 6 20 25 112 113 4 0 120 18 1 56 20 75 5 42 0 108 54 25 12 17 0 87 53 0 0 34 36 36 57 19 58 2 21 35 72 153 63 0 6 18 0 45 0 0 0 16 49 22 0 0 68 9 19 0 133 0 82 0 144 44 8 46 63 32 14 76 30 0 54 46 17 42 90 8 53 30 100 186 47 48 0 2 0 122 88 34 66 4 0 5 8 21 86 74 0 50 0 0 15 30 39 47 0
36 26 0 71 96 105 40 90 28 12 45 85 68 4 0 20 56 37 78 109 36 147 52 34 53 59 4 46 147 78 58 38 42 164 65 64 35 32 50 0 83 28 21 41 77 7 68 55 0 36 32 27 32 0 21 122 124 0 124 62 54 30 12 21 82 10 33 52 156 76 87 0 60 42 68 45 54 51 30 42 129 92 66 88 79 35 99 103 18 51 142 115 47 30 78 128 48 109 85 93 62 24 54 61 13 32 67 12 93 0 37 152 48 6 1 35 68 93 145 25 48 115 12 67 51 109 105 28 88 40 0 67 102 20 139 136 73 83 0 26 18 28 66 71 13 16 0 87 6 45 48 70 154 151 48 96 71 28 58 8 98 90 21 99 78 55 41 32 71 63 106 36 55 1 0 76 75 79 136 0 50 77 98 112 109 0 92 85 99 101 97 16 48 14 83 46 8 15 81 32 37 94 32 23 18 151 28 0 3 89 0 98 0 52 0 0 13 0 0 35 56 25 76 102 0 68 27 111 48 10 30 157 50 32 28 105 21 76 60 86 82 40 101 190 52 8 54 118 0 129 89 161 25 21 101 14
24 10 12 44 80 0 16 0 28 29 139 10 99 27 0 5 58 4 107 36 36 5 107 125 42 25 95 0 5 108 88 77 34 63 20 117 110 75 72 36 3 48 107 16 0 64 57 56 2 60 0 0 65 26 85 43 119 0 95 54 81 44 97 0 14 48 0 17 42 62 28 67 0 182 66 41 116 30 35 35 0 54 0 28 81 134 45 14 5 18 38 48 14 32 144 10 22 59 59 67 45 36 53 0 18 0 57 53 24 32 76 67 84 0 5 35 34 15 114 26 12 83 24 0 52 61 41 0 8 27 6 64 72 0 5 54 56 50 114 0 168 56 80 0 48 39 12 57 84 21 33 25 39 5 2 64 10 48 24 0 6 8 28 2 102 15 7 93 166 46 43 2 81 29 144 8 3 115 48 15 9 85 1 72 31 14 28 15 7 31 54 45 47 9 66 48 92 91 28 16 67 5 44 16 36 2 65 100 36 54 74 60 91 42 76 91 101 47 87 93 30 47 16 37 5 0 99 18 35 37 59 56 8 54 54 24 45 33 0 16 15 91 8 0 48 40 10 12 10 75 2 20 10 7 35 101
54 52 28 39 64 30 44 83 4 10 0 0 15 52 37 14 81 73 51 53 33 20 20 21 35 42 96 12 69 69 43 1 18 74 21 24 40 0 10 6 69 104 75 25 83 53 54 23 110 30 28 0 35 65 37 120 29 14 13 26 68 34 2 76 0 32 73 27 32 9 66 48 42 84 4 87 64 8 35 7 12 58 49 28 91 5 77 4 21 24 12 0 54 30 26 36 52 0 107 35 19 66 83 72 55 85 38 54 54 112 42 9 45 81 62 23 20 17 56 126 40 84 78 49 72 88 124 4 67 111 27 45 27 0 70 4 20 72 14 100 8 66 81 63 39 46 78 5 93 89 30 106 45 30 106 123 33 95 165 36 71 158 69 44 15 103 44 65 24 48 42 54 38 8 68 56 24 59 35 45 51 60 38 15 51 75 92 135 3 35 48 18 16 77 0 0 5 66 6 41 24 6 99 59 106 13 48 43 62 63 122 20 38 8 143 36 9 63 53 41 0 45 44 116 33 140 7 71 99 43 64 6 34 118 88 25 9 35 60 70 111 89 83 46 109 0 67 36 52 132 100 42 40 81 76 4
74 35 38 25 73 11 60 56 111 25 6 98 81 66 60 149 97 5 31 131 0 2 49 32 32 2 4 17 39 13 25 204 61 36 27 100 30 12 52 138 25 23 76 35 125 119 45 183 35 103 127 2 0 31 3 56 103 47 79 119 18 102 124 100 95 64 117 79 36 32 32 48 28 86 132 54 95 119 0 42 67 12 48 50 12 136 0 110 56 24 0 42 18 24 0 90 0 50 166 99 35 28 169 0 100 43 11 87 89 16 140 97 192 80 8 131 51 36 80 50 22 1 1 65 10 72 62 33 55 16 40 75 0 8 7 92 42 84 5 54 0 46 217 18 32 9 64 151 65 161 129 150 73 48 3 156 145 123 8 50 147 82 24 34 27 54 57 15 89 125 72 122 143 77 77 117 71 42 22 58 79 67 90 158 81 97 98 69 96 129 121 110 68 65 45 12 30 38 30 40 55 20 55 5 70 84 99 112 54 52 96 58 19 0 110 21 63 101 18 28 68 14 67 126 4 0 32 24 149 32 69 112 40 184 10 20 201 9 39 40 28 104 16 66 6 19 34 72 123 189 72 78 121 73 180 18
8 18 92 30 254 25 92 167 100 0 43 100 30 18 173 0 105 25 109 67 24 100 120 61 45 101 89 79 61 169 80 14 105 77 42 60 117 21 16 132 63 70 16 16 136 44 72 172 108 126 74 61 66 60 58 185 69 55 87 31 53 120 14 0 35 48 76 72 131 6 66 19 56 36 89 0 86 0 2 33 185 7 48 118 88 74 111 36 124 48 15 8 2 96 33 163 48 18 57 62 0 50 49 32 30 48 45 18 48 0 52 9 56 35 7 52 42 0 78 118 55 100 32 53 89 84 96 40 12 93 62 16 5 0 70 48 109 63 24 84 20 48 24 0 22 24 24 157 0 25 76 30 126 28 54 80 0 15 40 9 42 142 0 93 106 0 60 6 127 14 17 134 41 43 57 133 80 53 50 0 61 112 36 72 51 31 10 106 163 46 1 95 40 68 31 48 36 32 40 10 44 93 70 20 0 58 19 0 76 71 73 40 28 34 72 0 0 9 102 31 36 0 66 164 48 46 132 66 72 0 95 16 0 70 86 52 44 32 30 9 0 3 30 72 48 32 97 71 63 73 40 72 157 5 44 155
70 0 3 92 52 0 12 0 32 24 0 2 102 48 32 0 39 0 0 15 16 57 18 67 0 49 26 32 52 66 32 28 102 49 0 40 12 68 100 0 57 0 79 0 27 6 8 121 36 36 32 27 56 0 53 144 16 67 127 24 28 47 72 84 0 6 96 54 31 84 35 8 8 0 58 0 0 79 53 0 0 30 18 94 0 63 68 32 78 7 60 58 27 9 30 2 49 41 78 91 29 56 12 0 0 29 53 12 30 16 0 38 126 80 8 18 38 40 0 48 6 24 3 119 36 6 42 89 0 0 1 18 4 53 70 94 116 12 22 26 14 18 56 0 90 0 0 28 0 0 0 42 0 104 85 148 95 177 61 17 30 54 29 92 7 5 3 38 29 44 40 14 110 77 67 24 41 35 63 6 0 25 73 12 89 57 54 68 63 14 50 74 72 45 5 0 63 61 5 24 61 0 13 20 38 22 27 90 139 40 96 108 35 0 28 0 48 64 0 64 112 0 32 0 72 84 145 18 43 0 74 27 26 16 0 40 68 125 60 0 74 40 53 30 57 0 105 25 16 24 82 4 0 0 63 42
86 0 54 83 151 72 119 21 72 26 59 52 47 179 112 16 127 81 137 42 57 14 59 124 35 139 70 0 8 7 140 90 72 65 24 0 137 123 58 98 28 82 37 35 128 101 63 43 53 0 217 130 62 30 52 284 77 56 63 111 16 141 137 13 1 4 87 118 23 3 81 49 58 110 96 24 138 0 20 15 104 93 103 0 59 95 132 149 165 22 14 20 20 57 17 38 82 24 56 88 51 28 107 36 47 32 0 49 36 48 7 30 43 42 28 18 44 83 42 133 119 49 85 107 79 103 89 0 12 62 28 58 17 36 60 46 209 46 48 33 20 54 160 8 163 2 93 11 90 33 90 71 47 18 96 137 147 82 56 75 0 131 8 63 99 108 11 74 84 46 63 6 58 87 142 125 150 72 4 14 61 25 105 21 49 64 15 34 57 139 0 54 4 116 65 199 57 24 83 0 106 16 47 111 48 147 38 86 40 64 102 62 79 90 119 81 14 18 75 91 67 122 92 104 89 162 124 179 94 17 64 117 21 35 23 23 166 56 7 61 30 66 15 77 50 6 66 41 47 124 0 114 52 59 12 117
90 34 0 8 221 137 0 51 0 0 0 63 18 4 6 44 16 14 24 4 56 19 5 17 24 101 81 99 52 0 0 25 0 62 0 0 82 0 27 0 5 64 0 59 73 72 19 84 113 35 31 12 10 0 7 54 0 0 25 42 49 64 52 0 25 59 36 21 5 6 79 12 50 24 82 36 27 0 0 0 0 109 0 46 90 23 60 139 70 0 106 51 24 14 77 48 7 141 114 18 81 60 0 81 0 101 0 42 74 50 6 6 161 0 12 50 61 0 68 12 44 62 3 12 16 4 34 40 0 0 10 48 73 1 116 58 10 20 29 49 14 0 74 0 82 87 12 54 3 21 51 16 192 56 11 0 45 33 48 6 0 82 139 76 53 1 26 72 43 64 45 100 70 8 16 72 25 58 5 45 17 37 0 4 63 0 106 90 18 10 9 8 24 7 136 18 0 6 48 93 0 0 1 13 34 12 36 10 96 5 48 0 0 22 16 0 17 44 75 53 39 20 0 16 8 32 16 0 7 68 43 8 16 16 3 28 5 97 119 26 0 11 38 86 14 45 64 3 93 44 12 54 49 6 25 111
82 7 96 109 22 21 144 37 0 12 29 109 69 22 40 47 170 149 8 30 33 91 80 96 101 185 61 75 75 30 40 173 114 111 38 100 110 164 67 79 28 56 50 4 23 44 103 101 85 77 59 108 49 72 83 59 117 79 110 89 89 89 103 74 0 110 86 100 69 2 95 65 33 4 3 68 37 0 44 21 63 69 129 44 15 118 193 42 80 54 10 20 91 102 34 1 70 0 24 15 32 85 77 0 51 14 24 74 55 47 111 1 106 35 65 80 97 59 54 80 78 54 95 99 6 84 114 5 54 116 0 58 56 21 43 28 149 99 56 52 10 39 7 63 76 3 34 34 105 20 100 41 84 117 294 188 20 60 32 83 8 99 67 81 28 30 68 6 126 50 73 3 127 114 14 9 119 164 38 79 15 99 40 56 46 42 66 89 69 61 108 95 21 35 4 27 30 61 0 46 0 26 20 38 70 12 99 0 31 10 66 121 7 49 45 18 8 15 97 120 22 48 35 5 139 4 95 53 86 0 10 48 8 12 25 16 31 45 42 80 57 61 149 17 73 0 0 148 157 0 106 129 40 28 8 62
76 36 8 23 73 54 101 118 108 44 32 157 2 10 66 32 66 18 6 29 86 54 137 66 0 23 51 70 64 66 30 106 54 144 135 56 84 13 48 51 9 5 88 10 0 28 74 0 95 30 3 40 41 31 58 166 61 90 83 0 80 67 44 77 65 0 16 117 64 25 31 88 6 59 6 56 27 81 57 109 45 97 99 51 16 39 44 106 0 114 56 70 19 128 125 14 47 57 59 109 0 0 92 40 71 14 25 51 99 66 94 78 83 3 109 128 78 95 63 10 10 117 32 10 70 92 77 25 0 95 106 35 20 13 34 38 10 167 56 40 146 115 169 12 127 35 38 95 7 52 168 14 77 149 85 136 4 9 7 76 23 45 0 0 42 77 157 48 137 5 18 7 34 33 52 36 19 100 78 131 21 32 44 0 30 28 128 88 69 56 0 0 10 17 98 42 21 78 33 86 35 82 6 25 20 79 9 43 69 61 56 62 33 21 29 71 4 55 72 12 18 0 41 70 34 31 136 16 192 153 62 135 102 12 60 39 58 75 93 37 48 0 60 54 18 27 10 88 5 21 57 40 34 42 121 9
10 0 52 42 97 54 72 46 42 88 87 14 137 114 0 76 0 118 99 4 56 4 60 55 23 56 7 87 45 32 169 11 0 14 0 60 22 0 44 21 42 80 166 70 34 169 5 31 121 118 145 15 66 81 103 147 71 0 168 0 0 46 96 8 9 26 84 7 103 68 79 140 0 240 14 139 130 15 0 96 153 20 0 24 80 45 73 96 125 90 102 101 16 86 28 29 38 18 75 86 127 50 136 0 0 116 92 72 127 56 56 7 19 12 18 21 59 14 205 55 137 14 86 10 92 75 89 0 0 58 46 122 63 15 78 18 81 83 56 2 134 24 21 88 71 107 16 35 52 54 103 44 11 40 37 184 32 39 92 26 0 54 88 0 113 147 47 34 149 24 116 24 89 59 37 92 128 169 16 7 78 32 7 0 35 125 48 129 81 67 81 0 0 75 16 98 0 0 0 65 64 0 48 64 38 19 32 42 56 53 129 50 88 37 138 43 18 101 97 54 28 66 182 95 0 14 116 105 54 39 18 110 0 0 46 34 51 112 92 13 48 184 0 62 105 46 4 46 2 116 105 48 115 42 120 9
28 15 55 70 80 93 94 225 36 109 16 156 117 0 61 80 75 135 0 86 94 12 29 184 121 47 73 56 132 2 8 0 100 0 12 60 86 51 48 18 18 77 192 30 0 57 9 86 71 116 33 87 47 17 18 116 48 134 94 69 0 129 92 70 77 20 101 24 3 169 114 183 5 122 98 102 64 112 0 40 73 231 75 96 34 167 167 91 68 77 117 145 30 202 87 17 62 12 72 52 8 130 27 24 0 75 41 136 26 12 172 37 81 125 160 22 65 40 160 35 4 111 6 134 164 21 64 62 140 31 54 67 143 0 43 180 65 42 24 100 89 126 99 29 84 87 76 160 128 0 8 83 56 0 53 156 12 180 46 9 79 68 43 84 45 48 117 27 60 74 1 16 137 28 166 57 90 96 104 123 28 88 28 7 177 35 49 30 45 87 8 0 60 166 45 39 46 0 24 105 44 72 42 0 60 90 9 57 90 71 112 81 119 137 131 105 45 174 137 62 85 80 85 61 24 12 40 114 47 0 152 50 18 82 64 4 69 0 57 0 58 14 24 0 3 163 66 75 111 36 27 64 21 0 101 56
134 84 57 98 81 30 28 163 72 138 64 98 8 118 64 113 40 75 0 77 130 32 0 45 135 75 103 19 18 84 158 2 101 92 69 0 114 96 4 117 58 61 80 35 100 133 52 0 36 128 258 73 144 99 96 158 67 157 264 72 128 63 64 0 0 126 32 68 160 49 30 33 8 8 27 160 75 6 54 73 36 0 58 25 48 102 198 60 182 60 82 80 113 153 24 8 38 16 120 84 113 49 103 32 6 21 94 88 18 26 187 32 15 97 24 20 65 9 91 30 27 32 149 185 89 104 12 40 72 167 63 128 7 78 184 22 45 161 78 59 24 116 183 61 46 111 45 76 85 2 90 111 136 7 86 8 53 78 40 8 63 0 109 84 220 24 21 9 8 25 90 22 80 27 253 192 4 73 27 50 57 83 7 87 84 128 81 0 78 26 69 51 37 65 36 67 48 42 92 12 84 81 69 56 56 72 0 0 87 77 90 10 79 60 83 68 49 197 24 19 75 0 123 83 84 31 0 123 0 83 135 12 76 72 198 31 133 10 14 49 0 121 68 0 119 131 55 36 34 141 42 4 119 0 118 0
46 168 53 127 162 73 72 57 81 69 20 159 40 10 8 132 0 48 21 94 29 36 7 64 17 105 93 32 96 14 28 74 98 172 46 50 36 0 146 79 93 17 60 131 53 0 113 112 0 90 17 56 18 107 18 142 127 0 94 134 32 119 78 71 126 46 94 6 80 15 30 71 55 16 0 134 49 56 0 88 104 32 61 61 33 141 56 114 4 41 130 44 14 65 62 83 96 24 14 27 30 32 117 72 36 68 0 74 46 61 43 15 134 67 95 54 30 21 27 93 27 206 0 35 16 44 136 0 156 24 30 52 81 24 0 0 72 114 6 164 149 55 114 78 70 68 46 24 117 89 98 0 136 80 66 42 57 0 41 158 55 4 54 36 0 118 65 60 99 171 62 60 78 0 145 48 54 100 102 0 35 75 106 0 50 100 92 0 53 112 0 50 0 39 3 43 0 63 82 56 0 93 0 47 61 87 32 132 0 100 45 137 6 6 194 95 0 81 0 70 0 52 87 35 38 73 46 10 90 28 101 100 116 0 20 28 32 39 65 79 79 14 112 24 47 0 66 49 48 56 69 92 123 24 92 8
14 49 13 36 25 42 45 16 88 11 66 30 64 61 16 36 92 0 96 48 88 74 112 51 36 72 54 40 78 0 72 10 83 49 66 71 108 80 33 36 26 122 56 28 63 37 77 4 75 0 51 24 34 59 40 93 88 0 35 32 116 64 0 68 12 12 51 23 61 22 60 32 47 104 118 6 30 16 66 27 49 108 63 106 44 56 105 152 36 4 141 69 36 101 56 14 0 114 16 116 0 85 24 10 0 16 64 0 63 56 65 4 0 0 0 0 133 16 112 27 63 120 49 4 18 167 65 0 13 35 7 60 80 6 56 15 67 136 64 36 34 58 80 8 43 41 48 56 48 6 8 0 28 6 17 103 20 10 44 54 44 10 20 87 141 28 75 8 152 143 36 3 51 26 119 10 0 12 65 10 18 112 0 48 15 0 56 34 127 43 20 53 0 43 58 105 20 12 35 0 8 87 16 43 0 9 8 30 125 131 157 92 103 53 84 63 48 91 80 72 14 71 1 30 0 57 14 81 81 29 6 62 25 24 70 49 57 12 93 0 0 103 13 76 125 0 56 40 21 69 42 30 8 14 0 82
8 0 3 87 119 102 72 49 0 36 0 42 45 0 70 38 72 40 0 36 62 0 30 31 56 16 48 18 54 21 0 61 9 74 0 12 76 112 0 2 0 90 117 20 55 26 64 30 49 85 28 0 20 0 72 73 0 72 60 54 0 48 0 6 59 78 72 34 3 79 110 51 19 63 69 9 63 32 47 13 85 72 49 0 24 0 111 38 18 72 201 24 36 54 30 16 30 73 15 9 66 30 32 0 12 162 21 28 66 53 0 14 54 0 192 24 86 8 9 92 66 72 112 33 23 96 57 0 83 10 0 81 65 15 66 40 37 66 35 140 26 48 0 0 6 12 12 16 19 10 56 35 26 0 54 20 10 40 30 104 3 96 18 25 28 54 14 0 2 24 38 0 19 34 28 158 10 1 45 84 30 46 30 58 49 19 54 25 0 98 57 49 0 96 0 5 0 45 41 42 36 4 24 4 22 30 73 40 45 25 0 0 35 42 0 18 55 0 70 86 0 114 17 32 37 199 0 92 64 19 14 6 6 26 42 42 12 22 60 6 53 52 14 112 30 0 36 42 81 66 80 114 81 45 88 6
92 4 28 8 27 76 70 32 18 42 43 10 0 0 71 81 36 40 48 90 0 33 13 37 0 36 25 20 80 12 18 23 28 6 6 51 45 32 0 129 89 48 0 69 93 9 56 44 0 0 28 70 25 71 16 98 141 28 63 42 27 21 12 88 6 59 98 65 80 96 114 90 0 36 86 4 0 48 67 24 149 5 33 0 69 129 64 72 128 4 181 0 0 77 0 136 25 16 64 51 72 78 63 54 0 59 27 0 38 0 18 54 0 0 33 54 21 0 12 6 93 163 30 18 94 61 37 20 75 46 48 42 24 0 19 6 53 120 4 81 33 3 38 40 58 55 66 56 11 75 24 3 241 16 53 77 0 38 68 12 157 32 31 55 15 18 63 48 73 48 16 0 99 82 88 73 41 70 18 0 78 18 45 21 6 16 27 28 6 81 0 0 36 63 42 40 18 27 60 21 15 16 120 42 41 86 34 57 0 92 41 46 12 80 165 0 48 63 59 138 49 6 0 21 53 46 49 0 36 5 0 33 36 50 16 87 38 26 76 9 76 2 28 54 50 64 69 55 27 36 56 45 50 76 160 0
80 45 54 72 49 24 77 63 16 20 44 49 99 65 83 110 146 10 44 68 59 0 72 67 87 132 54 10 6 36 137 72 18 84 96 0 41 45 158 168 24 99 26 67 225 131 48 120 166 52 174 5 43 40 49 58 122 56 129 72 0 4 112 67 14 61 68 96 32 66 6 27 24 24 130 147 10 32 0 104 84 8 38 45 81 70 146 2 72 10 76 9 94 18 26 174 85 24 98 75 113 84 0 36 43 69 54 109 161 202 83 26 2 8 0 38 36 107 55 44 56 56 82 83 54 88 12 12 118 108 16 182 39 9 21 30 68 114 49 36 0 49 48 28 134 45 97 118 59 137 0 6 24 0 14 41 86 24 17 21 6 68 158 111 108 6 56 4 4 93 105 0 138 35 40 72 5 124 9 2 144 19 0 0 12 0 68 12 174 19 176 0 56 90 136 83 108 24 94 43 76 16 143 72 56 83 32 132 12 115 50 102 14 58 45 123 24 82 120 0 40 136 36 60 93 32 60 142 71 0 127 5 42 130 137 32 70 76 42 21 67 51 94 104 98 222 54 64 136 27 9 79 172 34 28 80
121 14 73 52 98 151 79 24 112 21 31 52 43 21 55 101 19 9 27 6 36 9 24 24 37 24 97 0 12 115 10 16 41 16 15 0 37 72 58 36 63 0 74 12 8 68 116 3 0 52 39 81 0 63 36 24 75 70 28 37 272 102 35 6 21 54 3 60 10 70 41 118 35 59 49 20 60 0 79 34 115 3 27 24 82 91 36 38 77 108 37 53 45 66 0 0 0 0 92 2 113 110 22 0 18 64 29 4 43 40 8 38 52 29 36 87 107 49 0 2 23 94 4 54 72 6 12 16 19 30 50 60 1 0 66 24 132 113 34 0 66 18 61 0 46 81 25 15 0 45 116 88 26 27 0 143 116 150 27 95 60 40 14 5 0 72 74 4 44 25 18 0 144 45 139 71 149 70 54 84 92 24 30 18 92 28 63 24 72 72 0 4 0 203 36 32 12 0 16 0 8 62 72 28 9 44 18 75 44 190 14 24 27 42 223 0 107 27 37 0 27 66 58 64 46 33 33 27 131 0 10 111 68 36 90 49 210 9 4 16 16 12 171 24 139 56 87 0 8 45 82 18 49 7 73 132
98 60 94 132 25 36 42 24 102 161 127 54 85 9 6 46 14 15 40 0 66 45 40 94 77 1 53 32 27 45 78 75 109 22 35 80 140 27 120 0 87 0 86 64 111 145 58 56 115 0 74 0 15 72 30 155 50 69 195 55 161 90 78 12 30 75 49 15 27 243 105 86 6 24 54 82 0 35 10 95 0 12 98 26 16 89 107 14 25 25 90 74 5 57 0 30 20 35 149 117 89 134 24 0 6 113 40 21 0 47 60 93 82 75 48 28 177 28 92 72 79 58 15 15 70 63 79 14 131 81 87 95 55 15 53 2 77 212 136 12 118 5 9 51 74 99 110 51 135 42 207 9 12 42 76 165 69 30 12 25 65 20 53 87 59 54 0 35 113 80 24 113 84 15 79 101 147 66 54 4 176 78 25 103 162 53 66 21 128 0 6 82 45 54 10 0 30 60 0 28 16 46 52 50 24 14 85 42 99 132 32 29 15 93 109 15 103 89 36 35 116 116 85 33 93 16 83 90 21 87 143 13 164 35 0 17 219 120 83 6 65 108 56 30 65 21 72 120 60 69 5 82 27 25 40 15
45 0 36 33 77 153 75 122 59 1 48 0 15 22 72 111 53 85 49 104 29 48 40 18 64 41 90 34 27 45 66 3 26 50 0 124 91 20 0 30 20 40 27 37 91 43 9 5 35 82 54 67 18 15 71 97 138 0 34 19 20 31 121 73 0 105 78 40 1 0 0 192 41 152 28 4 44 9 36 24 0 70 65 39 51 114 29 49 70 56 72 32 0 35 148 18 45 4 154 66 77 94 24 0 87 56 0 54 95 92 99 5 73 19 3 6 0 23 0 114 39 87 53 10 71 16 103 26 2 15 5 78 67 0 54 28 92 15 66 47 135 2 64 20 91 9 44 0 13 25 75 69 37 0 8 54 10 48 36 47 42 71 9 0 44 15 8 54 152 76 21 72 108 91 74 24 55 0 0 67 3 121 56 49 60 18 76 0 0 74 0 16 65 11 35 9 0 97 8 0 72 0 14 45 24 28 57 10 133 51 114 9 54 50 237 120 30 108 78 106 5 119 14 54 37 48 25 64 146 33 24 30 38 135 0 68 8 11 36 25 67 87 4 7 30 73 16 65 32 122 24 0 60 3 37 32
28 8 24 19 148 31 55 80 0 7 90 20 0 0 20 16 42 3 31 54 48 86 52 51 0 66 17 23 100 8 45 74 85 1 114 31 119 53 41 90 6 70 63 41 86 0 3 92 10 58 0 5 70 0 36 124 113 26 20 75 15 83 67 150 69 0 55 69 83 37 44 22 39 27 97 0 29 86 7 88 129 63 120 27 14 53 74 47 19 15 34 106 9 23 5 74 65 106 79 84 0 33 20 21 0 31 21 29 37 60 106 77 96 0 18 36 105 98 128 20 10 139 94 51 52 99 230 40 127 14 11 36 45 30 44 40 25 108 47 34 69 37 127 49 22 100 32 88 19 94 7 4 130 48 86 115 40 68 48 82 113 40 0 40 135 69 100 16 97 49 69 0 58 34 38 82 74 3 115 82 86 96 20 63 3 59 130 56 76 83 58 2 26 25 33 130 21 91 0 23 0 19 40 0 61 49 40 22 21 103 101 90 15 0 3 0 29 31 38 4 63 57 7 10 17 15 0 35 64 75 70 43 75 0 1 147 30 133 22 32 51 9 46 0 41 35 39 57 52 0 113 67 45 0 54 0
193 63 25 0 3 52 125 52 109 40 44 205 79 0 59 45 161 10 24 56 24 58 139 167 24 110 21 69 113 56 0 149 130 158 70 96 179 81 0 122 25 41 0 165 104 9 72 131 46 47 188 40 53 71 0 71 59 96 116 146 0 30 24 234 42 55 53 141 40 0 147 32 36 32 56 52 8 65 134 136 91 8 45 45 0 108 91 61 7 159 72 18 152 79 101 112 28 130 54 0 0 91 126 81 59 139 48 48 75 98 36 56 72 17 125 100 118 78 38 90 97 169 81 83 0 18 45 0 36 106 0 126 54 23 122 14 40 143 12 8 118 72 125 92 84 25 39 112 18 103 136 26 206 118 35 270 45 42 0 80 67 73 78 40 67 81 41 18 180 30 95 63 124 122 108 77 28 80 83 94 149 180 27 70 101 56 1 133 142 86 69 18 0 131 35 103 0 165 7 47 56 90 99 36 133 42 0 45 14 111 62 90 36 10 60 78 56 76 51 16 15 64 13 50 7 6 182 40 203 123 83 65 90 97 55 87 15 170 94 18 23 109 107 16 135 96 70 32 137 6 143 160 63 18 86 25
37 0 21 36 58 9 109 124 12 55 45 132 40 46 14 19 14 45 61 4 19 53 64 69 24 123 52 66 49 137 36 68 112 115 113 6 4 28 139 99 18 78 60 0 88 56 11 76 5 22 102 51 36 56 88 28 28 28 53 16 8 88 153 1 0 76 15 62 26 48 84 2 20 104 141 0 105 0 20 22 48 6 79 21 40 27 25 45 0 180 85 43 40 75 9 64 0 30 92 111 0 42 133 0 114 0 20 63 106 85 103 115 62 4 43 78 52 1 20 94 3 44 0 15 0 172 72 19 62 121 110 42 26 36 73 7 13 103 64 21 84 67 143 24 88 55 23 21 53 28 117 65 40 0 50 103 0 47 24 27 24 8 40 73 61 4 75 3 151 16 196 0 140 3 41 11 104 135 94 3 40 28 16 84 32 0 83 144 122 90 77 54 42 122 114 98 2 25 48 13 24 38 98 6 21 72 70 120 14 14 98 0 48 4 12 0 84 58 131 2 16 40 9 48 14 34 122 32 13 66 36 120 109 68 140 17 69 149 8 0 62 52 8 133 62 96 14 73 0 42 67 68 87 28 108 0
0 9 81 124 48 97 0 8 86 14 42 0 117 64 80 86 173 168 18 0 81 58 43 171 172 37 24 40 96 73 109 22 8 28 146 56 160 104 154 96 83 109 22 40 108 18 65 64 49 25 89 81 162 78 9 168 168 64 103 23 76 49 27 58 27 106 40 137 63 69 95 76 25 88 97 304 175 0 81 167 99 128 118 2 53 99 171 22 10 63 48 54 76 16 95 81 30 9 26 18 90 158 28 24 24 104 102 71 143 68 85 58 102 80 24 18 78 98 46 68 7 35 28 98 131 149 116 12 74 117 91 99 35 0 58 76 50 54 87 81 38 52 161 107 6 73 84 246 216 60 136 70 0 0 134 88 69 60 63 38 70 56 0 227 45 137 81 21 81 80 188 28 197 69 111 18 14 139 0 0 156 0 16 0 54 17 43 9 48 46 45 42 83 136 104 87 140 89 124 48 194 0 106 93 48 73 128 265 6 71 117 123 36 108 243 86 39 28 226 67 46 103 50 24 108 57 131 0 94 42 81 49 135 94 36 44 28 45 115 51 0 46 36 40 42 18 0 117 64 115 98 168 21 130 92 137
30 3 77 0 148 99 144 79 0 16 47 22 203 14 63 116 81 0 3 0 40 72 0 143 0 96 36 0 40 141 0 77 17 18 12 60 98 0 63 12 0 41 164 0 82 12 103 42 0 68 47 78 51 0 62 0 54 12 0 24 104 0 24 80 146 127 89 72 128 30 63 74 54 54 20 69 76 30 82 38 71 97 44 48 0 9 20 46 61 17 12 122 35 6 7 63 87 23 124 65 0 40 128 32 42 84 107 125 88 25 49 0 68 71 5 81 15 107 73 18 8 216 0 93 28 0 97 30 44 9 24 62 42 27 42 87 2 123 50 72 100 99 63 72 16 81 72 67 102 89 100 8 36 8 40 86 81 159 47 7 127 6 24 65 6 117 33 0 77 64 4 101 134 122 25 7 141 80 54 0 80 56 18 0 48 47 39 63 108 42 30 8 0 16 90 127 3 0 28 12 0 16 16 30 20 136 24 127 58 56 55 168 50 5 213 0 53 18 0 0 18 128 117 103 59 45 126 91 18 34 80 58 123 116 0 0 129 3 37 81 17 90 122 0 0 6 90 72 66 72 32 48 72 113 58 91
0 0 48 54 45 6 36 91 6 81 117 18 18 52 72 20 4 23 18 72 36 24 99 81 94 126 52 0 147 153 12 72 72 57 120 3 186 42 120 49 118 18 77 34 114 66 25 94 254 0 32 44 151 26 60 149 119 64 108 72 171 27 99 128 47 15 89 128 6 96 125 194 6 20 27 59 70 146 42 38 36 8 91 24 36 90 205 36 102 26 99 72 78 16 114 31 84 0 217 187 0 98 20 25 129 24 96 8 189 12 63 27 183 12 33 64 72 7 0 185 0 134 67 173 18 21 58 52 90 69 84 69 61 54 157 15 39 24 33 151 120 39 42 101 36 42 95 34 63 0 108 120 70 45 29 139 81 135 66 81 39 8 133 60 21 66 66 24 6 108 87 81 228 136 117 30 39 104 121 118 96 72 201 63 107 101 24 6 79 0 78 171 57 76 71 16 83 126 28 78 36 0 16 128 0 56 41 86 72 179 72 111 64 36 61 57 33 86 68 39 66 60 81 26 153 0 231 112 99 90 60 32 86 63 75 32 131 144 34 42 174 154 153 0 180 0 51 68 36 117 25 81 11 45 85 76
98 0 48 42 92 34 6 36 36 63 0 108 37 0 111 24 72 8 60 0 73 0 53 51 101 144 45 48 16 54 45 117 25 42 44 0 20 45 68 63 46 47 0 14 187 85 96 50 0 15 48 65 97 30 41 72 9 18 172 42 135 44 153 86 117 73 14 110 79 5 58 40 111 72 81 132 75 21 54 45 51 3 93 36 78 6 0 19 88 6 49 69 15 10 21 10 0 103 170 31 108 83 0 108 7 78 0 14 4 0 37 14 109 0 0 72 184 117 92 128 37 74 0 65 121 35 96 21 63 20 32 83 0 53 72 78 63 112 114 45 68 28 137 45 46 113 0 49 36 112 0 123 121 52 20 36 40 49 0 45 20 0 73 25 50 38 18 0 112 35 94 0 57 3 0 157 121 47 20 20 20 58 21 40 77 52 45 0 68 0 135 45 119 123 152 62 0 128 117 76 12 0 111 18 88 41 39 30 32 84 66 14 18 24 36 67 105 98 21 0 44 7 43 92 31 13 0 105 63 66 88 32 75 0 101 30 38 97 58 86 0 56 29 72 14 94 12 19 156 61 110 75 88 28 42 80
25 21 0 64 57 54 20 36 85 48 18 0 8 89 41 0 116 13 87 40 57 7 0 15 0 64 0 6 115 16 32 87 6 23 52 141 0 114 6 57 91 62 132 0 87 0 0 0 62 0 0 0 0 1 64 48 26 64 128 76 63 0 64 112 0 64 72 44 0 3 108 0 28 6 16 0 0 46 8 0 21 36 0 112 12 66 64 18 45 16 0 16 64 22 7 8 56 24 138 44 91 0 74 0 48 75 0 13 35 16 3 0 49 63 35 22 0 47 120 0 0 13 8 36 0 12 32 20 16 65 74 56 18 15 74 45 39 8 16 53 32 117 104 18 104 24 8 20 49 6 126 149 84 16 91 104 80 44 110 35 7 120 2 7 18 0 156 0 32 109 35 72 0 32 81 96 0 116 0 42 56 8 88 60 31 56 70 48 0 35 0 0 81 0 72 8 0 0 6 0 121 0 12 0 68 3 10 72 66 38 68 40 0 139 113 9 5 22 16 112 38 72 64 22 15 8 0 16 69 48 146 68 169 52 24 0 21 45 112 42 145 153 8 27 36 16 21 48 55 118 36 23 8 27 103 62
108 42 33 207 33 30 107 4 0 120 0 294 42 35 127 30 207 9 57 68 59 0 159 36 126 79 51 72 111 101 64 111 30 188 127 70 130 56 57 87 59 62 45 28 126 62 26 129 9 39 95 35 48 18 34 108 107 0 130 36 137 40 24 8 40 87 38 178 160 64 67 55 34 36 155 39 66 40 117 74 165 102 88 112 92 93 129 20 121 83 34 52 70 30 88 100 32 106 156 182 174 107 93 54 170 67 18 49 156 61 82 38 76 91 84 168 118 86 66 106 59 104 0 65 88 0 51 23 59 108 5 71 58 0 177 17 48 56 46 35 84 129 89 30 60 165 109 0 12 42 227 56 135 156 6 261 57 40 125 91 74 30 84 48 13 76 32 41 78 48 109 25 151 77 56 115 123 138 33 63 82 129 36 46 124 2 113 107 147 68 15 6 106 85 50 24 32 67 158 76 24 47 52 81 36 82 0 68 93 40 6 74 8 90 188 3 0 160 110 151 179 13 34 16 44 165 193 48 118 65 91 102 136 40 36 8 18 76 72 75 96 82 48 127 18 54 44 46 68 146 0 67 0 69 40 42
30 46 75 0 175 42 90 207 54 29 70 121 153 167 111 24 90 0 29 0 81 112 0 173 190 50 99 136 166 86 183 215 65 16 205 49 140 23 195 113 140 91 54 0 68 37 41 144 97 70 116 8 25 52 86 70 124 35 78 95 121 32 119 36 92 68 162 3 94 56 138 68 59 0 177 25 46 75 0 12 140 108 162 45 60 80 116 54 57 132 57 20 104 75 38 169 24 3 115 75 47 72 24 0 30 8 37 149 74 120 127 43 114 107 44 79 97 31 217 110 43 55 81 28 137 211 152 34 40 23 46 0 121 145 64 84 35 237 42 172 76 97 124 24 26 139 9 113 157 95 86 49 24 8 213 149 100 47 101 94 35 18 133 25 0 68 72 0 66 218 36 21 60 125 201 87 137 24 117 110 157 19 20 56 126 49 222 156 66 29 0 0 60 115 147 69 52 19 7 13 76 46 146 12 24 93 67 108 119 94 116 109 57 118 61 75 60 0 0 58 0 64 89 94 15 85 30 137 32 42 209 43 91 36 0 36 120 71 24 191 33 36 80 184 131 120 72 59 29 21 56 15 81 1 227 127
28 35 77 46 106 19 16 62 34 48 0 18 0 58 22 2 132 0 83 12 6 12 99 53 49 80 22 63 116 49 3 96 42 20 57 22 0 16 25 0 32 48 147 4 91 0 56 68 114 39 14 0 12 34 24 110 15 85 135 77 40 40 46 7 59 10 72 57 0 42 16 31 7 98 105 0 0 49 3 30 63 27 19 8 16 28 162 8 116 54 20 36 7 26 36 7 74 0 12 89 74 8 0 0 0 88 0 79 45 80 0 21 122 105 22 39 12 0 21 0 56 37 47 80 91 83 76 61 6 70 31 75 26 36 38 66 25 96 35 87 70 98 145 4 87 20 56 83 0 72 167 142 136 0 12 35 13 199 14 40 51 99 109 83 12 54 16 0 28 64 15 0 91 65 12 70 71 38 75 0 17 61 70 84 38 20 70 137 39 21 6 85 6 19 87 2 12 48 18 86 44 38 49 23 18 54 83 15 57 52 15 84 25 10 84 87 47 58 0 72 0 56 63 42 64 18 153 97 53 39 14 72 35 120 5 0 39 75 6 27 75 92 57 21 73 152 58 8 27 139 43 165 44 142 122 143
10 0 65 21 55 30 40 43 0 63 0 56 9 69 16 43 10 35 36 5 6 87 81 80 58 14 100 38 33 4 6 49 12 16 0 43 3 18 15 19 102 13 76 58 91 68 54 14 68 16 86 0 0 12 58 108 62 117 67 38 18 5 40 48 0 89 70 22 55 40 45 20 74 24 33 92 44 0 0 16 20 35 20 2 128 43 0 13 16 18 53 25 0 33 8 11 91 0 107 0 97 4 5 63 89 68 4 18 10 54 16 9 87 27 11 62 27 42 0 43 91 201 31 4 67 56 48 24 41 5 12 8 53 0 15 12 9 0 4 61 7 76 18 80 28 37 85 50 174 0 41 28 52 0 133 74 54 28 103 27 6 43 58 18 5 20 7 65 24 6 45 0 120 42 64 10 63 85 94 0 53 9 57 14 24 21 40 0 36 4 2 0 48 81 15 70 6 0 33 19 4 0 64 63 130 36 82 53 10 17 35 11 46 47 45 36 58 53 29 104 6 36 27 27 9 114 29 38 86 37 120 23 1 51 12 0 31 15 27 14 88 4 96 30 20 56 60 88 10 12 18 52 31 33 54 41
33 3 22 40 61 65 155 31 171 79 71 40 56 0 9 93 114 81 87 20 86 0 30 29 18 54 94 51 108 10 96 91 0 125 51 205 34 48 94 35 124 67 47 30 96 28 104 30 83 96 111 74 103 140 142 96 113 0 106 50 145 52 0 90 85 81 83 125 29 128 158 59 178 166 112 90 57 40 3 114 69 44 84 108 74 36 171 64 0 159 122 72 24 90 64 131 195 33 12 54 123 180 76 36 16 183 36 12 34 40 0 62 75 56 88 52 156 55 126 84 72 136 42 30 79 72 147 60 78 76 30 106 79 63 66 21 19 309 76 17 8 57 127 42 84 76 64 37 148 43 18 164 76 20 94 174 51 80 60 94 104 61 28 76 100 96 60 12 112 55 146 18 165 15 161 52 35 133 30 44 77 15 76 47 137 0 97 86 81 98 45 15 87 202 106 0 49 43 62 27 8 24 17 12 8 61 25 68 114 157 105 61 141 50 251 90 81 151 80 123 99 0 65 56 47 93 149 21 24 139 119 118 99 46 139 21 175 53 82 6 81 92 95 36 142 102 15 54 40 120 54 72 95 125 193 15
75 0 49 109 115 100 104 49 30 59 76 50 53 28 82 115 9 0 30 37 32 44 45 28 45 101 45 8 83 15 0 122 32 101 3 12 0 0 8 36 37 88 78 40 5 0 43 16 20 45 32 32 14 50 7 19 46 0 0 0 77 48 0 0 87 0 40 24 13 29 15 75 35 10 54 4 40 8 99 97 26 30 8 55 0 52 63 120 50 24 36 28 95 49 20 48 0 105 26 27 0 51 58 64 3 28 6 44 41 0 53 0 9 76 1 16 9 8 0 57 63 164 0 2 88 69 22 18 24 29 57 14 68 104 72 28 22 143 0 52 84 8 119 30 36 23 28 51 84 24 99 6 7 57 15 76 23 81 87 8 10 25 2 7 0 82 75 0 134 32 0 0 74 103 28 0 115 82 41 30 0 56 0 25 85 55 121 13 119 11 6 32 28 13 18 15 0 20 0 3 38 61 68 25 0 104 94 35 9 79 42 2 89 8 132 0 20 91 0 56 57 63 53 84 62 56 78 88 36 15 57 90 63 67 56 0 118 35 0 27 86 64 132 45 0 61 39 48 54 78 24 116 59 21 18 63
20 0 5 91 81 50 12 130 6 25 0 35 0 12 7 0 54 76 41 20 77 28 21 26 17 38 18 33 0 0 4 32 4 2 68 153 28 95 19 0 24 65 26 132 33 24 36 13 56 32 57 40 0 25 34 56 8 0 89 125 92 109 158 9 0 45 20 0 13 72 72 0 49 86 59 80 3 36 0 0 56 70 6 116 40 56 8 102 20 16 40 88 56 48 53 24 6 21 24 4 78 9 0 4 45 61 57 155 12 0 15 3 82 27 113 0 61 29 106 0 53 20 0 12 18 0 4 50 9 43 48 66 105 0 53 35 80 18 4 8 74 24 11 101 35 39 4 32 96 53 15 94 14 46 12 147 19 24 84 0 0 98 6 40 9 7 101 0 6 0 56 0 37 8 0 18 165 45 19 40 18 32 54 64 16 7 177 60 36 0 37 0 11 6 0 21 10 63 58 16 44 14 30 49 20 12 4 35 0 53 6 75 0 52 44 0 6 60 13 81 12 1 157 16 24 63 0 6 59 16 44 20 42 0 21 12 28 54 82 0 56 101 46 0 7 12 72 35 19 115 4 59 89 0 12 76
24 27 104 141 156 71 58 113 115 81 65 87 50 24 41 71 6 72 62 67 59 265 132 12 7 230 0 48 36 108 63 66 64 137 81 80 109 9 138 66 65 82 35 55 89 96 28 88 212 116 68 94 90 27 75 36 48 128 148 17 86 110 81 48 77 63 200 75 58 91 110 22 8 113 68 0 15 110 0 101 46 27 112 130 66 70 85 129 70 112 55 68 28 50 12 66 89 5 83 54 78 45 16 84 69 94 72 49 177 82 81 124 172 40 0 28 106 93 172 53 10 46 113 73 72 49 101 14 80 22 8 58 6 14 94 0 84 105 14 121 36 52 22 94 8 60 0 106 68 72 0 106 26 91 56 168 30 86 126 15 45 131 63 39 16 96 80 10 73 32 170 172 132 56 51 42 212 204 121 102 54 24 52 78 0 16 165 54 6 18 186 69 16 45 61 97 0 134 15 43 0 7 116 8 106 120 48 79 0 76 28 159 29 22 115 24 76 42 54 16 52 57 78 67 50 9 215 63 34 4 47 112 38 16 40 82 165 141 12 54 131 38 81 12 81 96 22 32 141 16 74 57 132 80 18 141
96 6 4 41 218 24 57 9 39 32 46 36 0 68 12 0 48 76 112 27 9 134 18 16 37 30 82 18 54 157 108 97 79 58 87 36 15 57 94 0 71 18 1 5 68 49 74 92 17 58 14 0 106 18 2 120 145 0 61 18 70 29 40 27 22 32 46 39 6 27 89 0 2 148 14 0 63 0 88 23 58 13 95 155 70 35 177 39 44 11 20 18 113 61 14 32 65 22 119 42 81 72 48 0 34 0 6 102 0 32 16 17 57 5 15 16 8 79 71 60 76 4 16 46 63 138 26 0 77 17 81 75 23 72 46 27 65 87 65 0 44 65 50 7 88 12 6 109 149 85 84 0 18 68 56 113 119 62 40 46 0 95 18 95 70 24 3 20 78 16 76 36 60 0 0 86 40 43 5 4 32 91 0 77 35 66 18 44 63 0 21 72 98 31 50 79 0 6 0 0 0 132 0 156 0 26 96 71 39 21 121 63 67 63 112 79 27 0 62 104 26 97 73 46 134 0 0 152 72 5 285 47 70 10 1 34 114 44 34 8 24 62 78 14 63 33 49 33 6 14 3 4 35 81 39 80
36 0 12 24 150 86 54 21 109 13 18 38 42 47 17 18 103 26 90 21 7 73 42 27 32 40 12 111 138 56 38 123 54 103 0 69 8 94 42 78 150 35 126 109 64 40 120 24 0 192 0 170 72 69 169 85 3 7 56 98 92 34 103 63 0 0 122 15 54 7 136 6 90 79 89 0 27 0 32 0 75 72 60 93 52 107 152 95 62 24 64 125 38 40 0 42 48 81 99 55 57 0 12 6 72 0 81 14 50 40 0 5 121 30 28 15 109 85 62 87 145 8 14 34 89 120 0 84 10 72 102 47 175 17 99 70 121 0 0 0 0 111 64 0 78 62 18 0 94 0 80 105 103 54 81 80 124 15 80 61 0 105 66 29 37 0 63 0 96 31 32 0 58 18 100 59 95 137 34 20 0 16 54 103 45 59 85 111 117 23 42 0 70 46 116 66 0 63 42 14 126 63 50 50 18 75 43 99 49 105 142 0 18 83 77 9 0 60 71 91 0 63 3 20 0 145 12 5 39 72 90 0 54 14 12 65 66 70 110 27 51 117 76 48 54 61 7 40 45 129 37 15 0 14 159 57
0 0 133 39 18 45 100 137 34 78 48 50 0 30 13 18 30 42 72 12 22 245 113 38 9 113 0 56 4 20 206 66 47 72 84 0 94 62 18 66 30 0 35 48 0 40 42 4 0 48 131 161 133 0 78 0 44 111 22 67 35 56 191 99 10 36 104 48 79 60 0 54 49 38 73 0 85 92 9 18 97 50 79 65 28 193 114 105 86 56 83 18 0 46 48 78 0 6 72 123 175 16 54 28 90 8 0 28 48 40 54 68 80 2 115 63 165 42 205 31 104 63 28 34 41 120 70 14 72 48 56 31 77 40 135 0 151 161 10 87 24 45 58 96 30 42 39 0 68 12 0 86 0 13 53 117 18 45 0 38 6 0 10 35 39 42 88 45 110 1 44 58 54 76 42 241 180 53 99 64 115 46 80 65 0 98 89 72 104 29 6 24 4 86 0 35 36 55 83 59 0 0 52 0 65 14 0 41 8 81 128 89 7 36 46 0 22 32 40 92 50 0 79 49 48 30 63 72 19 29 47 27 57 0 32 63 72 135 62 30 24 41 28 52 63 40 20 54 72 46 8 60 139 48 65 80
0 0 51 41 58 16 145 21 30 0 19 63 46 12 20 0 6 18 33 9 80 42 24 66 7 0 28 138 12 21 42 12 67 6 85 83 41 11 74 27 37 7 61 0 74 20 3 65 52 55 29 48 0 80 127 65 0 9 32 42 53 4 63 0 26 40 48 17 24 89 51 64 4 34 55 16 21 73 30 64 71 53 4 10 107 5 0 6 47 86 111 60 8 59 30 30 82 63 49 107 105 63 34 129 112 30 75 55 55 12 0 56 154 9 72 73 102 18 46 14 66 20 13 51 16 91 7 185 68 30 38 0 72 4 145 27 81 173 7 54 40 27 62 25 28 55 12 31 53 27 48 55 121 9 87 115 63 50 41 84 42 38 13 16 41 2 36 3 22 43 46 2 51 32 47 104 36 67 122 53 47 43 24 68 53 48 122 87 0 0 4 32 72 20 32 1 99 35 77 99 60 0 22 9 12 95 0 90 73 129 40 110 15 30 14 46 123 53 65 0 79 7 16 34 0 17 86 20 32 96 18 67 117 66 98 22 140 193 0 0 93 0 16 111 86 49 107 0 39 38 0 43 81 9 95 141
0 18 10 0 215 12 78 94 48 56 168 15 28 12 67 0 0 85 42 0 36 60 35 48 50 82 7 5 168 155 40 39 279 103 60 0 103 81 121 163 24 59 77 24 197 165 152 106 92 42 67 54 120 84 145 88 112 63 0 0 63 114 51 45 69 45 98 130 97 3 127 158 46 67 54 79 25 12 0 56 111 8 98 88 0 110 63 33 189 82 110 172 43 54 8 63 152 31 100 46 86 104 116 0 72 27 54 162 185 24 56 93 74 0 53 114 128 73 161 60 88 62 149 49 150 101 153 46 18 49 29 48 94 27 83 0 121 97 5 89 120 3 107 60 9 99 115 77 83 15 84 37 20 12 109 184 48 33 15 71 21 0 61 108 10 81 53 44 142 72 0 174 29 99 0 198 206 80 56 16 104 14 0 0 0 146 151 142 79 76 0 48 76 24 113 118 43 9 54 62 114 91 16 6 9 26 72 0 72 60 68 49 18 24 215 69 81 35 150 0 98 4 29 52 14 3 68 120 10 114 93 47 126 32 63 30 97 36 4 93 56 37 76 6 14 32 33 42 51 48 63 58 107 11 12 43
73 18 87 37 0 37 103 27 49 45 18 88 4 32 91 60 12 0 18 86 0 24 60 27 32 0 0 0 132 102 0 190 68 10 64 88 66 83 56 0 101 93 47 30 105 18 36 24 21 62 0 28 21 42 36 0 106 92 24 18 69 20 29 88 28 0 45 64 10 21 42 40 0 158 19 0 77 10 88 32 79 0 76 0 24 55 66 0 5 130 68 26 64 36 25 0 61 7 128 63 30 0 33 39 81 0 36 0 41 12 64 9 80 16 43 76 97 4 16 39 27 78 0 93 8 144 0 34 49 144 96 47 36 0 114 9 32 71 0 72 16 139 84 42 18 9 49 0 57 54 97 153 167 47 100 52 87 160 0 27 0 63 0 0 16 93 168 0 9 88 0 97 162 0 0 81 16 34 24 156 24 54 77 87 63 99 48 32 25 65 8 56 41 54 100 8 16 72 0 25 16 32 0 92 24 27 32 35 8 83 72 0 6 28 155 25 141 10 45 14 10 72 13 41 93 0 32 15 95 83 36 43 36 71 125 18 186 16 106 0 20 196 51 0 151 85 75 40 44 82 49 28 15 24 90 67
30 0 122 64 14 4 10 60 25 49 0 193 108 0 43 6 63 53 94 51 39 0 60 183 105 78 182 67 39 18 32 90 90 68 93 11 37 2 109 64 37 124 42 9 123 13 18 64 102 46 76 22 15 70 33 36 121 63 4 12 54 45 86 169 8 54 64 80 106 14 49 0 48 80 72 0 25 6 6 6 42 9 106 30 90 18 111 0 0 86 152 41 73 84 34 107 23 58 30 49 2 188 119 54 113 11 69 112 25 18 0 21 12 18 52 14 54 21 115 3 103 6 5 39 117 115 24 67 151 58 7 98 75 24 1 48 120 110 12 184 42 112 153 48 108 18 36 41 106 60 72 29 87 24 89 143 48 56 98 32 36 46 92 73 10 51 113 48 137 76 96 28 119 22 76 102 22 41 49 15 150 15 17 14 55 84 0 12 47 39 54 18 69 197 125 126 102 117 33 0 0 70 144 0 80 109 23 138 14 201 70 72 84 68 54 74 184 35 71 0 30 20 11 17 15 118 110 39 68 63 40 75 83 30 39 0 121 66 61 52 8 4 96 90 107 78 34 72 156 30 64 145 14 15 28 56
6 42 114 36 167 24 85 21 63 117 63 112 0 36 0 79 10 2 24 8 176 52 61 195 80 71 82 101 28 66 12 12 70 95 91 54 88 31 145 66 41 104 40 5 32 40 95 139 8 63 93 16 7 99 46 72 14 35 57 87 73 79 5 23 106 20 94 62 97 0 101 178 58 64 138 80 27 56 38 28 28 202 40 116 0 9 80 170 5 40 44 96 41 0 52 2 97 117 120 154 45 45 56 0 42 71 6 108 41 52 92 70 151 26 41 43 153 136 192 110 8 81 46 79 154 48 143 32 0 9 32 54 89 105 15 35 36 42 58 40 64 154 11 56 0 52 0 58 136 43 7 34 23 144 53 64 59 6 8 56 70 8 108 45 57 0 10 51 146 136 123 8 86 40 54 56 105 99 113 61 0 43 0 65 3 88 123 108 21 0 4 8 3 107 52 66 21 63 12 86 36 100 1 85 35 63 72 185 25 42 175 148 20 24 17 40 97 30 99 0 82 72 37 40 0 36 0 64 105 79 94 0 97 3 60 11 54 64 45 52 45 14 33 106 141 64 61 92 108 9 39 15 81 68 82 96
67 15 119 72 80 226 36 106 72 78 66 117 63 46 3 0 42 117 105 71 56 88 72 68 13 63 93 103 72 48 43 103 35 0 100 0 92 24 190 30 33 10 105 60 41 0 85 113 27 44 158 121 15 0 9 33 65 56 157 5 108 43 36 25 77 32 76 79 49 27 46 210 54 116 38 5 45 54 0 9 80 205 63 8 77 87 139 119 166 116 82 201 80 187 68 16 103 0 59 3 140 77 70 4 83 103 0 94 39 46 118 18 172 86 116 14 62 35 35 20 40 110 36 128 166 56 201 52 28 42 116 40 105 0 20 107 116 80 59 0 163 76 114 84 107 36 48 20 113 108 161 146 5 8 45 143 84 155 40 191 77 70 49 112 23 72 75 28 96 76 167 5 118 123 64 85 209 131 95 0 107 49 86 138 64 45 154 72 160 47 15 96 35 0 57 0 19 54 24 20 121 92 80 9 96 160 27 173 39 159 24 72 54 145 209 15 9 63 30 15 27 200 175 18 77 24 247 132 122 60 110 193 201 0 10 0 116 203 36 18 40 76 78 16 78 56 58 96 0 137 63 153 48 129 48 72
58 6 14 32 88 50 64 24 29 24 61 113 94 0 0 0 48 15 16 0 51 8 4 48 94 35 13 60 98 0 131 58 0 105 0 80 14 0 48 66 45 34 28 10 46 46 12 89 15 0 5 15 93 24 91 82 109 34 52 0 94 73 34 54 40 70 76 9 48 0 9 10 49 72 139 24 0 0 14 32 52 48 40 32 46 0 27 58 54 39 78 54 60 39 28 59 92 0 20 24 0 121 56 0 0 35 12 0 37 42 0 12 51 0 0 0 68 42 27 40 0 0 0 62 40 107 208 56 68 62 74 83 42 12 24 52 59 45 66 70 24 74 43 14 96 32 52 21 72 51 62 38 62 12 123 69 105 41 0 55 54 62 0 48 103 36 28 0 297 35 29 0 116 27 96 12 16 0 54 60 18 69 129 0 6 32 35 28 0 54 0 0 26 113 30 0 0 80 0 12 87 0 36 0 46 83 25 0 0 85 6 74 76 19 88 28 68 16 91 91 0 0 0 18 0 94 18 42 30 27 46 34 12 0 76 6 47 3 20 18 0 46 46 0 74 65 14 30 180 39 106 99 84 2 4 15
62 36 107 55 73 58 103 257 50 112 56 206 72 39 40 52 53 162 54 40 32 45 0 70 57 144 19 85 96 142 114 92 58 72 101 0 32 105 117 30 45 74 43 52 138 66 120 176 87 107 120 37 89 16 28 147 214 18 65 65 50 160 112 35 42 9 178 0 90 191 28 129 12 62 181 75 9 32 46 99 90 62 75 16 74 138 268 95 71 95 101 4 64 215 70 36 114 0 40 119 144 52 122 0 66 1 27 44 128 52 168 137 68 64 177 128 81 0 196 62 158 0 127 80 28 115 99 42 112 54 110 40 190 24 106 35 135 213 24 48 21 99 145 42 30 44 108 70 163 40 5 89 111 63 159 130 80 56 108 103 9 2 105 50 89 32 98 36 156 114 72 95 370 113 58 170 126 136 42 84 82 88 36 195 40 148 58 210 173 123 137 157 48 36 63 49 75 69 16 111 0 64 124 88 87 21 40 48 12 25 168 170 32 22 143 12 66 64 107 184 66 83 99 105 228 13 63 139 53 35 177 154 49 126 46 25 50 63 36 52 118 74 33 24 48 129 12 73 98 19 105 87 15 72 38 98
30 99 28 108 105 120 146 36 56 40 111 35 71 16 25 205 3 14 73 7 8 58 61 16 49 42 7 93 50 104 86 22 173 98 78 237 55 5 86 87 38 52 71 56 92 77 107 100 72 154 81 80 21 52 187 38 158 56 44 9 8 41 29 167 2 72 102 10 220 78 80 30 83 120 58 30 2 55 73 80 6 69 65 78 57 25 7 7 30 126 90 111 47 173 42 60 26 98 55 80 34 58 75 9 7 32 99 24 49 20 91 0 87 83 25 18 191 37 53 113 78 48 109 7 0 7 128 42 82 6 9 93 66 0 30 33 134 41 57 85 30 18 18 14 5 62 28 67 72 8 2 104 61 78 62 125 79 72 12 71 91 0 0 52 78 148 116 0 143 0 48 12 196 18 50 67 8 107 84 48 130 15 3 0 143 0 154 36 46 42 42 70 72 30 25 66 8 0 105 30 27 125 16 142 19 6 0 75 8 91 32 30 231 8 274 27 0 129 21 49 80 62 122 50 28 0 108 90 2 26 45 0 0 51 83 20 18 81 56 26 135 96 142 9 80 83 85 18 14 59 60 61 107 32 41 7
92 104 86 170 190 87 70 146 84 44 58 70 52 172 105 78 120 74 207 91 151 43 184 93 54 0 85 118 105 0 9 78 12 18 114 162 96 41 245 247 123 74 42 36 111 80 56 101 103 111 50 0 9 95 50 159 111 62 153 237 90 58 4 80 32 98 82 90 122 0 34 78 26 136 54 56 109 27 25 8 125 66 60 97 96 239 75 156 110 110 40 2 75 18 6 109 114 41 163 74 125 150 176 0 95 119 66 135 78 4 48 97 154 141 33 30 51 11 171 58 218 57 56 90 125 36 138 66 118 68 68 126 113 32 10 65 150 0 47 67 67 48 97 18 57 129 37 142 75 104 120 45 169 56 103 124 85 42 54 123 100 76 20 78 56 64 79 37 104 239 73 111 83 67 186 78 6 104 98 42 62 124 103 21 51 158 160 56 103 114 66 65 110 116 43 137 94 29 41 8 121 70 48 101 24 56 107 150 104 45 178 156 24 172 62 98 14 151 64 72 131 63 9 138 3 12 74 57 245 116 89 101 181 67 38 52 36 25 6 137 85 65 36 160 42 35 122 51 95 73 63 12 37 35 72 120
60 17 37 6 140 76 40 4 65 40 5 166 0 3 58 40 88 111 43 70 38 35 32 63 91 4 237 133 78 41 200 38 35 118 64 6 87 106 75 42 68 11 72 23 113 88 112 139 35 54 135 36 0 67 60 112 37 66 83 5 62 82 57 12 30 19 252 58 12 22 12 55 13 80 154 4 104 55 0 16 34 30 9 28 48 47 172 144 84 32 108 110 106 76 103 24 85 38 178 75 56 16 66 6 133 54 44 31 89 98 44 23 175 48 12 51 24 80 12 0 18 9 87 7 56 110 123 72 110 126 25 0 83 81 106 47 70 64 5 95 52 120 243 71 137 66 64 27 17 130 126 102 112 28 176 90 162 76 94 42 43 149 111 47 182 71 73 44 141 47 140 121 68 33 158 70 91 4 32 80 38 26 9 77 59 6 111 126 94 77 0 0 103 8 81 15 63 0 86 45 33 45 29 73 36 95 1 50 100 90 13 122 56 133 146 75 0 105 53 7 49 110 103 22 68 27 105 87 5 89 130 72 70 158 28 28 127 91 132 6 1 84 78 30 19 48 74 111 114 145 128 64 209 63 203 54
24 56 0 112 182 24 65 91 44 13 0 6 155 107 15 94 103 12 0 0 53 8 49 92 96 70 38 54 102 15 0 165 61 16 69 86 0 0 98 63 38 82 38 156 160 70 12 102 36 56 203 44 6 9 128 5 36 0 96 41 0 54 95 23 52 71 17 53 113 27 5 40 30 56 61 21 97 22 71 76 48 119 36 0 122 16 46 109 28 40 27 143 30 78 31 136 20 0 109 102 125 37 155 31 102 63 98 191 50 48 36 4 149 14 48 102 30 60 0 51 48 74 64 48 42 93 52 16 92 137 79 21 90 58 43 48 36 56 25 70 74 209 8 25 58 9 48 8 149 34 113 10 62 10 30 123 76 38 103 64 36 0 49 141 4 126 141 0 46 11 0 12 81 123 0 70 75 122 88 0 84 78 88 28 0 90 93 2 148 93 27 0 60 2 97 106 24 0 30 58 31 0 0 7 0 124 20 123 2 82 73 79 94 38 0 109 65 101 47 40 16 13 92 146 0 70 91 91 64 108 159 46 10 30 76 46 64 95 49 38 114 103 66 0 45 48 54 102 8 66 0 102 111 42 112 104
56 42 70 110 56 76 80 12 109 28 65 28 16 10 0 56 62 81 8 63 0 36 91 37 112 106 88 4 96 30 2 8 19 93 58 93 76 1 40 74 128 142 71 18 30 3 33 28 0 146 145 41 63 10 79 98 21 126 41 67 6 24 25 72 80 73 82 24 68 30 27 58 50 142 109 2 0 45 11 68 27 74 44 53 17 85 8 42 39 98 51 3 51 12 152 52 24 124 16 30 58 0 5 75 31 55 3 6 70 59 54 4 160 92 6 6 124 8 28 32 36 36 69 7 0 93 24 89 122 88 82 42 46 18 146 36 25 18 0 19 69 103 174 109 17 56 52 65 33 58 41 65 250 7 104 96 40 62 0 4 70 26 13 45 63 46 102 26 184 4 47 68 162 40 11 122 52 117 74 52 70 24 31 21 62 36 44 56 138 26 0 50 67 27 176 0 72 30 18 5 52 10 72 14 113 93 1 97 23 100 20 61 120 20 82 155 52 64 96 78 6 60 65 36 0 0 6 76 28 15 4 6 21 25 42 18 39 119 36 31 120 20 36 48 47 169 59 132 56 66 0 23 44 63 192 0
16 25 92 39 30 97 105 93 41 27 109 157 130 0 53 48 0 39 0 80 45 55 61 201 117 9 40 59 20 67 65 34 72 46 43 60 22 10 104 83 22 18 49 0 51 48 148 172 4 153 36 31 78 96 34 121 65 56 36 49 81 6 77 32 0 99 154 40 137 42 97 86 34 76 147 5 18 24 14 10 84 7 112 157 3 58 40 173 157 65 113 28 0 99 12 88 15 40 100 103 47 65 108 15 56 48 82 14 120 29 100 87 25 0 0 75 105 33 38 118 0 146 24 198 0 90 2 12 40 3 44 170 14 27 25 121 23 101 6 8 61 23 48 26 34 35 0 91 24 24 90 5 185 64 120 94 93 20 92 30 91 84 45 31 26 9 71 7 12 8 4 31 142 18 42 22 168 99 149 54 93 40 10 89 32 17 28 42 235 0 81 49 86 93 73 73 16 56 0 15 4 82 48 80 19 131 131 203 30 56 19 82 24 47 46 14 78 0 147 87 27 90 67 78 69 0 121 68 48 28 40 120 97 118 10 42 46 74 91 77 77 70 60 44 86 32 54 92 92 28 207 48 49 37 22 16
64 0 34 0 20 4 29 75 59 23 0 0 0 12 0 24 55 0 96 0 0 34 40 53 32 0 119 54 99 42 0 9 0 16 32 16 191 45 51 122 32 46 0 63 136 9 160 0 0 0 16 16 0 51 72 45 26 0 145 75 24 0 32 30 25 79 142 36 18 74 140 120 21 0 123 39 0 32 121 10 81 16 0 24 9 128 63 24 34 9 121 0 63 27 43 63 71 4 130 134 90 48 36 0 0 84 69 28 66 87 7 63 80 63 45 52 29 0 72 172 40 78 101 49 0 99 0 0 12 145 41 32 48 12 64 35 68 96 58 10 96 58 94 49 24 0 34 107 55 12 8 47 124 0 63 64 0 0 42 5 116 28 29 8 38 46 27 67 14 98 44 0 73 54 45 32 54 16 53 59 0 135 45 24 102 18 72 3 108 72 0 8 56 84 54 62 60 117 44 24 63 25 84 0 61 68 28 102 112 0 30 47 42 0 70 48 67 12 0 45 3 8 63 179 16 63 10 22 6 30 24 9 64 69 93 30 18 12 0 179 3 88 37 94 66 3 49 56 0 0 24 0 27 108 152 54
57 3 49 69 18 28 4 0 0 42 35 48 94 0 1 72 100 54 0 48 21 0 50 0 71 54 0 0 0 45 36 43 56 0 0 73 4 28 12 27 38 73 49 0 0 64 101 42 0 74 62 2 44 112 7 70 36 40 15 59 88 22 16 0 16 0 53 0 88 30 0 90 87 3 36 0 103 0 55 16 15 72 20 0 18 27 0 54 35 25 0 96 5 30 48 35 42 40 0 3 0 83 24 0 9 89 0 0 45 0 0 57 2 0 35 0 133 36 44 31 40 139 0 25 82 0 36 0 102 32 21 4 20 15 0 20 12 20 0 20 111 0 24 36 19 65 35 0 24 34 143 0 43 61 42 0 53 16 0 24 9 0 4 0 15 140 5 0 16 27 153 0 77 6 84 0 71 49 0 30 3 58 27 46 101 73 32 0 67 104 115 48 54 0 56 5 0 40 10 16 16 28 0 53 28 31 49 35 0 91 35 18 10 15 189 0 8 45 15 0 0 72 116 86 51 18 4 54 32 10 0 48 84 7 4 0 56 5 64 48 0 55 49 0 5 23 74 35 100 36 134 0 36 15 70 24
47 63 81 142 45 35 0 151 57 4 25 77 0 0 36 15 50 138 104 59 40 0 77 98 166 130 140 52 0 40 0 50 99 71 30 16 152 105 0 0 161 207 28 0 0 35 46 0 35 21 10 54 178 98 30 133 23 105 5 124 54 118 92 150 103 9 63 49 244 81 80 40 51 56 18 18 107 45 7 0 77 200 56 53 74 160 35 135 72 58 12 16 45 128 148 10 6 0 55 71 67 20 136 72 81 134 36 42 20 16 56 48 6 56 152 84 287 14 140 0 118 93 35 58 136 0 32 0 81 56 0 81 126 27 0 9 76 72 0 92 18 30 63 0 41 47 36 33 54 27 0 89 0 9 180 209 54 64 141 0 0 118 0 74 28 139 179 109 64 40 0 136 62 64 121 0 85 15 35 114 0 74 127 0 108 34 72 116 164 0 15 91 79 135 18 0 168 50 12 72 123 46 80 24 100 45 0 15 97 75 70 137 46 40 73 89 21 81 67 106 0 9 111 10 94 174 77 21 7 0 61 0 46 20 64 0 121 0 160 3 0 18 5 0 7 18 32 72 78 10 0 87 45 23 0 73
36 18 27 92 105 52 45 49 0 5 8 224 36 0 4 38 47 32 60 29 110 29 44 186 84 28 45 136 102 35 14 80 56 42 30 56 44 3 91 2 81 112 96 56 126 49 100 72 20 186 116 0 0 20 9 146 61 0 111 23 0 167 101 24 63 92 100 16 63 38 144 10 64 58 171 100 90 29 9 26 28 110 84 47 20 122 204 0 0 4 32 91 48 53 16 42 101 56 24 51 57 16 0 0 0 143 9 102 52 92 171 6 80 36 16 76 24 8 46 81 0 174 128 25 102 155 120 36 24 42 24 40 142 0 84 84 50 136 42 61 14 134 129 8 85 121 42 86 128 0 155 69 52 18 120 81 86 121 66 129 6 137 114 27 66 62 8 24 0 191 50 16 122 14 20 62 33 24 27 0 27 112 67 147 42 0 74 90 157 15 35 94 0 20 20 57 26 23 0 28 0 45 0 7 107 50 150 99 55 0 112 96 0 8 77 22 120 66 41 120 20 207 46 63 0 92 98 119 70 89 151 52 5 0 56 23 139 73 35 3 24 157 50 18 0 64 15 105 60 62 38 123 6 30 145 42
64 0 42 63 84 168 98 63 0 21 32 7 78 8 74 40 35 86 89 46 29 81 102 48 42 48 50 12 144 21 8 115 155 93 14 112 189 137 103 96 12 92 41 112 141 5 30 113 68 118 20 130 18 12 159 42 40 43 64 145 24 84 59 5 25 18 30 136 23 50 48 116 66 71 37 9 49 11 78 34 131 144 137 8 27 177 8 99 206 39 66 61 43 102 46 65 12 21 27 63 56 51 23 9 61 116 18 36 168 4 15 16 90 0 114 43 44 95 24 115 99 68 49 11 52 118 0 21 30 84 34 32 26 43 66 54 272 32 4 65 57 11 2 24 63 32 138 0 81 80 93 25 96 119 36 46 12 53 10 92 47 104 53 37 72 45 116 0 14 7 96 14 9 21 90 17 171 122 51 45 54 121 65 34 103 33 42 77 82 203 113 42 7 5 24 25 25 40 72 19 24 45 6 4 66 55 80 21 92 168 42 7 82 109 72 21 34 6 60 82 0 86 8 55 18 86 9 52 164 33 21 17 100 10 32 45 32 54 32 61 93 17 30 134 70 61 57 45 88 75 153 91 96 93 14 131
117 1 118 42 137 24 137 139 38 62 81 52 32 0 40 75 8 119 88 18 68 49 71 80 7 131 77 78 243 0 8 53 96 36 33 44 241 118 75 124 32 46 85 63 57 87 12 108 150 16 92 157 156 7 117 138 122 96 130 115 0 166 98 87 42 45 93 6 128 49 121 10 139 56 20 95 63 101 20 207 178 174 30 111 79 67 117 75 68 21 139 125 14 240 89 39 115 70 170 70 45 93 30 96 12 49 0 49 88 48 49 24 142 120 146 114 139 0 111 179 101 0 102 39 0 142 114 55 115 59 1 111 121 0 79 0 235 165 61 186 103 57 87 39 10 91 122 189 228 63 67 127 49 64 185 178 160 0 41 209 23 48 122 61 118 94 74 6 44 45 40 48 96 31 19 25 191 204 25 2 42 211 28 37 194 30 170 0 180 39 51 21 97 67 38 95 24 32 104 147 49 42 92 24 35 91 126 90 98 44 15 79 61 26 277 27 64 111 105 173 108 96 57 76 42 27 24 56 0 0 82 0 112 124 66 24 68 154 130 229 62 84 30 36 100 21 41 76 98 104 28 166 132 7 46 122
153 71 64 120 30 19 79 62 0 77 94 0 53 26 96 72 94 36 80 14 63 0 34 8 18 151 100 91 18 21 54 138 25 99 170 83 45 82 104 159 75 46 132 63 54 171 24 12 63 120 184 98 49 102 121 65 137 8 125 126 0 96 79 32 0 40 103 17 22 60 43 89 118 60 95 51 4 14 105 96 69 120 48 26 106 250 125 70 63 56 16 137 94 211 155 159 126 16 29 9 74 84 231 111 78 167 74 36 30 0 2 37 44 82 179 8 99 12 58 59 149 0 0 9 113 59 99 50 83 77 57 164 84 10 35 42 122 12 43 6 63 36 188 22 0 45 64 57 134 26 0 155 114 63 15 77 38 37 83 136 33 56 27 15 140 141 155 89 68 159 174 99 118 162 93 9 70 45 20 40 125 63 76 46 111 30 16 30 20 98 72 9 34 49 22 78 39 12 8 35 74 8 44 50 100 62 46 121 63 48 15 144 136 45 111 19 0 241 110 114 89 16 63 72 21 17 142 61 42 105 1 56 168 106 47 34 59 38 0 89 102 92 62 92 93 16 91 20 59 107 0 59 10 42 32 18
68 0 61 90 61 90 209 89 0 18 0 0 47 106 5 32 141 54 9 109 21 21 156 55 76 0 3 36 161 0 18 57 30 111 75 42 57 21 53 131 108 165 48 39 97 72 79 117 96 129 189 48 34 18 85 177 81 14 39 135 92 132 0 30 102 72 110 59 0 50 113 101 38 30 46 45 42 0 21 54 70 114 44 61 105 57 97 43 18 93 72 54 154 4 235 126 45 17 27 33 111 75 137 84 48 118 82 99 148 89 110 16 48 13 109 96 20 14 67 164 34 132 32 79 109 74 141 20 35 182 60 63 16 0 113 72 8 36 64 96 40 93 129 66 66 136 26 92 105 19 130 102 46 4 96 75 0 16 114 24 27 90 86 79 51 6 102 0 222 17 25 132 107 69 329 177 14 100 92 128 103 69 9 0 81 17 270 102 147 66 24 36 66 51 122 36 76 33 85 65 169 3 80 32 61 129 42 106 36 193 80 78 142 118 95 30 103 159 270 111 42 56 6 47 46 61 66 35 78 81 84 84 138 0 182 43 184 124 14 34 39 73 78 64 162 74 33 83 47 47 9 63 130 38 211 60
150 162 48 95 131 83 137 104 17 29 41 93 0 18 81 0 21 9 0 0 20 67 64 0 0 63 24 4 139 4 24 139 9 132 77 10 32 36 57 81 0 49 2 21 24 0 16 0 77 43 76 8 0 0 66 2 35 0 23 21 14 56 10 105 55 40 2 74 45 11 26 2 22 40 9 27 70 48 35 35 48 64 164 6 0 109 121 28 40 49 86 72 35 53 63 5 38 98 45 0 10 0 103 0 18 0 6 72 68 0 97 26 130 27 175 104 78 83 9 0 29 55 16 66 12 84 168 0 113 21 15 15 258 10 138 124 82 64 49 137 20 125 84 0 5 17 16 20 0 42 85 1 145 65 13 167 0 36 70 42 56 1 0 118 0 104 49 6 44 20 12 54 131 78 0 77 8 5 100 113 18 98 36 0 99 85 124 110 0 57 51 65 42 0 135 0 17 27 131 77 17 89 6 0 18 66 8 15 9 69 82 4 2 14 0 51 0 108 15 15 0 23 0 70 0 80 56 150 20 0 97 42 0 9 37 32 0 43 73 2 35 40 1 3 0 12 40 5 18 63 15 130 9 0 28 0
42 3 136 31 223 101 10 69 72 43 42 0 72 69 93 80 45 40 100 36 76 50 37 125 91 150 40 18 34 90 71 67 85 66 115 19 197 30 176 156 46 167 54 76 122 72 2 45 61 66 162 126 63 105 31 72 66 49 95 83 37 103 68 10 45 111 59 29 0 51 69 118 2 50 103 140 55 9 71 22 38 5 50 70 69 161 87 153 225 0 35 36 84 99 37 104 16 30 183 25 226 69 50 69 30 12 78 56 29 31 164 39 171 30 27 89 65 18 82 7 64 129 60 187 99 58 52 28 21 150 3 109 18 0 124 26 91 81 0 36 42 42 180 110 127 21 66 87 64 19 0 25 120 60 83 86 84 24 30 49 58 79 45 99 60 0 143 88 27 6 52 18 93 147 127 131 0 107 54 28 107 132 81 0 99 44 70 42 83 51 123 50 0 89 51 177 54 86 30 18 44 83 136 42 36 82 116 171 61 54 141 47 41 104 141 105 76 45 39 57 41 0 71 91 16 39 21 3 21 41 36 59 52 39 116 78 90 21 29 6 6 96 78 36 170 72 121 136 13 54 66 85 95 44 109 16
39 14 52 62 15 23 121 27 35 92 47 57 90 6 14 77 36 0 126 22 10 10 36 62 19 65 21 77 24 0 41 16 113 25 36 40 4 34 30 42 0 54 54 28 47 40 144 12 30 88 135 49 63 0 58 67 0 54 62 28 10 15 63 127 69 71 0 0 40 62 78 0 85 0 180 127 99 52 16 6 16 80 38 18 0 99 104 72 67 96 162 135 0 75 0 21 35 48 138 71 161 0 69 8 4 134 57 18 60 56 30 52 54 63 115 37 184 56 23 14 90 135 78 42 0 70 85 0 105 61 124 77 88 45 10 32 103 32 36 42 0 87 2 0 90 54 0 0 127 34 124 0 103 16 138 37 0 32 18 58 130 24 87 122 4 114 98 0 78 5 39 35 154 45 35 262 28 72 48 9 57 28 28 30 0 27 4 0 54 97 44 0 3 126 57 51 0 79 4 8 0 63 88 66 49 59 8 89 7 158 71 6 64 82 18 0 53 60 45 20 42 51 40 38 4 75 30 80 32 18 68 64 31 40 78 15 81 61 70 4 6 63 6 54 102 35 8 124 79 46 100 55 97 64 104 27
72 18 120 119 211 84 69 140 27 16 92 139 18 32 56 42 64 82 80 50 74 80 112 132 0 88 118 232 64 146 26 198 42 24 81 117 314 130 47 153 67 44 91 24 138 27 80 91 88 6 40 10 47 44 90 18 120 135 141 79 149 28 41 3 44 148 40 51 93 4 30 106 0 0 139 76 129 30 57 1 171 16 40 75 46 93 59 20 145 37 122 29 48 130 20 79 20 82 24 87 26 67 79 20 92 63 117 72 45 36 4 35 148 147 42 36 70 115 86 111 98 82 116 92 87 0 82 69 40 35 57 27 86 124 18 17 142 188 12 32 42 12 81 57 101 97 29 148 105 32 167 9 104 61 37 73 0 75 40 122 40 65 84 9 169 63 36 15 143 64 26 55 84 66 86 76 131 52 63 19 0 94 28 12 90 28 193 81 81 21 49 125 0 93 56 91 125 15 30 2 62 0 53 45 42 152 0 48 133 0 30 62 116 87 86 4 39 69 14 9 12 52 109 43 20 72 162 71 209 103 137 103 117 22 137 8 130 78 0 88 2 45 61 131 9 0 125 0 140 15 7 75 103 20 116 153
0 12 54 0 118 36 73 42 51 28 126 85 33 0 50 35 90 0 0 12 0 144 30 0 0 0 48 0 54 18 21 71 8 62 112 18 70 19 0 99 0 56 0 24 32 0 9 22 46 25 33 36 24 0 35 48 70 21 3 9 67 41 39 0 0 12 27 0 56 7 56 75 63 0 59 28 4 42 90 87 40 0 148 52 78 82 0 100 63 0 96 60 0 91 24 33 202 14 4 3 0 24 28 54 18 12 0 30 0 0 38 24 21 3 72 0 88 14 114 28 87 42 14 19 0 66 163 63 0 30 8 0 114 0 36 88 55 112 2 28 21 60 0 30 78 0 78 54 101 0 38 40 33 46 247 20 36 0 0 54 7 87 0 0 10 61 41 63 7 0 51 8 82 0 116 91 50 63 12 56 20 20 42 54 29 64 119 60 72 45 42 31 57 0 70 86 60 27 4 0 0 6 0 12 56 0 12 0 45 63 247 0 10 48 174 57 0 18 24 69 91 0 12 39 0 0 6 34 0 83 55 49 0 3 83 80 36 62 41 0 7 21 85 3 54 6 26 83 7 36 28 69 39 98 50 6
46 15 0 28 24 54 139 36 9 73 4 37 40 36 24 31 82 42 0 12 80 25 16 70 56 75 94 27 129 48 142 21 81 190 0 63 67 24 82 37 36 36 0 28 60 98 24 38 68 0 58 76 0 36 43 156 0 72 78 106 142 168 44 16 90 0 27 54 102 42 0 17 38 0 143 36 6 0 47 63 16 109 135 6 11 84 89 108 124 48 17 20 56 74 147 17 87 181 94 107 54 80 0 32 0 42 39 58 150 79 0 38 96 24 139 36 115 203 10 48 14 55 102 0 157 154 52 8 34 50 28 69 101 8 89 49 64 36 38 167 8 48 76 12 66 116 87 49 43 93 128 35 91 135 72 0 94 36 0 86 27 63 70 69 144 4 60 32 181 40 0 42 31 0 79 48 136 56 18 22 47 20 0 58 63 54 64 114 7 73 16 0 40 98 77 0 0 135 22 84 6 6 0 72 20 92 42 24 76 16 47 219 42 52 52 87 59 0 29 56 16 63 64 82 89 24 0 30 75 30 54 32 69 4 8 9 69 40 90 90 77 7 43 48 27 0 153 40 140 14 137 69 137 43 8 76
0 40 89 87 69 8 137 36 6 38 43 0 0 67 11 48 44 0 76 8 23 0 97 7 64 91 92 30 36 63 69 191 16 148 8 17 20 42 63 37 8 0 21 24 33 68 17 3 6 28 72 0 21 54 95 33 61 59 80 56 18 25 85 10 35 39 0 63 0 48 6 122 0 90 37 91 31 36 58 30 14 13 108 18 32 103 186 34 52 68 7 54 20 10 52 23 141 35 88 60 32 36 0 0 109 48 20 59 69 113 50 0 56 13 167 35 108 68 124 28 48 21 56 2 88 75 91 6 12 87 22 42 63 14 39 5 154 86 97 5 109 0 9 2 100 26 76 37 24 30 158 11 32 14 70 163 36 0 0 18 31 32 28 22 48 10 8 30 13 100 65 71 97 95 21 60 17 90 74 67 4 18 39 22 0 12 48 14 0 54 69 0 14 63 26 24 0 80 14 52 29 7 105 83 12 64 108 114 16 16 64 122 53 30 47 141 134 15 83 0 0 92 28 72 42 6 17 76 9 81 36 0 48 63 24 23 69 16 0 6 48 48 0 48 35 61 62 69 10 12 8 71 101 85 9 6
0 28 117 12 112 0 136 132 0 0 8 54 46 46 70 0 0 63 94 15 144 9 69 172 49 97 86 0 9 30 72 77 49 115 42 54 187 81 70 61 63 30 85 0 62 0 35 70 109 81 2 52 0 20 93 98 80 63 64 92 23 162 119 12 41 38 33 114 0 0 52 96 35 24 18 63 155 0 0 0 56 91 2 29 79 106 138 77 32 50 0 1 0 3 54 41 10 0 20 21 0 41 46 0 42 56 37 98 15 55 206 108 27 20 72 27 36 59 63 31 69 90 36 14 20 72 120 27 50 78 5 9 37 49 147 35 186 45 9 9 70 54 144 55 84 39 6 92 45 46 10 45 92 27 71 41 0 0 0 46 0 28 0 55 136 24 18 30 32 106 35 0 55 101 12 88 88 56 0 0 54 118 11 63 21 0 3 75 0 110 9 54 3 0 26 69 0 45 97 36 18 22 0 0 44 29 46 49 91 68 24 54 0 0 0 51 90 27 30 53 63 55 34 0 0 41 18 54 108 18 24 30 45 0 27 22 117 40 72 82 35 2 6 129 18 0 63 24 47 99 9 69 13 3 111 64
137 18 17 72 37 54 25 16 85 81 37 59 160 0 2 16 94 112 113 2 1 105 13 138 98 86 109 59 125 0 59 19 9 81 69 34 187 0 75 20 121 94 68 40 97 52 81 118 72 72 43 25 100 96 40 189 39 40 29 58 54 13 88 104 58 17 88 92 60 12 12 68 45 0 248 88 96 75 21 76 24 0 17 93 6 100 142 0 113 51 91 0 17 7 88 84 47 21 133 80 115 135 80 22 15 171 11 93 123 153 0 32 9 81 12 47 97 15 9 14 134 106 71 0 107 85 38 13 28 82 101 169 163 24 43 100 179 21 30 25 81 52 155 50 121 127 56 41 0 30 36 67 68 52 86 93 81 92 75 9 3 48 87 83 15 160 72 98 30 60 106 54 150 45 86 36 27 7 5 12 0 63 122 30 74 53 20 7 237 34 78 16 38 101 118 40 104 108 20 15 78 74 52 0 36 80 151 77 122 122 64 68 35 96 126 120 18 67 52 14 119 0 60 33 38 81 154 71 37 21 20 107 114 27 11 47 43 54 86 0 20 68 24 65 14 0 6 88 91 57 96 100 24 50 100 94
102 19 150 36 15 100 74 161 35 22 35 25 88 68 49 87 44 0 78 0 67 25 10 49 15 172 34 41 80 75 36 114 66 100 59 150 99 40 38 117 0 43 7 40 24 16 32 117 90 88 171 29 16 48 192 118 63 28 80 47 126 56 91 0 0 45 35 40 173 3 60 131 89 40 121 8 0 18 0 30 60 101 108 42 0 156 145 122 76 247 55 45 22 33 80 150 31 35 84 28 21 49 61 52 63 10 18 121 152 0 48 40 45 48 96 76 92 15 0 108 32 23 60 24 68 135 66 8 0 137 79 0 67 0 183 142 131 100 44 149 116 0 35 67 73 81 79 0 0 0 158 72 0 23 66 139 0 56 64 100 18 12 134 137 0 55 112 0 15 77 8 28 177 163 153 6 55 101 69 5 132 201 77 30 113 27 130 36 68 123 32 0 63 90 104 49 45 0 81 53 60 41 97 0 52 18 30 95 159 120 110 9 0 84 71 46 88 18 57 0 15 9 15 111 56 71 49 40 0 146 8 85 174 48 38 0 44 0 115 80 89 24 0 40 45 35 9 27 12 18 0 54 92 29 81 2
111 6 33 0 117 43 57 99 30 84 35 50 116 33 67 138 0 38 12 131 61 40 35 40 107 18 91 0 76 72 0 88 94 10 7 41 62 0 89 60 45 24 21 10 75 35 20 56 72 55 31 4 7 15 18 54 13 0 67 16 15 10 0 64 104 64 6 98 45 62 6 8 65 52 3 47 88 58 53 68 68 0 40 0 21 116 71 34 24 2 42 12 32 84 69 143 20 75 235 49 36 50 104 70 71 18 45 78 73 0 149 8 183 72 0 81 5 21 4 29 0 70 76 25 86 5 12 4 0 9 42 54 27 1 73 23 6 66 59 44 81 56 137 43 15 51 56 126 11 77 36 5 46 0 0 20 98 9 0 1 0 25 9 4 35 36 80 0 21 54 0 69 63 128 59 18 23 16 0 40 0 0 56 29 56 99 24 0 98 16 52 20 68 61 66 95 51 56 10 0 20 84 81 15 12 127 25 47 21 104 181 31 116 18 65 111 0 53 52 35 3 0 45 160 34 0 15 48 54 13 32 122 0 114 19 6 0 40 7 18 42 41 50 12 18 148 19 76 34 45 4 30 10 14 107 8
32 22 59 99 145 161 0 211 26 58 40 116 54 0 49 157 135 147 74 96 76 178 120 62 166 48 65 18 141 5 24 80 107 52 126 30 140 121 81 146 36 161 40 44 122 24 103 82 58 149 15 83 30 32 91 55 139 21 137 135 18 80 100 56 80 32 70 26 79 101 105 118 6 48 77 20 24 88 64 56 25 130 168 176 8 331 142 100 85 45 235 129 21 192 137 116 28 49 93 67 30 207 59 83 56 94 120 63 22 40 88 131 0 60 84 46 149 56 218 39 0 135 16 90 69 37 146 8 172 12 0 66 181 15 54 101 103 78 40 55 99 93 259 74 52 33 94 75 132 54 22 71 76 45 36 117 57 78 48 136 130 72 15 64 87 219 177 57 32 91 64 4 28 25 225 61 81 0 117 118 27 87 35 34 91 61 176 119 39 199 36 33 13 151 76 77 115 85 58 16 35 102 66 0 22 161 33 91 23 130 79 78 92 156 130 112 54 10 83 101 33 30 63 46 43 122 18 65 32 9 127 163 75 83 43 38 33 2 30 109 60 24 30 123 44 107 86 0 117 64 94 177 55 65 66 0
34 0 86 1 37 94 93 8 136 23 107 5 68 45 97 12 0 229 84 9 14 30 40 0 88 32 134 28 30 54 71 4 36 118 16 32 104 54 72 23 62 62 107 0 48 16 97 0 25 0 76 56 9 62 68 113 31 27 131 58 154 24 60 124 42 22 15 56 99 118 2 89 85 24 69 104 45 16 9 65 24 72 85 59 44 50 0 122 86 70 151 94 31 2 66 24 99 76 101 192 68 73 72 56 0 125 0 48 36 40 3 72 62 51 46 20 28 79 30 24 87 135 65 10 18 93 17 84 80 64 35 68 95 87 94 10 26 125 72 54 81 25 41 27 14 2 28 4 112 61 81 39 4 68 70 134 0 20 25 0 26 5 37 76 47 16 121 80 183 36 128 0 96 26 118 22 188 235 36 12 36 7 0 92 86 0 87 0 144 0 20 18 148 38 29 26 107 51 13 37 5 74 80 8 18 7 27 77 110 130 81 97 34 46 148 75 0 51 66 21 81 157 48 0 0 118 104 53 63 9 85 68 111 54 96 15 148 77 15 18 37 26 34 81 73 0 56 101 7 48 86 20 72 78 10 4
40 16 47 74 132 122 51 59 14 54 52 71 63 104 11 0 165 87 72 89 32 221 95 57 117 54 30 133 95 79 27 89 39 31 156 112 116 67 91 30 117 131 60 73 67 53 18 87 98 57 117 58 79 64 114 182 133 0 52 109 45 62 159 101 54 33 121 15 62 19 86 72 40 228 83 48 34 103 15 65 129 63 95 188 60 52 30 21 17 58 159 153 159 46 55 262 62 206 132 36 66 137 28 92 66 51 157 118 68 16 43 54 142 40 11 32 121 41 183 161 81 55 74 31 54 143 134 54 129 20 48 164 54 36 113 49 60 134 20 66 86 16 94 59 62 127 84 71 22 56 34 13 125 111 118 236 102 58 59 78 38 165 0 19 85 35 64 9 89 81 178 12 59 50 41 92 124 3 97 49 42 126 20 30 74 16 250 70 144 44 127 20 58 91 19 113 71 31 72 74 123 10 0 89 73 103 135 99 3 48 83 67 41 131 99 58 16 34 129 119 84 147 89 141 25 41 34 105 118 65 20 71 82 29 43 65 48 245 83 82 59 121 155 205 23 105 114 98 86 70 56 117 81 0 55 50
40 0 0 0 60 1 52 40 45 81 54 123 0 4 24 8 0 72 0 0 78 97 27 35 114 0 16 80 82 2 59 57 0 0 16 54 78 35 72 65 40 18 20 70 42 81 6 96 7 17 52 54 76 0 0 0 30 75 42 33 81 32 47 53 113 0 45 10 48 6 42 56 57 56 87 56 0 35 78 4 24 157 121 82 3 26 19 38 142 0 36 175 100 74 27 38 70 64 65 93 9 72 6 27 12 87 54 41 0 32 3 6 0 8 25 16 137 30 161 37 46 45 5 124 137 48 50 35 32 111 31 15 112 9 81 65 67 41 8 45 68 110 4 63 2 65 0 37 176 15 0 50 81 0 32 98 62 24 5 124 36 0 97 104 14 63 75 4 136 32 8 20 41 36 54 16 113 25 109 43 6 148 35 65 55 9 56 72 29 25 0 7 82 24 26 53 3 95 0 90 28 48 0 12 8 97 82 111 0 62 34 0 87 21 107 35 0 20 112 0 0 45 9 55 0 0 0 129 2 27 88 42 123 18 15 28 7 32 55 55 47 126 104 8 104 72 117 27 90 43 99 48 56 11 5 121
31 76 0 62 0 59 142 6 81 7 6 21 4 4 47 42 19 21 10 21 45 0 101 42 29 21 71 112 127 0 0 23 8 65 34 21 18 45 43 36 76 65 92 9 169 0 131 11 134 5 49 72 12 63 87 25 27 6 44 10 80 31 15 100 0 2 89 14 85 0 16 48 23 27 45 48 27 23 48 15 24 162 45 34 46 88 53 63 16 18 36 104 12 20 30 0 73 0 64 54 18 0 43 0 90 69 108 0 70 48 73 72 97 21 48 34 44 104 44 6 3 87 44 8 4 136 67 120 0 0 44 0 111 2 0 64 18 45 0 25 56 9 56 28 31 0 54 26 104 15 39 74 108 1 90 6 0 63 73 6 0 0 21 42 7 84 32 27 18 66 2 25 128 35 0 41 31 83 0 39 9 28 19 6 62 36 36 27 65 15 32 83 56 0 20 0 36 13 141 0 171 48 0 3 63 82 80 30 131 42 146 0 13 56 132 57 29 59 44 21 28 0 10 98 32 24 30 84 74 35 67 0 58 14 0 0 11 65 81 38 0 13 56 8 8 3 0 63 178 90 0 48 0 7 0 58
36 0 14 15 24 21 12 71 0 13 10 21 9 54 126 34 69 42 69 0 35 0 61 64 76 77 63 0 37 18 36 23 41 111 12 0 60 56 0 9 0 24 0 15 236 35 9 42 0 81 47 21 3 16 0 97 24 0 137 44 40 56 135 3 4 35 17 75 44 99 30 53 0 123 23 86 0 0 66 91 50 5 5 31 18 81 0 28 92 30 31 68 0 52 79 50 0 12 0 29 37 22 10 28 79 51 29 53 90 35 0 0 54 2 56 38 40 4 28 4 75 5 15 37 9 6 2 7 45 18 0 27 103 0 29 0 87 19 24 10 63 68 15 4 41 41 39 0 57 0 148 16 52 24 10 57 50 12 0 15 0 0 98 51 8 68 67 58 42 0 44 1 40 12 44 86 53 6 30 42 81 12 0 14 0 9 48 40 16 44 56 6 0 30 0 84 21 85 33 4 0 35 0 47 0 4 0 40 4 42 46 18 0 0 14 87 81 7 42 35 22 33 53 50 22 49 86 16 60 45 49 27 20 56 63 6 0 25 4 34 0 18 0 0 15 0 0 2 9 33 8 30 92 0 40 54
35 15 21 21 57 0 80 45 0 28 0 79 109 17 13 60 52 17 28 0 72 7 49 74 45 56 45 62 0 0 0 21 6 0 55 36 108 92 48 0 25 18 49 0 0 36 20 0 0 0 85 0 31 14 42 45 92 14 16 20 0 89 13 24 35 26 22 4 72 25 48 21 76 0 47 57 76 24 49 0 36 72 0 17 108 8 143 157 32 70 16 24 11 132 0 45 103 21 67 25 34 21 0 63 12 24 15 1 69 24 0 50 54 18 42 18 104 18 25 63 35 55 56 0 97 18 135 6 16 3 45 0 0 4 10 39 2 53 39 42 24 81 0 0 0 81 104 63 88 0 81 12 27 26 75 116 48 0 74 54 21 33 8 112 63 72 61 56 2 85 88 0 97 7 47 62 0 0 12 7 0 40 4 42 34 27 18 21 71 111 45 0 0 142 24 34 0 89 12 6 0 30 77 19 123 65 0 88 40 0 57 114 0 17 96 0 67 49 73 63 15 66 9 87 0 42 14 51 49 14 14 0 16 71 60 33 24 23 74 0 21 24 80 0 27 14 42 75 32 0 27 0 65 27 0 0
103 0 11 0 97 91 92 98 91 61 53 10 41 49 81 158 8 101 48 30 6 6 35 167 68 112 60 30 24 54 0 15 48 42 64 0 63 113 63 158 73 66 7 61 67 85 59 130 70 48 76 110 56 0 126 63 12 0 67 107 60 52 71 4 125 21 45 7 57 3 74 81 12 8 38 42 0 32 12 61 4 32 45 0 116 159 63 102 24 61 81 67 46 81 32 4 4 53 205 54 94 21 7 45 89 79 45 21 2 8 72 0 25 62 10 54 66 18 29 92 58 36 80 51 90 6 8 0 16 36 36 36 42 122 116 44 47 85 42 40 53 24 24 6 23 45 107 71 0 156 30 54 124 0 0 83 25 4 0 24 28 0 102 36 54 0 43 24 44 28 189 37 134 111 62 90 59 170 0 36 20 18 0 56 34 0 14 12 143 23 62 66 4 35 18 18 60 26 26 63 19 62 61 7 0 104 59 5 24 62 0 46 54 34 36 23 12 46 87 44 56 58 31 5 42 0 63 0 0 40 24 49 9 67 63 8 54 30 0 41 58 42 0 45 39 177 96 82 100 12 91 27 27 105 36 56
45 20 76 62 118 18 35 30 95 56 92 43 14 36 42 19 110 17 12 29 61 5 50 39 45 0 9 0 39 89 93 135 71 49 49 24 72 46 60 72 35 30 59 0 0 67 8 16 62 57 119 29 27 16 32 134 83 42 35 82 3 51 80 75 0 55 90 1 112 34 35 56 12 48 45 74 54 57 19 14 85 78 16 49 14 100 63 0 69 35 65 81 6 24 58 42 54 53 35 61 28 56 4 0 0 4 6 10 45 48 0 74 30 42 27 16 62 62 9 90 67 14 0 55 31 83 40 42 31 83 9 21 29 0 42 71 51 34 46 52 8 54 116 24 64 8 120 32 142 3 58 126 20 49 122 69 74 18 0 134 14 16 19 28 15 51 27 31 68 44 16 1 44 17 126 40 7 63 7 45 103 0 81 135 0 88 73 96 0 10 0 8 28 0 27 0 57 12 54 55 101 6 59 0 73 80 18 117 61 82 22 128 30 23 156 23 54 0 76 119 38 20 120 56 5 87 0 80 62 23 63 5 51 52 57 23 218 3 48 51 12 91 12 62 25 16 14 85 9 187 10 28 45 8 114 36
31 11 66 11 65 13 72 66 54 34 24 80 8 57 71 0 142 116 0 16 99 54 90 57 80 51 64 3 168 88 42 184 30 72 43 136 108 124 90 52 88 117 20 106 156 0 20 117 58 36 36 22 70 166 60 115 78 51 54 39 105 0 88 36 0 48 27 106 53 79 114 130 58 76 16 112 35 60 35 48 70 102 77 117 9 35 100 48 136 48 62 34 84 49 161 93 153 128 82 89 57 131 0 29 60 116 54 30 90 128 28 99 130 0 0 2 185 64 120 128 0 120 88 114 30 75 2 30 36 72 136 80 66 0 65 9 44 156 13 107 108 16 7 5 65 30 22 55 30 18 8 12 57 144 46 125 85 36 103 60 54 147 36 65 84 31 111 56 140 73 172 66 252 78 13 86 38 208 63 0 48 161 113 0 92 66 283 39 48 107 90 88 36 152 55 29 0 52 100 4 16 74 52 148 22 98 72 147 40 119 126 115 27 51 120 74 126 16 75 18 31 44 22 148 115 172 20 60 92 54 23 9 42 77 148 33 96 156 77 56 6 94 89 56 134 31 14 75 0 53 47 102 134 88 15 0
101 15 90 113 209 96 183 201 17 57 75 28 8 45 43 103 8 81 5 40 95 51 63 81 66 107 114 9 84 98 25 38 18 61 63 32 48 115 123 205 42 36 111 27 189 27 54 62 0 102 48 30 61 102 98 162 93 125 88 145 33 106 122 14 45 76 79 135 40 95 51 246 19 30 138 88 16 14 53 25 165 135 9 148 71 148 153 106 34 126 202 5 0 54 41 4 81 80 34 65 115 144 36 0 20 95 139 83 184 132 126 51 102 131 103 5 77 97 168 68 24 65 88 119 100 3 221 112 53 110 39 213 53 72 80 64 44 42 0 8 0 28 87 51 124 81 0 101 123 20 9 81 91 116 67 97 27 104 0 165 11 0 45 137 117 18 66 24 163 93 91 12 161 92 53 100 95 201 120 33 139 0 35 5 44 76 118 12 0 98 0 37 15 208 126 68 32 45 90 32 86 88 96 63 93 32 36 204 58 55 147 78 56 85 48 119 63 160 72 0 93 80 59 72 65 120 0 32 96 99 62 0 181 74 92 84 21 43 73 134 26 10 57 165 96 5 127 32 40 106 157 29 89 64 61 0
26 5 90 2 94 87 66 125 0 20 75 82 79 56 19 40 75 52 59 0 8 64 44 114 121 146 24 48 98 36 64 34 41 16 198 89 120 8 178 114 32 144 32 32 83 52 9 42 72 88 54 16 189 99 122 35 97 101 31 105 21 20 117 135 79 48 124 68 48 67 84 122 5 41 63 0 57 111 73 38 45 15 94 90 0 27 96 56 85 33 60 81 72 69 18 54 45 85 133 87 152 45 126 16 56 104 54 76 175 16 138 21 54 0 123 28 68 23 72 7 104 21 104 95 103 196 218 0 0 110 14 180 32 0 76 35 12 14 6 90 32 24 177 10 26 85 35 0 14 6 160 101 13 139 59 102 41 19 58 91 83 11 68 16 0 74 168 0 93 8 20 21 14 57 84 83 32 108 112 130 54 30 91 14 82 76 254 0 0 77 96 8 15 121 6 78 30 15 30 16 104 60 40 49 14 77 61 236 24 41 81 45 91 82 0 30 47 78 40 34 45 0 55 42 0 14 127 93 0 154 49 84 111 18 43 32 5 54 27 4 56 85 24 80 81 43 61 18 35 23 34 39 55 105 120 42
16 88 0 108 83 63 130 112 144 45 11 83 45 34 105 101 61 202 32 44 31 21 0 256 139 93 210 59 15 117 15 33 82 118 0 28 15 86 178 75 35 46 74 38 105 95 36 58 45 121 145 49 12 0 42 88 175 96 163 91 135 54 128 18 36 10 82 30 72 64 15 35 147 54 56 159 18 0 63 67 80 128 97 60 0 94 49 142 43 63 60 91 72 104 24 87 87 13 48 33 0 68 104 0 77 138 15 146 81 45 70 0 131 177 53 6 31 69 0 19 14 81 108 0 53 124 68 60 33 19 0 52 106 0 47 18 104 105 14 84 12 117 89 14 66 81 108 116 131 96 88 0 132 49 159 119 12 84 86 45 59 91 108 135 21 54 0 63 110 121 126 121 235 24 156 103 116 218 91 0 102 6 9 21 111 72 35 62 10 39 37 31 117 65 117 55 81 18 50 70 22 67 116 101 108 28 40 146 160 120 218 49 163 120 207 167 150 260 40 101 67 91 9 66 0 68 243 112 25 150 180 79 37 152 16 2 87 54 27 66 116 0 180 7 6 104 111 58 45 100 63 69 17 108 7 25
32 0 25 108 129 0 79 0 5 41 53 56 136 36 9 35 0 86 3 3 91 2 16 23 104 24 80 26 15 9 42 68 92 74 9 23 78 42 41 0 21 72 41 8 38 58 33 64 42 0 14 47 55 75 145 86 18 7 73 0 0 138 3 81 20 144 33 99 8 86 69 72 0 72 6 76 59 19 9 46 107 2 58 55 77 40 143 50 8 59 175 59 26 0 38 127 59 3 67 0 79 78 160 17 2 21 10 67 0 0 68 47 135 0 81 85 100 69 63 75 54 0 47 6 12 59 143 0 147 154 5 17 39 96 40 3 48 28 110 86 0 7 55 5 68 32 64 62 97 30 92 73 13 0 80 7 113 4 0 7 7 11 56 32 64 32 125 1 80 35 73 0 30 86 84 14 30 0 8 0 46 8 73 21 0 19 12 1 0 78 14 0 0 56 30 20 6 0 60 78 52 0 13 26 0 26 68 30 0 63 39 63 30 40 23 126 62 6 91 41 10 81 24 70 21 45 24 52 0 61 85 8 54 56 81 22 110 11 18 4 0 36 0 30 20 55 51 71 56 59 0 59 31 19 121 54
86 100 0 95 70 6 76 91 0 8 12 28 32 36 34 33 5 21 135 0 0 0 18 27 8 66 72 21 65 198 0 85 24 50 57 110 76 9 174 12 122 27 176 32 107 72 36 84 41 32 18 0 35 16 48 45 95 118 27 29 63 106 51 61 0 70 0 22 47 63 6 66 26 75 54 69 9 7 27 28 120 93 0 20 42 122 105 12 96 21 63 62 60 24 4 8 99 78 36 5 99 0 79 0 4 80 12 127 70 22 38 0 159 82 130 51 0 151 56 24 18 54 18 70 111 83 50 48 62 113 18 129 135 10 3 5 0 0 0 78 30 64 86 85 0 248 60 56 76 3 92 83 85 49 63 15 0 72 103 3 71 0 0 64 28 74 61 0 57 4 45 51 103 59 115 41 88 260 65 8 32 24 43 20 3 136 112 0 0 34 100 44 62 48 80 40 9 18 85 42 8 33 54 24 0 62 110 92 0 56 146 56 53 83 30 104 72 187 36 0 10 12 9 91 48 34 108 64 86 35 53 72 9 6 36 0 0 27 43 56 6 45 10 18 59 89 140 0 30 61 0 107 95 107 68 99
109 2 116 25 176 132 10 171 7 21 96 103 32 20 23 114 93 40 104 13 3 37 80 117 86 45 60 3 59 119 77 54 32 36 101 9 243 123 51 126 43 64 87 0 84 10 48 30 120 27 0 131 87 28 55 93 62 93 77 78 86 8 18 8 8 128 120 88 42 12 87 113 41 2 204 116 174 84 20 0 60 117 1 42 151 45 94 52 71 16 206 78 33 69 27 103 0 38 176 116 75 152 43 67 16 124 32 55 99 144 25 50 64 0 48 56 52 21 8 106 97 62 66 9 113 82 42 38 19 163 45 87 50 72 80 53 90 6 72 116 6 56 150 56 108 33 26 67 87 9 19 131 99 23 49 67 6 60 73 64 106 32 112 84 65 24 87 56 15 48 116 7 99 39 78 149 4 9 0 0 102 72 24 26 8 12 15 56 53 52 11 90 17 92 65 0 100 36 77 36 22 32 143 0 115 39 77 81 76 43 6 53 30 54 59 36 14 55 7 15 70 75 16 177 17 140 85 113 107 14 13 37 59 52 143 49 27 21 0 88 14 8 26 98 18 5 50 53 78 159 29 20 17 42 146 118
68 29 18 21 108 81 32 36 103 1 63 175 0 24 54 0 153 9 24 42 5 58 21 8 72 0 64 78 48 56 4 135 33 70 75 56 115 0 0 79 0 80 28 78 171 24 36 218 91 0 72 70 21 24 38 45 77 28 164 12 78 9 106 9 0 0 21 6 141 67 104 81 16 0 133 28 3 64 129 84 62 0 63 126 45 152 5 149 85 44 72 72 1 91 54 102 130 46 0 29 180 63 0 54 79 42 50 73 63 45 42 104 35 49 0 102 0 0 147 50 105 63 52 34 54 88 117 17 62 48 75 16 24 36 22 75 87 35 56 34 24 141 33 0 60 42 96 117 80 96 54 0 29 35 156 77 68 11 0 100 0 65 24 16 28 134 9 8 35 1 0 38 125 6 189 16 0 0 60 0 0 101 40 127 42 79 27 85 63 45 9 0 37 81 81 49 63 0 48 5 0 0 94 59 39 0 48 54 98 0 180 27 63 81 216 42 0 9 42 177 99 0 41 79 0 63 0 20 37 63 65 82 0 109 54 56 54 4 62 52 0 5 52 150 50 46 74 35 0 36 0 0 82 36 229 0
77 54 115 105 159 0 86 74 0 0 69 18 125 48 0 60 28 0 0 5 125 36 87 50 72 119 73 82 103 30 27 169 60 125 36 86 182 0 42 0 42 63 0 137 0 12 15 70 63 0 56 36 9 32 27 72 27 49 27 132 0 169 90 8 129 12 74 0 30 81 0 18 40 144 12 16 24 20 86 84 87 102 50 7 24 54 68 127 0 36 28 16 14 0 53 64 3 25 126 35 24 0 68 72 4 72 24 111 23 48 54 20 114 49 83 58 80 49 164 101 90 18 32 0 34 167 63 0 0 0 0 3 0 30 23 0 12 156 92 29 66 0 72 40 81 0 0 81 46 84 7 39 63 77 143 108 18 28 0 10 0 126 9 78 3 12 14 74 118 183 18 0 28 113 24 123 143 38 123 96 0 95 54 95 144 60 158 0 59 81 26 18 0 44 93 114 0 0 7 20 12 0 98 0 18 126 30 0 82 29 137 30 87 14 42 72 100 0 24 29 26 6 108 64 42 15 0 54 35 30 0 175 65 42 7 23 104 48 170 96 111 126 81 150 16 32 32 84 9 60 6 117 137 163 109 23
99 24 12 99 68 36 75 109 108 0 0 72 163 0 66 46 81 174 0 30 63 18 6 81 53 78 145 118 94 144 48 64 81 107 59 104 0 38 81 0 34 0 86 81 141 19 39 184 121 111 125 24 6 13 7 24 135 0 107 40 76 126 198 93 87 40 18 30 28 113 9 45 8 72 40 32 0 75 0 24 48 16 129 165 21 27 99 96 19 45 72 50 32 54 47 97 72 36 101 21 0 227 184 24 30 53 135 203 67 32 16 36 117 63 82 0 0 54 85 142 8 0 12 6 42 79 41 0 197 77 18 118 62 0 27 63 96 88 6 55 54 50 54 78 142 13 56 126 138 81 36 107 6 47 98 99 54 149 28 6 27 7 28 24 57 0 77 29 80 2 117 0 12 65 78 0 182 0 0 32 39 8 1 0 0 43 9 35 94 69 121 12 117 102 0 56 153 27 18 71 0 16 69 113 109 41 7 121 72 21 151 66 154 114 67 102 42 18 106 25 80 87 199 93 95 24 82 0 28 36 193 46 30 109 86 28 44 74 103 72 25 116 74 114 12 71 108 131 114 43 57 84 111 0 45 0
111 26 42 50 18 48 59 20 84 42 48 16 132 4 8 48 47 10 0 12 5 0 0 40 54 60 24 14 159 52 0 27 56 75 0 0 24 24 51 12 9 25 68 15 150 74 141 0 128 40 115 16 0 14 110 57 9 35 25 15 101 15 20 0 0 0 92 17 130 18 41 161 14 18 86 30 54 27 5 24 15 27 64 44 0 22 63 132 33 10 26 73 40 14 0 0 10 12 103 110 0 86 63 0 16 87 63 31 85 84 0 9 16 4 6 20 24 8 16 86 0 121 126 2 33 110 0 46 10 49 81 23 0 0 0 0 0 30 5 65 117 31 109 0 140 0 22 16 43 0 180 53 106 0 38 45 18 25 40 27 35 34 71 12 9 72 14 0 20 45 0 0 10 21 0 35 54 42 0 36 84 0 0 0 36 72 59 18 126 108 0 0 10 0 81 0 0 0 0 28 29 12 35 5 62 88 30 60 156 131 72 0 32 36 90 44 45 42 50 29 34 72 64 110 7 28 65 32 16 66 55 5 66 0 84 0 79 79 18 90 57 69 6 12 0 0 18 100 70 34 0 12 2 10 45 70
0 54 23 129 197 115 213 0 109 18 16 10 10 24 9 116 180 10 13 45 94 169 54 41 28 175 78 67 74 70 62 88 100 214 36 24 115 76 0 12 81 82 58 126 94 87 98 34 3 27 17 117 5 18 44 126 66 48 118 0 16 200 27 109 72 133 45 24 79 110 93 110 72 8 113 18 72 0 204 146 102 192 3 0 22 103 121 153 112 16 186 38 122 10 204 54 96 69 85 123 104 50 104 72 62 56 54 66 68 52 84 72 100 52 99 100 84 163 92 63 0 85 0 77 73 35 61 56 141 109 6 28 75 63 103 36 94 152 6 81 36 97 106 111 24 56 22 96 84 102 22 142 134 99 18 47 66 78 113 8 99 42 29 54 60 127 142 50 288 51 17 0 175 62 115 10 49 117 81 18 140 215 39 43 70 19 64 60 7 20 8 24 0 90 63 8 61 137 63 135 0 28 68 80 26 86 13 20 60 25 136 168 63 14 237 90 20 46 26 117 26 82 16 56 126 55 9 64 128 29 98 121 121 64 27 137 65 44 86 58 91 152 228 84 86 60 156 73 0 23 27 7 65 58 44 112
118 10 39 88 36 10 80 52 125 134 54 192 8 89 178 8 183 0 20 48 16 46 163 98 107 102 77 52 143 7 99 125 111 8 46 50 50 61 76 38 162 57 44 36 116 30 0 3 90 75 82 0 15 60 148 20 121 58 40 57 16 0 32 120 7 16 153 150 101 1 97 16 46 12 22 68 54 94 122 33 137 12 24 46 23 124 30 3 76 63 0 50 78 86 69 58 163 47 144 70 44 0 118 0 225 45 31 0 11 110 80 40 131 52 0 160 198 2 114 77 161 38 84 79 6 75 28 88 71 98 118 5 8 4 49 50 57 64 0 93 80 152 157 32 91 66 98 94 221 0 191 27 204 86 145 164 76 141 133 103 2 175 0 10 69 45 30 4 64 103 50 199 111 73 131 119 48 37 125 126 80 35 48 67 49 41 67 219 49 73 13 22 111 81 130 14 63 20 16 5 81 49 140 35 71 147 39 48 115 125 165 165 64 174 262 57 67 149 39 129 159 12 36 123 34 93 233 45 70 106 93 69 69 100 35 3 177 231 34 74 81 74 44 43 49 35 57 81 96 87 3 92 13 31 225 52
57 72 12 36 144 56 40 201 195 16 50 19 68 54 111 3 66 16 20 61 95 127 34 127 81 96 123 30 76 8 119 80 18 62 72 5 64 57 0 152 40 78 0 0 99 60 99 16 84 0 215 47 116 39 47 0 50 67 107 103 53 45 153 130 21 48 143 66 159 8 147 78 62 0 50 61 45 48 29 18 40 108 142 137 0 82 46 70 78 0 30 0 27 55 50 75 25 81 122 120 6 30 162 0 96 80 0 82 18 9 16 25 64 84 70 37 106 100 184 48 0 44 16 64 94 132 60 0 0 0 0 39 8 50 96 51 91 161 16 75 4 165 186 6 102 21 36 44 125 0 30 57 77 63 128 90 32 0 95 8 55 122 89 72 73 81 58 0 89 109 84 45 14 12 50 99 74 68 60 127 36 10 35 47 44 177 152 36 117 0 54 6 42 151 81 159 88 7 8 0 72 6 62 6 50 101 27 232 114 153 174 0 89 3 44 102 0 163 47 92 24 24 88 92 0 68 4 15 53 87 96 29 54 100 36 107 69 66 89 46 8 100 73 63 10 69 16 5 71 102 84 16 21 26 75 74
42 7 0 96 45 120 36 42 42 0 20 63 0 39 32 12 24 82 12 80 42 42 74 46 42 78 45 12 33 18 0 70 28 42 0 12 60 79 66 0 12 34 20 14 36 18 54 24 12 0 12 28 4 24 45 73 115 35 60 44 18 64 46 0 44 0 37 36 180 24 0 48 15 0 66 36 14 0 0 10 110 52 0 60 34 8 6 20 21 42 88 0 0 36 85 30 63 42 8 40 39 69 0 0 20 0 56 32 55 0 12 0 71 69 39 72 72 42 78 9 40 123 24 6 8 18 36 21 54 24 28 30 42 52 81 70 37 18 0 0 0 27 107 0 54 0 68 36 72 30 0 15 144 14 102 107 0 0 34 48 51 0 0 52 64 18 24 0 12 24 48 42 147 18 21 12 84 74 60 30 14 0 0 0 89 16 33 42 54 0 3 10 51 15 141 30 28 0 0 9 0 0 48 14 59 4 18 0 4 56 9 0 0 26 81 0 8 24 0 83 42 58 30 9 0 32 96 0 43 36 0 90 54 28 10 42 78 20 42 20 21 12 30 70 18 28 71 125 20 0 105 16 6 78 54 0
19 13 42 162 21 134 72 46 24 0 0 117 101 78 10 12 77 24 113 12 28 24 49 88 58 96 89 8 18 20 104 156 172 100 62 183 123 37 94 38 45 157 24 45 98 14 87 135 30 104 92 74 52 103 158 18 54 58 171 68 108 58 92 13 0 93 32 102 88 25 112 61 54 52 48 54 24 47 29 45 80 0 60 34 57 140 92 48 153 24 111 125 36 61 56 120 134 82 21 132 180 62 133 9 0 38 27 20 7 0 8 101 140 18 18 18 63 77 202 35 109 159 79 116 74 50 125 54 59 46 35 39 71 24 88 44 93 120 94 30 63 110 56 117 60 56 50 45 157 100 10 48 77 65 119 28 43 176 56 51 18 61 52 78 137 72 77 78 215 81 113 12 104 49 151 135 26 28 154 18 35 15 10 58 123 185 56 86 67 151 70 67 4 98 36 112 73 105 140 0 0 93 6 98 82 52 97 54 115 214 107 78 32 76 115 47 116 14 49 0 48 41 48 103 88 95 64 113 81 12 44 93 28 62 69 2 61 101 49 30 28 30 113 0 122 72 65 99 36 48 36 36 20 4 69 108
9 50 9 3 62 143 40 42 134 55 112 8 0 87 37 20 187 108 24 56 0 15 54 52 0 71 21 39 125 0 36 230 137 31 0 167 155 192 144 8 171 35 110 30 118 42 85 0 64 44 113 24 32 45 121 78 35 117 149 149 18 88 30 190 18 43 57 32 79 5 83 13 140 17 54 95 21 77 8 82 51 32 90 24 39 104 43 16 9 68 31 135 146 14 0 157 169 135 36 0 40 17 109 15 87 88 33 2 65 138 40 77 151 57 19 2 128 107 120 62 88 146 95 0 48 42 53 42 60 94 44 118 75 15 20 56 62 43 4 9 60 87 23 106 194 8 104 39 196 91 32 72 32 5 56 207 183 32 54 72 84 70 18 24 51 66 101 56 156 32 194 64 123 33 195 90 42 119 4 0 153 41 30 72 85 0 78 95 88 77 48 16 48 42 5 76 18 24 48 0 77 56 92 64 110 149 30 48 28 75 163 109 22 91 35 57 27 52 24 24 43 201 26 110 4 72 72 100 97 110 138 142 30 31 0 45 169 128 84 18 10 161 175 27 0 64 27 124 76 81 122 30 9 87 94 9
73 48 71 112 87 20 173 84 24 5 110 35 72 90 32 123 0 98 78 15 34 48 63 127 0 150 62 0 91 51 78 135 69 12 54 56 66 77 166 102 54 107 79 0 82 48 28 48 16 160 32 104 30 56 104 7 102 57 63 87 0 92 96 20 114 20 0 97 109 86 81 0 27 58 8 18 65 30 5 133 46 63 45 73 27 116 42 94 80 0 102 0 72 128 45 40 16 67 36 94 112 0 141 0 0 0 84 99 90 76 46 49 68 39 36 131 35 24 0 58 72 186 79 72 18 164 50 0 45 0 53 105 86 86 63 48 90 172 101 73 20 195 48 18 101 35 34 75 114 63 4 0 33 100 86 59 24 9 113 0 5 20 27 48 28 42 71 0 125 29 25 15 0 24 27 68 202 108 139 84 72 109 45 0 0 134 108 54 128 12 29 28 3 48 78 0 27 61 48 23 16 82 50 92 27 117 140 139 7 147 158 38 117 7 20 96 54 62 12 130 0 60 65 93 69 79 60 76 67 59 99 69 63 10 69 22 104 108 4 96 50 160 22 150 185 146 24 120 57 75 58 104 14 60 199 54
34 0 25 54 50 61 153 10 36 45 2 0 49 49 21 0 18 49 71 45 0 26 56 49 21 42 97 5 2 0 8 0 75 87 9 20 23 95 90 48 54 51 0 25 112 25 90 98 0 59 4 28 30 0 143 66 10 24 6 69 0 121 32 36 20 72 39 67 27 18 50 0 12 49 61 0 4 20 2 8 89 28 34 41 113 118 108 42 6 71 49 0 53 40 9 63 25 22 10 12 20 0 99 33 12 38 101 3 84 32 0 105 60 18 50 18 44 54 22 55 97 61 32 31 48 12 137 68 95 54 34 9 25 0 9 0 131 32 39 27 16 27 6 0 35 54 36 0 13 48 0 0 30 60 54 23 68 34 27 12 0 10 0 89 115 30 74 43 137 0 87 32 121 30 8 68 75 87 20 56 132 41 29 37 81 18 2 10 14 74 42 0 28 97 13 40 42 131 99 0 63 27 16 53 63 38 0 70 0 109 64 10 22 21 24 5 38 0 145 20 9 32 25 45 36 12 0 32 151 8 9 20 47 12 128 6 32 20 42 29 18 6 92 0 28 6 20 40 123 10 57 37 83 0 0 0
111 13 70 54 48 42 0 115 9 62 2 2 54 4 0 99 26 45 54 30 45 45 12 38 81 63 9 65 80 81 0 31 61 42 69 0 78 31 40 53 13 76 10 30 89 72 40 28 45 18 115 14 15 0 11 13 87 14 33 0 42 32 21 0 14 21 44 33 48 2 1 14 107 102 33 76 174 6 123 13 94 44 4 15 56 18 157 99 99 6 38 40 116 39 53 24 32 118 96 32 63 53 64 63 9 0 42 12 122 0 87 92 112 61 13 32 81 4 0 0 0 11 43 96 55 10 14 4 17 112 12 0 100 0 173 42 32 4 41 10 42 22 93 118 13 113 20 34 9 52 92 94 189 81 48 53 35 80 46 9 0 72 59 73 27 120 35 6 45 56 64 48 110 6 25 77 20 60 0 93 30 104 9 6 209 92 14 106 27 154 49 36 25 60 93 15 8 36 90 45 25 80 0 27 30 58 48 9 29 10 87 8 52 35 192 0 30 85 66 0 37 0 17 0 12 8 0 115 25 26 28 64 81 40 92 40 10 82 78 10 102 100 54 63 70 92 48 27 27 11 18 78 6 2 44 123
93 85 0 100 44 36 124 21 43 0 41 0 72 4 50 34 32 14 14 68 153 63 0 33 126 30 66 56 174 18 67 23 2 8 10 28 55 0 80 67 10 13 104 59 93 130 104 66 108 76 99 124 20 92 72 105 7 35 57 63 63 72 12 137 0 10 154 107 148 8 64 127 52 56 2 47 92 0 100 0 0 96 16 71 47 134 109 144 167 3 21 80 64 96 85 21 42 2 127 55 0 199 32 45 164 35 72 60 40 101 173 8 177 2 9 3 88 155 48 28 55 42 32 29 0 104 79 74 45 35 41 35 127 72 0 43 56 60 50 131 36 56 57 0 56 80 52 120 93 81 160 24 87 17 118 8 16 12 38 78 5 69 57 43 70 182 17 0 44 81 33 119 70 5 125 21 79 4 0 60 21 67 49 58 43 89 41 32 0 102 98 68 109 25 65 17 6 60 75 35 58 84 0 26 37 100 146 12 24 68 182 66 62 80 180 0 12 113 21 32 26 17 46 0 24 0 36 110 87 30 34 21 185 79 10 56 48 64 0 33 7 78 52 0 39 18 28 22 123 74 146 53 12 72 37 28
48 0 38 52 80 110 40 70 69 10 30 40 109 38 72 8 0 14 130 65 46 12 0 204 27 118 73 39 103 183 29 63 63 42 0 0 182 62 157 72 228 82 153 24 73 85 0 108 48 84 58 36 73 0 69 0 68 15 95 68 39 35 24 0 100 41 91 0 58 18 135 36 21 48 45 12 58 120 27 15 93 56 0 20 6 106 15 105 66 28 17 42 42 57 28 48 51 56 134 0 56 24 0 10 60 69 95 174 36 40 56 29 47 0 18 69 35 49 38 30 0 129 48 98 90 116 6 54 87 30 12 84 86 25 153 84 109 130 24 41 32 133 0 42 98 87 66 80 44 112 0 35 49 0 63 103 78 149 71 9 0 48 0 42 66 0 51 57 8 182 46 71 24 64 134 62 99 126 91 5 22 83 16 28 16 0 65 84 64 68 64 58 37 59 56 62 103 18 50 20 0 50 93 28 54 35 67 72 87 6 195 229 20 95 117 18 178 62 32 0 66 109 42 10 0 59 0 28 0 66 12 30 0 48 70 24 88 62 60 87 36 136 64 76 72 48 129 129 35 49 45 111 64 0 156 6
167 12 99 33 5 31 106 28 18 25 82 150 37 0 104 24 30 108 57 66 6 34 73 178 52 14 112 58 97 1 40 132 12 91 70 20 177 41 0 128 24 101 29 39 115 70 37 52 1 24 44 129 48 0 57 60 99 0 64 18 61 12 51 37 65 44 57 80 78 92 111 48 101 64 133 146 0 54 40 16 129 99 66 94 33 50 2 139 142 66 113 54 86 38 55 72 77 132 140 11 110 41 116 93 45 42 8 119 201 4 133 0 94 0 0 108 22 109 99 50 35 18 7 27 87 42 43 4 48 99 57 95 15 66 24 40 96 0 0 72 69 141 106 84 61 28 34 195 134 52 128 48 204 117 98 154 111 27 0 45 110 41 33 99 46 104 199 36 163 87 58 63 92 94 32 52 18 39 12 66 64 105 0 30 43 49 63 48 78 47 25 0 153 46 0 14 54 56 36 62 34 37 39 60 74 42 71 40 77 8 41 155 0 104 131 71 101 24 22 28 71 112 55 114 35 15 76 16 54 0 54 80 17 102 54 18 96 95 23 105 18 10 36 94 86 109 56 123 160 75 24 128 117 5 106 144
126 85 34 87 74 82 24 88 5 0 32 139 20 32 9 48 75 0 18 28 124 56 77 28 172 54 57 6 106 32 36 126 11 140 173 72 57 27 35 158 53 103 31 52 170 64 57 65 0 100 63 28 53 36 27 18 28 24 44 73 60 81 189 28 56 10 76 78 101 93 110 130 29 79 98 29 43 92 77 33 119 4 35 83 65 77 58 21 159 57 42 54 111 36 63 158 50 96 64 102 0 53 70 0 44 5 0 159 206 22 5 28 180 42 42 60 79 63 269 108 140 45 56 57 48 84 93 4 137 90 0 53 128 153 167 157 66 75 96 43 4 199 157 0 15 82 24 153 70 65 16 8 125 23 90 110 8 82 60 0 158 55 34 42 6 60 34 0 23 111 90 96 13 22 27 130 135 28 124 0 66 95 29 85 98 95 73 84 42 3 45 20 90 22 149 33 24 19 24 36 28 21 2 14 46 22 91 68 18 74 134 64 0 5 141 114 63 137 59 61 100 103 45 82 0 92 8 62 75 80 17 15 97 24 137 19 68 118 93 71 0 153 64 68 58 196 0 0 55 84 15 49 88 128 132 101
9 0 126 106 58 14 104 39 12 2 0 0 37 6 45 63 94 45 48 68 42 60 59 172 36 56 183 36 72 0 76 50 41 166 90 80 152 31 170 123 53 60 0 40 80 16 33 105 34 18 99 152 59 98 13 0 39 112 36 152 0 89 0 57 64 91 68 50 76 6 88 101 49 7 111 81 0 14 25 56 8 27 96 124 63 90 120 171 122 27 0 0 105 52 86 141 72 56 66 8 188 46 9 64 28 32 9 31 89 8 49 40 111 48 74 104 49 189 56 114 28 0 32 117 145 26 0 18 16 40 40 182 72 58 4 12 124 57 18 27 16 36 84 126 97 84 80 163 131 49 56 27 32 160 3 54 163 42 8 19 45 38 60 72 64 26 160 0 161 12 9 7 13 37 17 48 36 36 108 3 234 42 5 0 0 52 21 67 64 0 7 27 0 62 62 0 105 91 0 63 71 120 39 127 117 97 72 153 35 98 57 159 0 44 135 117 26 0 88 84 56 128 53 167 124 37 33 72 99 34 49 114 68 17 16 0 88 152 0 63 64 75 236 0 82 80 139 36 133 10 40 33 84 56 49 56
65 2 55 22 85 0 71 23 59 81 26 42 20 45 15 12 126 10 32 67 28 61 62 54 17 0 4 94 172 77 15 118 85 13 27 65 44 172 4 37 90 80 124 0 73 12 99 107 91 9 28 18 0 42 81 18 60 104 49 40 88 12 1 24 91 43 6 56 73 35 142 56 54 98 91 103 44 104 15 68 44 22 92 67 12 145 96 66 38 110 88 66 63 70 16 6 72 101 81 3 28 114 180 0 65 100 85 96 85 47 90 63 112 85 40 93 128 31 153 85 42 63 134 30 22 12 52 51 3 99 13 97 65 3 3 36 139 58 51 105 22 126 58 21 98 0 21 182 58 6 0 121 116 25 0 129 119 21 59 56 36 122 0 21 54 51 230 31 18 1 2 42 104 81 20 140 6 12 10 35 17 12 0 14 32 47 32 38 99 36 39 8 72 84 0 28 56 86 41 54 77 32 63 50 51 78 8 60 15 80 76 73 76 6 145 19 144 1 64 18 58 92 34 108 22 34 0 32 54 62 10 74 4 38 71 2 80 94 64 107 0 84 0 18 91 7 52 104 58 31 6 29 81 16 8 84
128 4 15 146 8 99 63 110 36 57 176 57 52 88 23 48 56 59 127 9 37 54 18 64 28 45 53 46 38 88 63 75 99 79 91 188 45 36 31 117 44 52 8 71 10 80 49 67 68 54 72 42 102 68 252 150 143 38 128 60 61 60 71 0 20 184 48 78 94 97 66 186 55 83 10 54 0 14 0 36 147 56 81 129 81 16 0 145 81 225 45 60 85 93 99 151 0 38 102 23 199 63 70 65 55 63 25 16 163 45 72 0 22 21 2 23 67 75 180 110 71 72 16 21 86 175 106 8 31 179 15 75 29 65 87 20 61 50 95 14 85 34 51 20 146 97 93 38 63 27 104 4 9 68 163 142 0 94 4 92 179 0 81 99 25 35 71 0 144 0 62 12 79 80 69 4 136 107 82 0 45 103 5 0 48 25 115 71 93 73 2 0 73 34 41 87 24 9 63 68 96 12 70 10 29 80 88 77 136 105 36 9 156 136 42 32 49 140 95 136 31 0 39 75 19 9 64 36 15 149 79 36 145 64 103 4 34 21 36 79 39 42 52 0 108 207 16 73 72 114 45 84 159 7 84 96
0 15 72 42 197 92 48 94 39 71 90 77 32 0 45 39 0 107 40 7 53 105 59 117 77 15 72 42 70 43 12 55 30 20 81 47 110 3 86 36 32 73 14 68 80 44 43 118 73 73 44 44 87 36 43 79 87 42 54 0 9 4 14 0 94 80 72 108 4 29 96 112 2 90 91 145 3 130 42 54 108 15 39 68 0 52 0 54 26 83 11 58 104 22 41 27 38 16 137 48 15 33 64 24 63 74 52 93 1 36 61 12 114 52 6 8 79 95 142 102 24 10 26 67 60 59 45 80 0 54 50 18 9 35 75 32 12 81 110 12 60 55 39 105 9 16 12 114 34 25 35 45 61 3 142 127 12 6 30 4 94 120 0 69 60 88 30 6 134 50 169 16 117 98 13 27 124 120 43 89 20 79 36 24 99 51 164 46 62 0 64 24 15 36 53 48 18 36 110 36 48 15 126 13 127 69 18 156 4 67 67 56 33 26 22 36 22 0 149 46 19 63 120 40 40 0 75 41 24 39 47 75 178 8 54 30 43 16 25 86 3 66 39 5 54 61 48 116 54 67 53 24 90 113 44 8
7 22 61 90 37 64 107 124 74 34 53 33 38 12 83 71 116 0 22 107 31 89 61 9 20 19 89 128 24 50 32 98 132 160 26 89 38 70 44 15 40 22 0 0 155 40 166 43 63 131 31 28 4 0 88 146 72 77 61 52 57 2 211 238 43 40 110 46 154 0 106 87 16 22 133 4 6 40 126 4 105 60 0 102 30 157 77 200 116 73 86 40 24 0 172 89 10 35 203 195 76 47 52 16 108 62 60 129 127 32 67 118 89 40 64 190 66 56 64 21 1 129 121 64 0 24 42 58 18 0 42 60 113 54 85 57 31 28 6 81 55 48 130 20 138 0 0 149 54 37 62 97 152 49 153 84 48 57 28 94 90 72 30 42 0 34 10 76 122 137 66 72 123 80 47 78 99 96 86 124 53 58 56 24 8 56 42 113 88 43 8 48 32 45 154 76 107 69 46 120 18 8 84 42 21 65 1 92 124 88 217 178 17 65 54 72 87 0 26 148 24 0 33 46 72 29 47 4 239 72 92 112 16 107 45 77 99 46 193 82 7 112 31 88 51 24 40 77 44 24 62 61 65 191 128 32
24 50 0 4 15 13 0 20 0 0 0 39 84 60 7 0 81 0 23 38 49 0 51 12 73 0 48 8 48 0 54 30 24 50 66 20 93 0 64 102 18 66 0 6 48 19 24 64 0 6 141 32 0 61 32 52 67 76 96 5 4 0 52 81 14 0 59 36 94 51 27 51 36 9 120 10 0 45 0 120 87 0 16 0 0 4 4 5 87 45 27 2 132 9 24 24 66 72 9 89 131 66 72 0 24 69 0 12 119 72 74 40 15 64 30 46 90 22 24 0 0 48 156 0 35 54 49 16 30 57 55 32 7 0 50 4 8 12 50 103 54 82 16 0 16 30 39 75 16 0 0 66 39 3 12 96 69 20 103 10 55 72 9 65 101 16 66 0 162 48 48 43 89 25 105 59 0 28 6 0 61 27 23 56 0 0 41 0 107 0 0 14 33 147 99 78 0 0 7 18 48 0 50 0 64 21 12 0 76 82 0 138 24 70 114 21 0 68 0 15 0 0 6 45 6 27 45 40 32 5 46 43 66 21 56 36 27 72 0 29 48 18 12 48 47 15 18 56 24 6 0 54 27 0 30 57
0 0 22 24 136 192 0 48 18 8 0 56 51 45 101 82 72 40 97 57 89 72 60 62 103 164 0 56 12 53 80 36 17 42 56 75 142 64 81 0 20 101 45 40 160 57 40 66 43 94 18 30 7 0 72 107 32 69 104 64 15 68 46 16 89 88 40 94 29 0 99 20 76 122 61 93 49 105 73 29 71 81 116 72 58 72 102 86 64 0 127 4 68 34 0 23 14 35 127 40 107 48 108 32 46 126 118 94 102 66 40 7 0 0 81 0 145 35 100 125 110 3 37 98 79 67 12 0 19 84 21 167 27 15 119 45 21 7 60 35 20 30 17 32 15 15 12 94 10 25 16 35 71 10 0 80 60 51 0 13 35 98 54 69 69 8 40 0 57 56 82 0 55 82 3 186 0 9 85 53 24 90 0 24 98 36 0 10 61 50 126 0 60 71 21 88 25 30 122 9 0 21 33 37 16 32 54 27 40 75 160 39 39 0 12 5 13 4 94 56 52 118 19 74 0 58 29 109 104 14 12 82 38 49 128 77 27 0 63 0 48 46 51 128 48 38 121 85 4 118 54 36 64 86 56 24
48 25 0 24 93 118 48 106 0 0 0 7 46 0 77 45 22 79 7 7 73 0 0 0 23 24 35 28 0 6 36 0 0 55 24 24 28 35 28 40 73 0 72 78 72 0 0 46 5 45 188 0 106 2 50 70 49 9 97 28 0 111 124 9 7 143 28 45 32 66 62 63 24 128 3 59 0 4 0 49 63 27 8 10 103 35 96 0 38 24 93 34 7 3 32 62 24 0 0 0 88 45 64 12 0 91 45 66 116 100 123 28 133 8 0 0 52 2 98 40 54 6 29 40 74 0 157 0 0 42 0 81 0 16 60 0 18 152 66 49 54 6 65 45 21 63 12 0 0 39 0 0 56 8 43 102 34 82 0 21 0 11 18 45 171 8 25 12 146 35 44 11 48 35 14 59 81 96 0 0 40 28 10 32 42 27 56 0 71 91 48 7 42 71 0 9 63 0 36 35 56 8 11 8 15 39 0 20 49 0 6 21 0 63 0 9 21 134 82 0 24 59 62 32 25 56 0 24 37 78 28 23 35 159 139 77 4 68 98 20 0 124 28 32 0 0 0 26 0 90 27 54 96 0 36 63
54 33 15 3 103 80 7 11 88 0 20 77 42 0 24 0 61 21 15 15 10 49 20 21 14 111 72 17 100 0 0 32 0 14 0 80 89 33 8 9 0 12 7 0 27 72 55 118 82 6 13 8 60 0 64 45 8 83 7 66 0 29 0 18 5 40 111 24 27 0 6 45 39 0 91 75 0 55 32 0 10 13 16 32 0 71 0 48 6 0 60 43 63 27 42 52 37 24 63 12 35 28 101 0 66 63 15 0 8 39 24 69 115 7 2 62 20 56 24 16 32 143 12 16 0 0 37 80 48 0 72 50 8 0 0 42 66 18 5 59 35 42 20 74 165 8 0 58 111 45 0 0 133 98 82 35 99 16 63 7 1 169 100 0 91 0 6 107 142 0 19 129 89 30 109 76 0 9 4 84 4 40 69 7 10 25 8 9 126 10 57 8 63 0 74 32 20 0 50 0 99 4 25 4 48 54 21 18 110 123 36 28 65 64 62 9 0 121 70 23 25 0 2 31 0 79 59 14 0 0 79 44 28 42 0 63 89 62 20 30 72 60 78 30 5 8 48 70 161 35 28 24 112 36 107 12
54 15 37 74 18 83 40 112 3 78 160 104 95 15 0 44 38 44 63 99 92 87 45 31 116 153 83 174 49 0 100 108 122 85 25 122 138 0 85 0 117 95 37 0 36 53 36 77 56 0 33 64 162 81 97 179 128 28 0 28 67 113 20 16 0 56 95 88 224 20 72 40 76 130 6 50 77 45 4 39 142 153 85 80 56 136 90 183 56 32 21 0 0 5 112 265 0 66 119 50 106 76 107 63 90 61 9 0 220 14 87 24 77 14 114 66 321 20 123 113 70 134 20 18 16 8 138 28 72 15 49 133 53 41 56 45 65 24 67 78 28 14 46 46 93 38 130 133 50 21 72 60 135 19 165 76 194 16 24 0 70 1 39 80 25 199 99 0 167 85 70 56 166 107 61 75 72 12 0 0 64 41 134 18 47 42 48 17 85 37 0 0 120 59 32 46 0 0 16 30 141 0 8 42 12 108 31 0 83 169 118 91 73 73 112 102 14 0 94 56 16 8 90 148 15 117 114 41 10 53 8 94 69 34 75 54 137 51 253 117 0 90 16 30 82 16 0 36 102 180 65 130 93 34 142 119
36 0 18 9 117 69 20 140 64 4 32 96 0 99 71 4 87 42 59 31 0 38 56 138 111 68 139 36 123 42 34 175 36 23 0 60 165 132 67 18 0 0 0 70 67 107 13 71 44 76 99 72 186 12 55 69 48 75 51 34 0 107 143 36 41 0 17 16 199 36 80 54 34 34 141 45 5 84 95 91 78 63 47 31 62 176 74 88 163 55 4 105 0 91 32 98 72 122 63 81 43 100 0 0 91 27 12 77 63 97 12 99 112 84 47 72 60 8 185 48 0 116 45 16 54 68 57 14 24 27 64 70 109 6 20 18 143 54 14 13 24 128 121 0 163 99 78 186 143 41 32 9 0 7 75 130 146 30 18 58 0 82 80 24 12 148 52 8 136 62 20 64 120 54 138 53 73 45 40 33 54 30 54 45 54 102 132 6 52 45 57 2 0 111 97 132 81 30 25 20 72 19 168 61 0 116 78 177 0 132 102 62 22 72 167 0 80 35 27 72 12 0 91 90 41 128 45 24 62 101 27 82 0 32 4 53 62 71 36 82 0 81 35 78 7 46 47 5 0 56 27 32 85 54 64 64
71 0 6 0 8 18 48 65 60 94 19 93 0 0 81 9 24 0 117 85 63 8 48 123 0 15 54 36 87 45 3 20 48 12 44 18 114 1 27 6 178 5 0 7 2 24 20 40 35 0 60 18 9 0 5 4 141 84 9 94 48 59 9 50 49 8 68 43 24 1 75 0 0 18 0 70 66 148 52 0 19 48 9 24 0 62 0 6 30 60 47 0 0 28 19 108 0 42 12 0 35 0 12 9 72 71 0 37 27 58 12 74 6 56 51 84 7 56 10 64 7 0 2 1 48 45 48 2 20 54 7 66 100 24 0 10 64 84 5 12 24 45 47 0 15 207 116 30 63 69 136 0 111 114 5 224 40 9 0 91 1 108 0 63 0 79 12 37 7 85 33 46 67 4 33 14 42 27 12 68 0 49 35 0 26 36 22 48 135 42 24 16 0 5 1 7 50 66 102 0 21 65 49 4 54 94 18 162 32 0 15 111 7 18 129 45 23 8 61 45 0 71 8 41 49 0 106 0 9 47 9 35 30 46 12 24 90 30 0 9 1 0 7 30 12 25 83 71 66 42 0 36 43 18 110 18
54 28 35 27 108 32 94 54 30 0 0 78 79 0 3 0 6 58 71 33 70 7 15 0 96 0 78 21 42 58 102 12 49 86 77 0 69 30 97 48 112 44 19 64 79 70 56 52 7 105 56 0 70 6 14 19 24 54 56 70 6 0 0 24 14 14 48 45 28 12 62 0 13 30 0 0 0 0 0 24 42 30 0 40 56 6 140 38 48 121 24 0 24 89 61 6 93 3 87 3 9 36 10 0 0 67 27 14 93 18 7 46 24 3 24 10 57 90 153 15 80 0 0 19 67 56 75 0 66 18 42 5 19 29 58 21 58 93 14 0 36 72 0 12 54 66 36 70 48 66 56 98 55 21 59 2 54 0 6 45 0 58 0 48 146 15 57 0 0 56 41 0 24 6 121 63 40 128 12 63 31 14 0 77 39 0 50 20 27 18 0 0 12 130 45 42 0 63 53 9 18 89 9 84 20 6 0 12 9 12 0 98 0 51 0 108 49 56 53 5 35 98 36 50 78 47 12 0 43 56 108 18 21 12 71 0 132 0 45 35 14 35 36 74 6 52 54 0 66 6 54 94 114 0 44 18
28 46 92 4 221 56 5 8 148 8 14 27 54 156 60 6 156 36 118 10 20 65 162 24 100 5 105 27 84 12 112 64 20 18 9 6 54 0 140 206 7 68 20 0 22 40 16 34 24 45 154 44 14 90 86 90 9 62 209 98 18 75 104 79 0 64 70 20 57 54 42 62 16 48 87 0 41 23 0 12 128 1 34 94 0 63 91 96 91 76 121 16 74 81 37 46 27 40 38 72 81 72 12 6 0 29 40 8 64 68 0 24 42 14 81 52 20 9 45 113 54 57 73 72 0 111 44 40 83 50 95 69 79 0 106 24 76 125 106 155 110 134 123 0 36 12 84 35 0 30 54 55 0 0 41 59 70 44 29 17 25 79 8 72 153 57 99 0 120 92 32 0 65 1 82 0 54 58 25 32 24 112 25 75 40 97 96 14 75 18 0 24 90 63 63 76 53 105 82 89 62 31 144 66 27 70 30 63 155 76 72 79 0 5 92 15 58 8 50 32 12 97 92 211 40 28 51 169 52 38 52 52 36 97 84 6 121 22 52 28 24 114 10 45 9 20 79 24 60 53 72 50 51 52 8 24
58 18 0 139 44 6 128 14 45 143 96 79 144 42 27 16 51 16 32 81 73 29 0 124 0 16 165 72 23 111 63 33 42 18 3 185 128 12 154 64 87 45 129 40 67 25 9 150 30 104 162 34 101 60 134 208 102 178 108 113 43 20 0 16 149 155 66 75 25 0 18 82 40 36 135 20 28 82 54 74 40 95 33 55 75 69 99 56 72 72 0 28 105 43 16 147 35 50 208 54 132 22 51 72 32 111 29 70 154 62 8 42 152 143 111 38 102 97 9 53 126 116 107 79 125 112 89 84 0 0 55 122 82 0 86 4 89 27 91 84 24 71 20 58 10 253 37 213 46 10 53 0 80 8 113 77 27 36 80 41 119 0 44 60 64 0 53 64 80 28 56 80 72 77 71 114 57 99 74 9 86 64 0 109 49 25 45 81 32 5 25 32 32 225 149 149 42 101 19 71 63 24 74 12 150 20 33 120 131 72 68 126 64 121 100 99 69 107 0 40 62 72 9 84 30 55 37 220 93 36 82 44 82 26 23 0 12 99 96 72 33 24 60 0 51 162 166 76 106 42 13 86 83 3 82 77
110 2 57 30 111 35 96 101 48 50 88 104 14 135 46 80 20 47 9 14 115 161 153 159 27 45 167 74 159 93 31 183 72 42 46 176 74 30 15 0 93 78 152 87 36 196 101 49 95 174 76 3 0 78 79 69 38 149 108 63 175 35 106 0 56 122 107 36 94 45 42 56 57 69 205 100 123 20 72 92 109 78 41 162 86 148 70 72 158 125 116 58 91 83 89 85 61 43 48 24 42 84 9 0 74 44 108 66 100 184 5 56 110 45 12 136 91 26 186 56 72 184 20 42 0 130 28 94 16 151 54 106 108 25 57 54 106 72 16 55 12 0 171 112 120 212 55 169 140 124 77 82 160 5 202 110 42 50 153 82 132 139 69 38 176 110 56 0 93 0 0 49 294 105 116 51 23 122 165 136 72 72 4 56 36 138 195 98 171 0 18 12 15 67 165 16 7 146 40 44 48 21 103 124 1 125 81 118 24 108 165 61 30 28 169 54 117 154 35 39 29 0 23 94 94 16 78 92 21 119 48 120 50 234 39 34 106 88 65 88 93 116 63 202 154 161 205 0 81 85 81 118 212 54 191 194
84 6 36 192 5 40 4 116 48 0 46 0 10 36 4 89 148 62 143 40 10 0 52 32 15 108 32 30 86 68 0 147 121 41 92 0 111 69 72 28 75 81 28 26 50 12 40 47 73 40 27 35 7 82 6 86 151 0 10 106 48 72 51 69 64 39 52 71 45 93 73 25 0 8 44 24 36 0 11 59 30 39 0 24 43 155 0 36 72 80 93 111 10 94 117 126 8 95 47 50 45 128 20 80 54 100 33 56 149 0 75 18 73 36 72 91 70 0 19 0 56 115 8 12 30 72 0 0 40 25 5 104 185 25 138 71 25 51 16 23 44 3 144 49 7 35 143 11 92 31 101 118 96 63 42 153 88 0 18 99 16 0 43 24 20 47 93 38 28 4 117 49 0 21 93 47 106 34 66 36 69 49 0 112 87 89 57 129 144 0 81 43 56 7 82 25 129 48 70 31 36 83 9 49 12 34 118 104 52 53 0 50 10 19 83 29 99 32 75 7 99 25 66 9 28 32 96 0 12 19 27 24 50 56 9 0 135 74 54 10 5 21 48 125 48 33 18 136 16 55 36 126 153 2 128 35
56 49 35 172 108 44 11 95 58 55 38 36 8 62 10 92 45 52 48 48 4 52 109 81 41 168 48 93 9 0 16 10 60 28 67 56 70 21 29 0 12 108 56 65 103 151 58 34 91 80 44 71 127 39 92 158 1 67 128 11 52 121 109 66 12 47 29 0 176 25 151 27 30 56 39 103 36 40 131 191 33 28 0 62 177 41 15 92 57 72 58 38 87 156 0 32 37 93 63 58 113 75 126 5 138 49 80 121 0 73 8 18 32 44 69 12 96 5 150 48 63 100 86 0 118 74 40 19 75 8 44 92 44 0 16 34 143 18 0 57 54 164 57 56 196 21 105 100 86 15 63 86 12 32 123 194 111 27 89 47 100 67 16 83 126 90 25 0 78 16 96 23 139 71 100 55 45 29 67 21 0 27 95 16 32 109 160 54 67 64 30 0 19 64 1 167 18 14 53 30 100 0 0 33 34 130 72 49 0 122 123 125 65 85 168 46 32 147 41 60 34 6 31 54 0 126 74 16 27 65 36 46 36 84 68 62 38 105 22 45 35 0 20 85 0 134 35 112 39 65 37 20 47 81 36 32
96 18 20 36 38 53 116 0 112 16 6 9 33 38 61 51 0 69 18 0 15 16 164 37 67 0 124 15 102 0 9 70 27 132 27 56 24 15 45 135 127 35 71 18 95 0 49 69 58 136 0 32 24 0 106 20 47 32 22 0 32 51 28 18 66 48 50 38 0 54 91 80 4 66 42 48 24 6 0 12 104 32 96 24 60 109 90 32 36 50 7 54 52 23 113 74 24 12 0 0 37 7 79 72 0 75 0 45 84 0 52 0 72 29 45 15 66 35 162 86 0 59 72 29 62 110 89 52 0 54 18 31 45 3 81 64 43 32 18 0 48 35 151 63 21 56 12 130 35 18 0 129 32 29 12 72 35 11 45 0 67 40 32 0 35 12 18 6 93 45 20 36 66 24 72 133 40 163 79 4 73 38 15 41 137 31 57 1 131 36 5 71 60 44 8 0 65 60 45 36 71 27 145 63 52 91 135 79 36 116 171 10 150 58 75 97 103 53 218 63 20 0 24 163 48 1 42 45 61 12 50 16 5 0 78 0 45 40 27 0 81 26 76 0 47 62 50 0 78 160 28 111 160 17 130 56
97 18 33 45 87 132 64 50 36 125 72 130 40 100 40 44 116 0 36 53 55 94 25 112 50 139 3 36 78 115 68 195 71 94 91 81 125 112 38 111 123 28 63 186 120 117 111 15 51 2 57 86 17 47 77 68 68 100 152 56 129 116 150 299 54 15 160 41 0 12 91 118 32 80 128 231 0 92 103 147 139 30 56 90 97 192 87 114 130 15 207 110 114 158 27 56 96 152 33 39 100 157 30 107 78 42 0 90 60 188 32 63 21 1 18 10 90 35 201 57 128 191 63 15 101 60 40 21 86 20 105 171 26 37 51 24 225 42 5 65 145 72 243 142 233 32 110 102 130 65 48 74 16 47 73 202 87 33 41 42 0 67 79 45 96 63 50 0 262 76 9 131 116 135 104 25 153 45 39 21 72 45 35 34 36 103 133 35 82 57 0 24 46 231 24 8 0 160 63 36 84 0 143 84 60 150 20 85 69 8 214 106 12 126 120 133 99 174 51 104 52 0 19 36 42 9 35 10 103 90 101 118 7 38 6 80 52 82 121 10 76 101 93 16 45 48 95 0 254 51 72 141 87 72 7 64
0 29 81 112 133 22 30 52 24 14 64 144 64 95 54 0 10 36 46 19 78 94 60 42 130 24 52 0 70 50 66 173 92 14 26 38 46 30 0 0 92 0 0 12 0 70 96 36 63 30 16 36 86 56 18 193 66 0 111 30 91 30 80 10 65 100 8 10 8 121 28 28 22 2 167 46 30 0 0 49 120 0 12 176 58 73 44 28 84 39 117 0 40 36 70 113 7 14 109 87 52 24 0 130 8 18 112 88 10 14 148 42 72 24 8 117 69 34 121 0 40 126 32 50 146 97 72 32 70 4 18 65 0 72 159 76 28 199 21 52 54 28 117 60 113 60 0 42 133 8 31 36 5 2 133 215 51 60 193 73 35 14 14 12 77 20 8 64 30 2 0 18 78 132 14 0 139 37 130 25 80 65 10 49 0 63 56 38 164 42 2 18 35 114 95 40 55 47 0 18 32 8 232 115 87 104 0 69 8 111 24 31 102 124 85 130 28 81 102 121 9 0 63 64 45 48 30 93 0 37 179 66 54 61 0 31 81 56 71 14 9 8 62 67 12 61 74 20 5 73 33 14 42 34 139 72
59 0 0 7 137 8 0 59 0 0 35 7 0 56 13 57 42 53 0 12 27 58 0 76 0 0 0 4 122 45 0 42 16 0 76 73 0 42 0 93 38 48 0 56 97 72 49 8 121 0 16 2 45 10 56 65 103 63 10 0 51 65 32 54 0 45 0 25 26 15 68 22 57 0 72 69 9 0 6 0 72 12 30 51 56 9 77 63 90 0 123 0 56 18 8 37 79 0 44 33 56 6 0 0 103 87 0 7 80 25 0 63 2 0 153 100 25 24 76 0 64 135 0 15 42 0 57 0 164 0 87 47 36 2 37 0 12 18 4 104 0 5 45 0 12 0 109 93 96 21 104 15 95 56 31 33 33 30 32 24 35 64 20 40 16 24 34 0 63 5 49 0 108 46 37 8 0 32 0 0 0 58 18 8 28 32 109 24 5 0 0 30 15 14 0 85 12 0 80 99 37 0 14 58 32 14 0 52 0 26 32 0 2 57 91 0 15 16 22 28 126 18 21 8 45 63 17 0 78 44 64 0 20 55 6 14 9 81 111 54 0 30 68 0 36 64 27 12 126 0 33 21 24 24 0 36
43 23 38 0 135 5 57 23 109 79 24 12 4 88 23 25 119 70 126 43 98 97 86 110 24 46 79 89 101 69 84 34 65 30 70 36 100 71 72 71 58 40 0 66 17 72 117 51 75 135 11 20 31 65 5 126 36 64 36 39 5 24 64 162 0 58 72 80 4 1 51 52 44 104 8 27 81 83 0 6 109 29 42 89 36 97 157 80 12 57 6 0 40 129 12 44 35 41 80 21 84 65 13 0 24 12 1 47 72 15 42 58 18 99 48 66 80 44 27 33 153 164 38 27 69 115 48 0 42 0 90 18 30 42 41 6 54 63 3 10 36 81 84 40 39 62 54 79 47 27 74 81 7 40 56 82 123 16 0 30 1 169 20 72 8 47 126 3 57 36 82 45 12 45 95 97 38 26 0 62 51 77 22 91 20 64 15 16 70 0 4 0 36 54 51 144 6 108 48 24 20 108 59 56 27 16 16 72 67 12 132 7 0 121 35 8 69 8 68 60 99 24 57 121 18 27 9 16 124 14 94 40 60 42 48 59 96 12 159 0 1 40 99 18 12 19 16 0 21 75 66 28 100 0 126 0
99 28 21 79 47 70 134 0 18 37 40 138 50 51 105 12 112 26 0 151 143 16 120 66 0 26 98 86 132 27 57 46 86 90 0 96 88 73 72 0 64 64 101 53 56 86 67 70 6 155 186 106 21 102 59 28 101 75 28 96 56 68 67 37 102 12 29 169 51 14 24 175 38 87 50 30 54 0 15 110 42 246 64 45 62 123 44 128 130 45 91 130 91 110 90 81 79 12 0 6 25 222 30 54 16 32 0 52 104 48 26 14 36 88 88 77 120 100 58 71 69 125 16 85 10 69 79 152 67 48 16 93 269 65 51 116 152 169 72 37 66 34 9 25 84 100 48 93 90 11 81 54 68 36 96 169 32 40 20 174 89 0 74 123 18 174 12 0 147 6 59 20 102 18 125 56 115 154 98 33 104 158 24 70 79 61 36 146 60 123 11 67 51 15 158 1 48 20 31 52 49 15 19 0 122 94 105 48 14 158 102 18 90 88 154 70 66 35 36 73 0 56 46 126 56 78 24 183 20 15 86 100 118 0 116 12 67 163 31 62 28 103 35 72 176 120 103 0 108 120 34 137 40 4 30 38
16 0 10 18 141 0 45 83 8 9 86 105 0 29 29 46 32 48 12 56 93 159 0 59 14 45 36 45 132 0 134 85 34 36 56 73 44 2 64 74 3 87 1 65 93 54 40 24 51 56 172 63 64 64 18 48 35 0 32 150 76 100 86 91 77 5 73 9 63 52 160 20 18 12 108 1 110 20 154 8 69 161 81 156 24 78 53 10 21 16 40 123 97 55 12 182 108 0 62 95 0 4 0 36 0 153 13 85 122 0 25 51 54 57 80 32 22 105 206 64 70 36 10 77 5 164 172 18 112 12 21 111 106 45 46 101 60 126 8 101 12 91 32 32 36 36 62 182 201 30 16 20 69 9 39 207 58 72 88 40 98 97 28 101 67 154 67 0 2 24 69 63 70 18 16 12 70 38 207 88 112 63 0 142 2 48 118 80 0 81 30 0 0 21 36 29 18 67 6 42 74 9 32 105 93 131 0 106 0 36 133 127 92 24 221 96 15 63 68 24 98 130 72 160 51 0 81 172 15 44 134 45 47 31 24 40 153 182 92 41 2 56 58 64 3 110 40 0 136 86 99 72 135 191 98 141
0 0 38 89 188 36 162 100 25 5 0 0 46 129 20 48 81 42 52 54 18 36 82 52 93 69 99 54 63 0 73 81 45 114 20 9 94 58 0 20 0 92 35 83 24 102 0 0 12 0 0 42 14 27 20 99 86 53 23 64 20 102 24 0 72 8 114 6 0 43 10 0 5 108 37 20 0 0 89 139 140 81 30 24 87 42 36 109 43 2 63 45 45 60 77 36 96 10 69 27 43 54 27 108 10 48 6 45 36 0 0 9 90 99 118 0 24 72 79 150 139 67 24 6 0 59 0 54 12 2 0 5 68 107 44 5 40 189 16 0 58 9 8 0 47 21 24 107 105 30 3 18 0 43 99 130 82 10 72 12 0 48 0 32 98 9 14 0 120 45 0 0 21 37 117 0 154 51 81 62 0 73 0 42 108 0 76 25 0 74 0 0 41 79 96 94 24 0 0 0 0 0 66 115 12 144 36 0 0 45 20 111 96 26 72 59 12 62 65 48 0 111 101 54 47 0 0 106 108 0 106 155 0 42 54 20 117 24 0 90 108 48 111 48 36 18 64 24 10 22 76 1 108 54 0 117
12 6 41 45 225 49 63 18 121 6 44 0 86 88 114 66 220 34 49 0 83 0 36 68 106 36 32 0 0 56 96 33 84 47 70 139 102 24 18 75 10 68 66 0 147 29 109 84 1 118 153 40 35 48 49 84 0 175 128 103 66 101 47 114 21 91 90 59 112 40 47 57 43 105 133 91 123 25 72 131 81 43 24 36 42 26 56 72 165 86 113 72 23 15 80 45 60 24 56 76 160 30 132 30 123 22 51 108 59 93 66 24 85 107 40 156 107 56 138 71 152 96 72 64 64 66 42 74 0 48 19 49 40 33 125 69 78 163 28 21 20 84 178 130 32 0 30 20 144 36 9 146 38 5 84 88 80 50 32 21 0 0 0 120 30 104 105 43 129 30 0 8 34 91 8 68 34 87 21 19 40 60 16 41 28 103 27 81 141 59 9 35 34 14 64 89 151 0 49 87 51 41 20 0 75 127 5 110 32 75 90 93 21 10 98 59 30 37 57 126 49 25 162 39 72 63 60 76 50 34 13 51 18 53 92 0 103 26 8 54 44 116 104 27 61 54 110 26 8 57 72 38 27 36 0 108
180 81 10 160 45 30 52 97 111 70 0 56 59 0 84 37 89 80 47 6 45 20 64 36 153 122 101 0 109 0 48 43 100 76 6 122 103 23 99 48 61 46 0 31 78 114 81 0 0 45 49 65 37 24 46 36 92 30 143 55 72 65 62 41 15 112 107 120 117 88 59 93 42 87 46 25 36 20 99 35 0 66 0 12 42 24 7 32 5 65 0 77 89 125 46 94 10 8 162 25 91 83 92 24 9 33 57 0 45 63 84 8 145 9 56 83 129 36 98 0 36 6 8 53 42 90 70 16 116 78 35 96 54 3 93 20 25 81 102 54 40 59 43 50 47 26 4 24 113 125 81 34 215 127 72 114 34 40 0 156 91 63 25 25 32 36 69 81 163 12 20 55 50 27 69 43 73 79 33 89 57 135 14 52 94 3 49 68 28 76 14 4 116 62 69 9 32 84 5 0 55 80 43 0 0 21 0 117 131 56 4 103 84 0 31 5 33 69 51 59 17 9 76 26 76 7 56 0 63 47 137 30 86 72 14 15 14 47 54 34 53 93 41 0 45 38 87 9 24 24 69 41 0 10 160 53
48 21 43 121 93 47 14 64 2 72 32 75 14 99 87 48 64 5 85 80 60 19 52 94 118 175 86 66 182 46 43 67 0 4 78 46 123 32 44 0 112 54 132 84 102 33 81 114 58 78 32 59 57 21 7 132 125 72 28 32 18 10 54 51 41 32 83 37 99 68 78 162 56 66 66 98 29 172 0 51 209 36 6 40 31 90 14 70 104 23 39 17 50 73 18 105 44 41 98 100 44 102 86 5 71 100 51 24 66 112 72 13 114 67 18 47 32 42 153 179 61 222 8 37 84 142 33 8 80 72 23 1 47 35 30 48 41 138 108 118 76 92 7 14 42 82 42 130 158 31 20 31 111 34 73 29 28 23 32 0 179 32 12 25 7 14 73 0 116 118 144 26 16 81 142 82 87 67 32 15 0 123 81 12 63 56 130 66 57 92 6 0 48 117 31 191 0 0 46 11 42 0 66 59 12 84 72 50 16 57 99 140 50 64 124 14 26 28 36 77 0 19 120 32 40 106 0 65 25 9 106 34 67 30 110 48 0 81 30 63 0 12 0 116 131 65 83 94 16 73 0 36 132 84 56 82
76 77 42 9 36 24 6 54 138 14 10 0 68 10 111 46 148 0 76 37 53 26 28 24 89 50 117 0 81 28 56 38 197 164 0 54 18 47 132 48 93 5 0 0 157 32 149 111 16 141 114 21 44 21 112 95 35 150 116 88 73 71 47 79 54 0 29 64 144 0 102 68 6 43 2 27 49 55 165 61 52 25 15 47 113 64 52 93 40 95 36 65 77 47 16 93 6 56 93 0 50 79 120 45 56 19 14 186 106 80 84 61 83 65 71 3 24 7 0 80 46 9 64 21 174 137 132 24 53 61 49 59 53 36 27 48 160 51 26 149 12 127 9 15 57 189 135 109 102 59 131 50 32 96 15 60 127 72 32 63 27 48 20 113 0 82 47 58 145 0 77 35 45 135 140 67 33 0 42 15 139 23 70 51 5 94 111 9 111 26 37 0 29 98 45 65 24 78 65 0 129 122 104 27 59 47 25 137 20 148 139 63 10 24 100 20 28 43 62 40 16 42 6 119 38 131 22 17 130 56 66 24 0 7 68 27 56 28 0 48 36 0 42 0 24 36 102 65 92 56 15 25 11 113 130 24
33 27 0 0 121 39 42 86 36 51 36 55 80 117 44 0 36 3 39 21 70 18 0 71 0 114 0 56 23 30 87 175 9 55 18 37 0 153 0 0 87 0 48 56 110 84 10 118 24 57 8 13 29 6 45 71 117 45 141 83 98 54 102 81 63 30 93 6 14 16 0 15 128 3 168 56 0 86 0 53 32 7 101 81 5 63 113 58 48 0 0 0 49 18 0 48 145 24 12 36 42 24 31 32 54 60 3 64 17 98 0 27 33 48 7 28 120 16 115 48 62 74 0 30 139 23 0 4 0 21 48 93 56 81 110 72 59 52 0 51 9 73 96 18 126 30 9 6 63 20 0 53 0 14 133 143 45 91 77 39 3 35 42 28 0 42 0 24 63 33 56 173 13 26 6 111 63 0 0 0 50 1 85 0 0 73 0 49 6 34 58 63 36 44 0 18 3 126 12 36 8 12 40 45 87 148 48 99 63 5 106 56 55 0 0 6 27 0 21 112 40 0 25 41 5 84 47 72 12 87 186 50 6 0 75 0 79 0 54 84 26 60 0 0 0 2 0 16 80 66 39 48 66 18 9 121
36 18 32 0 41 53 0 48 45 14 12 35 0 152 56 138 90 90 21 16 75 18 16 67 76 6 74 17 114 52 80 54 0 56 24 108 0 20 0 63 44 0 45 81 54 171 6 13 73 40 185 10 48 72 56 214 127 73 28 52 48 81 101 12 0 0 146 0 48 12 125 81 18 10 56 40 125 36 89 9 48 78 0 27 86 71 0 6 54 18 8 60 58 33 84 84 0 40 72 56 119 24 68 0 88 76 0 51 83 21 160 44 80 50 0 42 32 78 0 34 64 0 5 72 63 64 85 40 0 0 18 27 4 0 5 95 60 64 20 111 0 102 87 52 42 16 92 163 224 12 64 77 92 122 110 72 110 94 54 66 0 107 18 0 9 90 18 86 132 16 90 120 87 113 156 48 8 60 0 8 89 12 54 49 24 20 200 9 0 16 27 28 54 0 56 9 60 18 16 40 254 0 79 0 0 98 8 74 78 92 81 92 60 228 333 75 12 147 69 30 111 0 94 0 10 94 54 20 56 40 89 8 96 76 16 35 152 90 67 69 0 45 16 48 0 79 46 40 72 120 113 58 132 81 87 36
4 22 114 32 116 57 200 84 68 100 28 54 70 47 94 14 123 35 86 12 95 20 48 113 28 143 54 76 41 71 33 122 77 103 0 82 166 40 160 28 60 123 91 0 105 29 62 103 117 24 41 40 18 36 234 126 33 48 107 131 4 121 115 72 56 139 125 80 10 64 156 78 92 32 140 0 91 0 22 40 49 102 36 123 40 203 125 10 16 68 28 28 4 14 0 98 75 58 83 76 40 123 74 20 28 66 0 78 24 14 198 12 183 55 79 43 136 168 55 136 80 25 60 68 24 73 169 30 22 33 131 30 32 88 52 36 113 53 30 8 20 126 216 114 118 98 72 14 139 18 18 87 90 0 74 124 60 43 52 10 45 54 6 42 73 42 43 0 186 80 41 47 77 0 38 142 174 40 17 17 53 72 48 67 124 56 102 93 72 55 17 24 102 179 198 74 7 35 2 24 36 18 0 14 60 18 61 110 125 60 104 105 33 12 44 21 128 77 129 129 76 59 19 46 0 14 64 58 57 45 106 72 81 50 98 3 256 16 78 75 133 101 104 58 21 34 36 6 32 104 0 9 76 51 241 96
81 70 3 1 64 12 48 31 117 2 66 131 3 12 27 24 76 41 28 62 8 78 46 132 32 18 25 67 87 111 4 21 192 104 18 24 0 69 15 27 46 18 28 64 36 32 174 46 12 12 24 29 30 60 82 19 142 56 54 15 32 27 29 27 0 30 6 32 229 7 105 45 47 32 0 78 6 24 0 32 56 21 74 76 30 110 11 68 56 64 60 0 28 72 0 34 126 104 19 71 1 177 176 20 45 3 35 48 72 40 100 65 94 18 24 40 54 56 64 78 57 54 128 22 0 70 81 37 0 63 20 72 72 0 12 32 36 93 0 65 0 91 39 0 60 32 54 90 168 54 0 63 104 3 160 153 56 2 38 24 34 119 40 109 26 42 72 45 108 32 8 0 97 27 58 9 48 163 90 18 0 18 0 0 0 18 49 48 125 0 0 0 95 32 25 78 48 0 70 41 63 84 45 14 158 7 68 104 20 81 37 16 16 24 166 0 0 18 20 78 21 0 0 146 9 40 50 18 133 0 71 48 48 52 146 7 9 53 4 139 0 4 18 16 42 0 0 51 36 3 0 23 54 2 0 76
71 104 31 51 24 99 102 4 67 26 4 149 96 10 103 63 50 42 24 75 16 3 21 55 16 189 28 8 50 44 43 34 42 100 26 30 57 179 68 21 75 92 71 4 120 20 25 109 0 75 42 58 39 56 247 28 105 119 40 57 66 96 124 0 63 50 62 69 18 0 48 0 18 0 68 12 20 4 39 76 39 42 96 34 33 88 0 45 12 0 66 32 52 22 2 46 23 54 122 24 111 0 184 0 45 63 6 0 58 70 42 14 12 106 39 10 4 62 71 46 95 108 0 45 15 32 53 6 25 49 66 42 34 46 125 0 141 64 19 20 39 44 45 26 10 106 10 56 28 9 0 86 81 27 10 32 55 53 20 39 6 14 32 18 68 87 15 22 105 28 162 105 0 62 0 85 66 68 23 6 42 90 55 0 54 40 78 0 108 30 0 100 61 101 146 165 8 0 44 21 53 0 24 8 54 19 41 18 35 67 30 44 60 26 55 27 21 72 77 113 76 7 47 29 7 52 70 38 52 0 87 75 3 45 115 0 41 0 51 53 95 38 0 75 63 7 20 26 33 0 121 144 82 21 95 115
78 0 45 90 21 27 7 0 96 10 0 60 71 0 3 67 0 45 0 37 64 21 0 76 76 0 25 8 48 3 0 69 49 28 40 112 106 66 0 54 78 38 39 21 63 92 113 0 0 105 78 150 0 4 0 0 28 30 53 61 63 36 47 30 0 0 8 0 101 0 12 0 59 48 87 61 30 25 0 0 31 7 0 51 0 0 54 118 39 140 62 79 0 16 0 40 54 0 83 10 45 24 9 0 8 63 9 24 5 40 0 61 20 0 0 0 0 64 48 18 6 9 21 18 75 8 16 0 32 36 0 3 72 0 13 0 135 0 54 7 0 69 27 30 49 0 51 73 125 0 108 153 12 0 35 8 36 72 0 27 0 0 67 103 21 30 99 0 0 0 0 35 64 9 24 0 86 0 0 21 115 81 25 35 63 33 45 0 45 75 0 0 0 86 56 69 0 55 63 0 0 0 86 7 20 40 20 12 45 27 4 0 4 38 105 18 63 0 21 28 7 54 14 4 42 24 55 0 0 171 102 0 49 0 0 54 35 40 90 0 47 68 93 19 0 142 36 73 72 12 0 12 4 0 6 32
105 1 30 69 37 87 62 75 42 121 35 89 48 0 35 64 6 18 80 0 54 82 91 82 24 0 119 174 64 63 0 56 10 40 7 189 127 0 58 95 0 81 117 45 271 35 15 117 28 203 0 6 0 0 72 63 40 0 69 8 56 81 69 72 59 91 0 28 0 0 54 0 21 12 65 27 0 0 69 28 114 0 71 72 93 183 72 0 0 42 42 2 113 9 36 28 33 117 65 19 198 42 0 81 0 81 99 0 0 69 110 0 156 119 18 36 45 24 162 129 19 70 71 63 65 7 0 38 19 97 26 89 8 18 126 56 92 131 0 45 32 24 116 63 86 149 0 188 27 51 24 24 145 94 40 48 45 15 10 10 0 47 7 0 76 10 9 0 70 88 63 0 88 24 22 114 78 96 0 18 1 141 3 4 226 50 70 0 90 8 12 55 8 97 8 48 21 168 102 73 28 4 158 45 60 145 67 30 27 105 141 18 79 0 90 42 42 27 0 48 36 14 122 104 50 33 21 27 0 45 80 32 61 0 9 55 0 118 30 122 35 85 45 83 95 145 149 0 153 101 83 112 38 20 0 63
106 99 59 248 17 89 93 256 0 81 14 0 48 133 124 108 57 64 83 84 22 4 101 105 142 41 168 132 67 62 24 24 85 60 90 42 72 24 58 79 100 144 20 18 76 122 4 103 0 0 225 64 53 78 108 148 24 32 132 68 8 112 48 26 42 113 0 12 57 18 43 64 48 120 63 78 102 16 53 0 269 105 72 14 121 9 109 63 100 84 60 104 24 150 120 109 16 66 36 58 135 74 258 24 10 15 55 112 8 7 206 12 110 160 112 43 161 74 107 84 240 30 20 60 158 131 168 0 33 301 59 21 16 33 101 94 16 171 121 36 27 196 155 12 9 77 86 68 106 74 100 40 160 128 162 26 36 140 44 79 16 76 24 127 123 0 167 84 175 89 124 59 57 105 93 69 100 71 72 72 30 60 8 101 195 147 78 18 102 66 86 0 36 168 6 212 66 63 0 70 9 81 89 73 56 58 120 65 92 148 146 110 163 66 81 98 34 209 135 72 78 123 64 126 8 24 63 50 199 120 24 57 0 136 235 100 59 24 0 75 0 25 13 48 48 103 122 207 28 106 78 93 26 12 69 76
118 42 65 84 146 61 45 26 153 25 103 77 122 52 83 14 107 20 48 18 74 46 26 0 68 178 86 50 38 13 103 139 63 130 31 20 55 131 0 66 106 61 127 35 82 0 92 16 100 0 99 24 4 40 15 55 45 78 174 19 218 94 104 21 0 75 19 46 34 70 10 97 71 26 161 104 2 6 60 117 114 6 133 106 20 54 72 114 120 41 121 92 0 24 70 40 68 24 48 107 106 64 114 77 6 85 2 12 52 32 119 75 63 45 79 51 36 13 183 1 88 128 30 57 70 121 59 32 173 65 91 65 84 18 95 80 19 201 48 64 106 123 61 9 72 43 44 100 112 84 167 30 46 59 105 39 26 103 34 81 42 91 54 24 96 45 37 80 71 18 24 20 39 5 221 145 131 67 72 21 74 49 112 178 83 69 77 120 101 28 64 19 19 78 62 128 8 53 52 56 48 59 72 74 6 32 150 40 150 64 178 46 18 96 115 120 32 46 29 4 9 102 45 8 0 0 36 30 128 9 129 122 107 54 114 37 148 80 71 0 10 51 39 0 80 49 42 108 85 60 47 99 78 72 82 68
36 18 40 60 63 30 4 83 1 0 41 0 0 87 7 5 88 42 79 56 0 2 70 21 12 6 89 0 42 112 21 81 49 14 106 28 5 42 0 0 29 24 11 39 9 72 56 1 0 48 25 12 77 14 35 26 112 131 5 15 51 25 119 107 0 5 0 4 54 21 0 51 21 77 36 6 0 83 6 0 0 19 78 32 29 28 145 74 89 0 0 40 0 89 72 50 63 16 8 66 81 28 18 0 87 72 20 49 18 49 71 0 8 0 0 72 67 3 177 0 0 22 24 47 91 58 8 22 94 7 69 104 0 10 0 75 29 50 7 5 30 11 62 37 95 28 13 36 35 15 94 97 42 42 63 50 21 72 0 9 1 49 18 43 24 36 57 54 72 21 3 134 90 57 35 55 82 36 0 14 0 78 65 68 51 0 6 64 111 31 15 111 32 21 0 0 60 0 0 81 29 63 25 91 36 88 62 35 42 6 69 127 0 35 22 0 61 42 0 101 0 6 51 48 135 6 54 18 9 90 84 48 50 13 0 1 30 30 56 14 6 97 17 18 42 0 38 49 78 93 0 115 42 54 30 2
39 8 88 33 159 194 35 88 46 44 40 71 64 12 24 45 24 52 42 14 68 20 0 72 104 69 42 51 128 87 66 54 20 69 48 24 35 27 38 8 176 70 132 52 148 34 64 66 9 14 59 46 0 0 78 9 20 67 46 30 111 72 34 0 0 76 46 38 55 48 0 138 33 0 162 0 57 0 10 29 63 35 0 12 99 72 42 124 120 48 124 88 127 77 14 12 87 63 88 32 129 113 20 0 24 224 0 3 124 84 26 32 36 0 18 49 12 119 18 0 48 170 40 0 48 158 60 76 26 0 132 153 167 4 119 2 122 87 0 73 72 24 81 0 157 18 70 16 65 41 176 69 48 2 4 31 42 114 137 8 0 18 72 0 134 56 16 0 72 59 13 12 141 0 71 30 162 134 27 48 24 63 30 47 77 3 81 0 108 35 7 36 80 147 106 0 6 20 32 0 24 16 24 64 15 51 91 48 27 71 80 63 0 136 120 63 90 44 54 4 18 166 60 46 49 117 114 36 118 102 197 109 88 36 81 63 178 40 0 10 60 102 26 42 30 0 122 6 54 136 97 106 109 56 111 33
38 0 120 72 162 58 44 96 49 32 29 16 0 76 61 72 100 114 26 28 5 18 8 60 32 28 50 126 60 81 12 99 39 10 48 79 104 70 110 0 12 76 116 21 45 16 6 81 10 0 51 83 13 0 54 171 105 46 114 15 64 95 54 5 0 65 0 16 16 52 62 16 63 52 54 90 2 36 10 22 170 21 144 95 0 30 93 70 17 87 101 44 43 20 6 28 50 63 20 93 54 42 40 0 36 14 57 76 79 28 68 0 126 131 76 28 24 16 84 166 12 8 30 8 8 2 104 14 63 101 32 48 32 81 12 67 100 139 58 112 54 19 0 76 90 69 29 201 73 44 137 52 40 52 89 147 28 18 83 52 24 8 10 84 0 17 102 0 5 98 100 32 135 34 56 18 227 91 37 0 56 0 0 0 158 36 102 42 48 0 22 0 62 60 46 46 0 24 42 67 2 16 130 108 0 89 84 41 4 16 40 49 105 27 125 0 24 108 8 15 69 109 99 59 12 4 111 112 0 38 49 73 0 0 8 6 95 18 35 76 42 21 31 0 10 66 102 78 18 16 49 105 66 52 46 90
2 32 15 115 81 60 88 18 136 76 49 0 7 57 93 30 37 72 0 10 8 7 13 218 14 104 36 16 9 12 24 99 132 112 0 65 40 203 93 0 29 63 20 32 155 37 88 0 0 191 29 111 153 0 276 93 61 56 10 85 43 58 65 4 33 64 53 49 125 18 70 0 39 61 57 5 0 71 22 0 56 138 20 64 0 91 62 96 76 63 97 54 91 44 2 63 19 0 116 69 86 6 8 0 0 0 35 109 64 24 35 31 18 74 26 34 36 0 9 15 109 30 89 43 54 82 0 62 49 3 80 26 30 178 5 24 151 41 0 56 4 115 87 0 0 125 6 10 75 5 40 104 88 5 78 81 0 44 132 6 56 0 48 51 8 9 23 6 28 79 108 40 65 22 18 86 205 63 64 13 42 28 36 24 45 11 0 34 24 24 0 10 14 0 96 5 98 18 45 0 64 3 36 64 35 27 6 0 49 53 50 128 54 119 113 51 63 63 21 62 51 75 51 5 4 36 9 113 20 0 79 24 44 5 60 2 107 18 16 62 73 7 0 21 1 95 31 39 43 76 11 12 0 21 190 107
40 25 42 72 205 42 0 2 0 71 11 106 28 16 78 18 20 128 0 12 57 25 40 14 98 117 40 100 125 4 16 86 10 58 18 54 10 14 97 48 156 48 64 40 48 35 21 38 54 49 57 21 25 59 2 42 8 0 40 12 125 42 70 15 58 40 64 43 95 45 0 105 72 112 188 84 83 16 0 34 50 68 81 42 68 24 131 49 62 43 124 126 40 14 4 28 110 14 45 17 0 50 8 0 19 42 0 0 42 40 45 40 106 0 54 28 167 83 180 52 43 67 21 48 159 68 72 0 220 57 79 0 210 0 38 50 23 78 84 153 116 66 14 16 17 61 31 114 88 35 52 33 19 24 49 119 0 46 104 6 32 25 32 68 8 80 55 0 50 91 52 23 19 36 80 2 47 175 45 0 0 85 84 0 6 0 76 0 34 51 39 8 183 86 115 0 57 30 70 175 52 0 35 0 0 68 86 15 0 0 56 14 0 207 85 45 0 40 87 16 0 38 53 63 10 22 1 109 64 73 166 35 22 80 44 8 12 25 28 42 33 59 49 7 15 67 28 47 119 30 39 82 47 34 38 18
0 77 15 134 0 200 30 172 14 20 32 67 4 42 21 9 60 48 60 120 21 25 39 111 0 124 0 54 99 25 7 81 0 82 21 6 119 59 10 84 61 20 35 0 63 0 3 78 21 24 6 37 29 16 36 59 118 6 75 5 28 32 24 25 96 15 11 42 12 9 105 48 29 6 2 48 0 19 0 20 106 130 145 22 16 42 102 67 106 65 133 82 0 34 112 110 55 53 49 16 23 20 67 71 24 7 3 72 0 0 47 54 73 80 89 36 36 94 0 42 0 144 8 127 21 42 100 8 24 84 71 3 65 0 42 129 44 21 2 10 42 0 81 36 0 18 0 40 34 10 0 2 42 40 36 107 10 87 32 63 36 56 34 159 21 148 90 0 16 32 26 64 60 71 28 24 84 42 103 4 21 54 39 0 28 50 45 42 42 60 0 112 16 48 23 0 25 42 40 67 0 24 16 67 96 127 36 136 22 18 61 9 35 83 73 41 37 16 110 0 72 14 31 22 58 62 103 51 89 54 20 125 6 24 0 0 39 150 50 87 114 14 78 56 71 10 0 95 49 15 14 155 21 14 0 84
9 4 27 9 18 25 14 0 18 6 15 159 75 0 27 12 9 60 0 6 122 21 15 7 64 0 18 33 128 6 24 31 15 14 0 15 0 53 22 78 109 81 81 28 70 32 51 0 0 16 50 69 8 24 20 9 52 14 24 6 26 15 47 4 14 61 94 16 88 9 33 58 63 32 37 64 63 0 0 12 108 67 6 78 30 22 93 6 20 49 24 70 54 87 0 39 60 63 64 16 0 69 23 0 0 12 42 88 46 0 72 41 8 0 18 47 54 53 116 8 16 126 64 10 30 114 31 36 72 24 13 21 99 8 81 34 99 122 3 59 51 78 16 20 18 21 36 63 267 19 27 81 24 0 54 65 51 48 92 59 40 0 6 0 37 0 36 0 0 84 0 36 30 6 56 59 86 66 27 0 51 83 6 0 25 6 81 0 55 8 0 36 64 90 55 28 9 1 15 0 32 24 76 0 32 12 34 70 0 21 36 8 50 158 126 66 54 25 0 45 0 77 44 25 0 67 12 42 50 5 161 0 27 24 78 18 24 45 63 4 0 154 58 33 6 97 27 56 75 29 36 75 41 5 60 3
82 8 70 5 133 85 89 192 0 105 42 122 48 12 28 40 68 16 40 0 0 0 95 121 60 46 32 48 93 26 104 64 63 6 66 54 96 84 178 0 32 0 49 98 46 68 13 0 85 41 24 8 148 0 90 75 32 60 37 15 18 36 187 76 45 84 45 45 49 45 35 26 20 64 69 41 9 59 7 71 52 74 0 36 67 112 105 8 37 96 96 36 88 75 22 60 25 33 16 98 37 112 24 36 72 70 3 48 176 76 28 35 185 24 47 22 92 37 104 42 128 9 100 35 60 72 113 33 2 28 35 102 5 0 127 114 12 61 42 92 76 45 129 60 147 103 107 56 58 5 120 92 8 20 8 87 99 78 50 71 0 30 48 0 16 60 95 32 100 4 9 22 71 74 28 171 73 136 7 9 56 58 62 28 94 36 56 34 73 82 58 65 24 163 53 34 49 97 18 24 0 17 16 34 125 69 81 76 11 86 20 124 0 1 20 9 70 72 0 37 14 47 41 107 17 88 53 108 14 74 22 61 70 111 36 56 102 57 36 20 24 83 31 0 46 36 19 13 115 195 29 0 108 0 53 63
109 39 0 80 122 109 39 101 6 39 71 12 47 15 22 87 87 4 37 0 92 73 22 89 113 31 83 90 7 42 32 8 0 84 52 56 224 40 56 56 146 32 80 57 44 8 0 32 25 0 20 6 54 0 36 42 25 9 35 114 84 24 0 28 10 110 16 12 35 2 7 165 27 86 36 136 42 40 49 31 86 93 10 51 149 70 49 52 69 78 72 72 87 3 155 6 82 40 99 38 33 137 4 67 36 32 66 51 118 64 56 4 48 18 23 32 99 36 184 72 87 17 57 49 164 0 121 26 10 98 32 73 76 16 120 38 66 14 29 58 98 30 82 53 69 50 0 40 20 72 40 40 127 9 36 134 24 48 95 29 0 51 0 27 44 10 11 56 44 80 17 51 124 133 57 8 50 40 0 14 21 144 90 61 158 0 58 105 0 0 4 42 0 72 91 6 102 49 0 84 82 0 101 81 62 98 49 0 53 60 44 126 11 82 66 110 17 72 73 48 5 98 64 55 90 116 63 4 60 21 24 0 121 32 37 102 34 93 109 94 53 63 38 64 71 77 137 0 18 140 45 16 49 16 49 54
24 29 38 46 53 75 124 134 50 2 13 128 77 121 156 67 162 0 38 56 20 4 0 50 43 78 20 0 131 69 68 124 28 84 77 131 15 0 60 110 48 115 25 72 125 63 66 88 158 20 165 7 42 55 50 67 100 14 6 37 109 10 70 124 35 33 0 35 72 15 0 120 70 56 269 74 27 48 51 122 8 0 149 62 97 93 84 40 127 20 100 95 97 16 21 54 150 57 159 97 49 36 18 48 110 64 6 35 93 10 76 50 136 12 119 55 127 14 63 0 195 194 63 92 165 172 18 88 88 109 209 70 164 20 93 127 74 181 0 183 107 112 24 37 30 22 56 35 42 18 157 43 96 31 116 121 31 36 69 88 63 63 56 63 57 0 55 0 113 88 18 113 304 135 162 28 52 183 104 68 89 119 118 87 65 56 129 47 140 14 0 54 91 138 128 9 75 6 2 42 127 21 91 157 8 42 57 8 101 143 108 96 51 107 82 110 36 54 110 80 21 35 47 134 45 183 21 28 125 46 81 44 94 182 136 17 25 46 110 35 90 103 82 45 157 81 16 136 101 61 74 58 29 59 83 13
12 12 38 118 58 3 162 29 104 0 2 22 18 8 25 32 20 24 8 0 0 114 55 60 93 152 105 45 103 34 0 30 0 112 0 0 6 40 61 22 83 7 7 84 69 51 52 82 87 45 0 32 0 42 6 45 9 0 0 105 66 83 8 38 86 86 54 22 63 0 4 81 14 20 67 22 89 15 81 207 20 5 54 90 62 117 0 176 40 0 103 42 4 4 133 44 79 4 40 0 50 38 20 144 23 95 15 0 10 39 44 53 6 0 150 77 134 15 78 62 140 67 0 47 16 150 0 66 63 7 6 57 100 22 68 8 0 118 0 11 51 20 164 26 13 9 0 53 34 45 0 75 36 129 72 52 34 2 81 9 81 25 21 20 0 22 4 51 151 10 0 80 1 35 9 45 6 62 147 101 25 24 0 32 0 51 12 43 25 81 6 42 82 60 40 5 100 72 20 52 67 48 103 96 33 89 32 82 127 139 114 47 111 7 102 60 34 6 67 64 14 7 21 74 63 6 15 0 0 0 30 64 8 72 79 0 20 70 28 71 64 14 78 72 90 34 38 40 45 43 40 50 50 89 50 80
60 32 94 145 90 60 61 104 30 4 97 64 32 14 24 81 27 108 63 50 87 0 0 73 26 49 97 48 53 50 58 0 22 7 30 14 92 28 20 36 69 60 85 64 74 27 16 49 63 86 43 25 117 26 16 246 80 81 35 172 36 36 0 0 36 177 90 5 162 0 21 53 42 42 0 66 38 0 149 0 155 18 73 52 52 86 204 24 101 79 164 30 16 75 39 51 78 4 24 57 84 99 123 36 0 169 0 32 146 72 151 33 31 62 101 31 83 64 207 39 195 111 105 23 24 169 163 0 64 64 0 90 50 54 63 48 43 216 57 55 25 35 81 35 8 17 48 158 102 89 102 94 106 63 181 154 32 113 154 93 133 26 91 38 94 36 30 52 18 68 116 50 82 52 68 117 60 64 116 109 36 58 0 46 82 189 78 27 184 84 114 28 0 97 3 71 54 60 8 15 28 36 30 28 97 84 74 113 69 136 140 89 77 40 73 37 62 147 20 40 99 81 61 26 7 46 37 181 106 59 125 21 24 136 32 106 63 15 0 27 72 0 46 80 58 96 14 203 74 114 81 105 21 108 36 24
123 18 170 27 140 108 54 32 19 146 21 20 0 28 59 52 76 70 87 8 71 102 63 70 16 44 96 37 102 53 4 128 150 63 37 118 48 100 203 7 0 115 47 87 64 63 59 72 9 69 112 82 19 7 189 83 81 140 50 60 85 67 68 18 0 60 56 36 63 36 148 55 50 32 35 54 43 0 82 30 10 78 110 38 118 125 69 36 15 90 44 17 131 46 6 38 0 0 101 48 124 137 0 0 60 8 13 149 30 60 0 13 160 35 62 2 39 20 15 165 113 0 72 1 2 15 57 89 7 86 90 80 60 90 30 69 235 51 52 150 61 78 25 87 30 70 11 129 170 33 25 91 11 8 62 104 76 50 88 19 17 8 0 75 33 68 111 7 38 7 35 12 105 19 52 86 210 148 43 0 120 45 62 18 171 7 175 16 9 55 22 0 61 20 73 21 8 64 50 36 15 45 30 8 104 33 46 72 21 102 233 0 42 8 108 0 7 61 36 38 37 20 36 91 18 40 36 142 64 0 100 36 40 16 164 55 113 30 13 106 92 18 85 16 36 9 54 51 32 36 57 88 52 129 103 176
170 27 31 90 144 117 73 81 68 31 110 48 20 16 123 76 62 108 24 34 61 71 78 106 49 133 6 0 24 72 0 86 24 21 62 70 75 135 56 96 9 77 49 28 8 10 45 46 49 88 57 108 108 0 18 114 88 75 103 92 137 48 24 0 71 74 57 48 45 106 150 81 120 56 51 20 36 0 32 52 52 114 0 99 43 186 0 114 127 101 105 113 64 187 14 66 118 69 130 21 68 40 76 15 57 78 125 16 15 36 47 66 50 80 88 54 144 48 138 36 41 49 62 49 36 78 50 0 31 39 26 72 42 30 108 20 37 32 16 6 42 78 50 36 54 90 55 49 181 156 129 88 111 75 72 92 59 93 100 124 56 144 24 8 48 12 133 0 49 124 204 0 110 117 120 20 64 92 78 150 72 18 38 57 81 0 111 84 24 142 120 25 31 51 21 25 24 18 0 0 6 48 64 26 133 57 31 18 17 85 41 28 66 105 154 15 28 12 41 20 26 96 99 84 72 0 120 55 24 2 0 172 96 68 86 0 97 24 0 16 139 56 79 111 93 94 161 79 52 101 217 45 32 72 141 164
80 109 4 0 109 196 88 50 0 26 17 240 133 104 108 66 90 27 58 56 43 24 72 81 136 41 78 30 90 0 53 145 48 97 49 126 28 31 15 44 73 29 6 32 92 136 106 119 99 38 109 5 19 46 32 206 74 49 36 103 28 63 65 52 123 96 84 66 72 37 41 17 30 118 109 122 57 40 144 49 186 2 129 30 21 14 80 93 56 77 109 35 30 31 40 84 34 16 54 40 12 85 86 12 35 43 0 142 62 62 63 29 63 80 172 109 21 29 13 74 76 140 87 57 36 131 8 52 85 21 24 28 56 16 8 125 38 122 30 205 20 58 138 23 22 0 18 57 66 0 308 21 136 124 100 83 30 134 30 87 16 67 133 23 12 220 51 66 91 61 10 137 135 59 109 34 0 7 59 100 107 8 37 20 34 128 64 64 40 241 68 61 0 68 104 63 25 38 72 123 92 68 122 64 100 57 99 18 59 0 57 31 35 138 97 90 49 8 28 89 8 75 34 84 59 46 96 42 80 85 57 87 144 62 68 18 0 44 104 58 46 52 76 46 31 7 87 76 33 45 42 125 24 45 40 135
18 29 54 84 119 10 65 170 0 14 13 186 37 24 12 15 21 28 94 7 18 10 52 132 120 60 56 48 124 27 54 123 18 92 27 23 146 34 6 215 29 10 6 68 117 0 8 52 101 6 44 22 96 0 30 94 29 54 110 92 38 37 152 194 39 32 42 91 73 7 26 90 41 62 79 90 56 63 29 0 134 67 45 21 34 20 65 56 80 96 101 178 51 0 45 93 70 17 0 49 18 95 14 10 0 56 0 82 96 0 53 40 105 57 26 30 51 40 141 92 54 2 60 112 80 0 139 14 36 56 96 121 68 27 48 56 100 105 26 48 80 36 95 0 66 78 31 131 28 12 94 32 27 29 59 93 27 167 0 14 37 0 64 131 31 30 60 0 148 133 1 43 123 142 21 102 80 117 45 0 97 56 104 0 86 54 150 10 45 17 12 87 26 202 108 132 0 108 146 84 79 36 215 33 43 112 39 31 16 66 35 18 3 43 66 132 153 72 82 54 42 8 56 88 50 48 88 136 42 81 99 91 0 5 20 6 0 108 79 112 0 4 36 52 70 12 8 0 108 39 80 171 26 8 3 86
0 32 67 115 77 44 145 64 71 40 64 63 16 8 16 24 63 22 52 37 32 79 20 72 136 56 70 4 12 5 64 163 49 87 132 8 37 8 63 80 0 25 27 60 36 32 23 22 85 101 92 2 36 2 93 57 71 40 60 0 47 57 30 67 70 32 54 0 52 24 36 0 11 0 40 20 8 66 32 33 14 20 135 33 0 87 186 62 60 82 97 81 35 42 0 90 12 88 52 56 7 75 52 0 18 36 24 99 0 12 43 12 57 8 116 6 88 26 135 6 36 8 104 16 30 72 113 8 142 0 0 49 48 30 0 36 95 48 21 36 0 106 33 14 76 68 42 18 92 29 56 6 4 0 136 79 8 44 20 4 48 8 60 64 24 124 97 1 92 35 49 0 104 78 60 121 32 48 98 88 12 29 32 0 0 46 114 0 43 26 73 0 76 88 12 91 56 61 20 4 0 35 5 16 12 16 40 147 36 124 59 12 22 10 32 34 76 59 61 0 35 25 3 48 16 8 56 30 0 58 80 26 12 8 0 42 0 42 9 0 32 0 133 62 50 71 16 80 54 28 64 46 86 0 37 64
173 81 0 110 106 31 93 52 7 18 74 132 9 0 116 0 79 9 68 26 0 23 82 7 24 0 30 6 77 132 58 18 72 56 96 35 113 103 130 51 87 4 58 16 34 7 30 38 182 31 56 24 49 70 30 122 239 63 10 46 129 73 65 165 0 0 4 90 98 77 12 130 49 67 94 72 30 15 75 6 93 26 76 36 73 45 76 58 56 124 107 144 41 117 41 80 70 32 107 42 63 77 119 78 0 16 0 63 128 36 85 110 23 4 24 122 40 27 134 3 116 55 4 29 142 68 81 2 105 126 237 111 59 20 134 9 60 71 0 74 127 131 76 34 66 9 120 86 71 5 82 0 81 55 79 202 44 101 60 56 33 81 36 12 6 32 204 101 42 12 79 26 220 143 52 135 35 73 39 58 48 0 60 47 28 15 23 54 33 82 106 119 76 167 99 111 40 111 121 108 32 175 148 73 85 4 64 80 9 106 74 0 0 56 66 40 24 152 125 134 152 47 22 167 72 52 148 110 18 45 44 201 15 34 94 38 63 24 0 28 37 57 66 124 206 5 56 69 30 77 97 128 35 42 14 109
0 0 62 110 138 18 37 61 0 21 106 113 8 24 46 20 60 28 103 21 96 18 20 18 10 90 88 44 138 49 94 50 69 93 18 97 48 0 12 21 28 168 36 44 32 15 78 14 35 42 53 0 18 20 84 110 54 14 30 22 17 15 44 0 22 28 10 0 9 83 65 77 74 76 26 32 30 10 9 46 68 69 67 101 28 0 76 59 56 0 63 0 62 35 40 0 45 114 57 9 0 0 34 0 22 121 0 41 14 0 45 2 64 66 15 0 24 48 88 81 39 176 0 12 74 119 85 0 19 55 26 42 73 45 54 45 42 127 69 47 0 32 63 70 39 37 0 48 71 25 112 40 2 32 145 8 30 8 76 10 4 96 1 44 40 25 126 2 64 74 50 9 85 104 36 10 109 106 17 45 5 42 0 96 143 118 223 30 28 15 10 24 39 85 36 69 18 4 0 14 24 63 36 112 44 67 104 0 72 45 20 45 67 56 24 45 32 36 5 42 0 59 107 40 50 42 0 54 0 33 44 12 27 55 63 10 35 24 35 96 27 72 0 103 54 2 30 148 9 147 18 111 43 15 28 15
30 33 15 63 0 65 20 42 0 98 5 0 47 0 0 60 137 0 0 58 54 76 0 1 80 50 0 66 48 30 0 3 48 16 92 0 63 15 191 40 174 0 49 0 84 12 21 86 63 35 17 14 4 0 16 4 112 36 105 76 16 8 0 128 0 88 92 0 40 0 9 0 5 0 56 0 90 86 96 125 79 9 0 33 32 12 7 38 5 98 63 0 7 81 40 173 0 7 0 42 0 92 0 5 56 8 0 134 114 124 12 54 18 3 15 0 7 0 72 0 24 0 40 3 2 4 74 16 35 49 63 49 46 16 14 12 78 114 0 2 80 145 79 20 68 56 96 0 0 64 91 64 63 17 20 0 21 36 72 11 72 0 0 16 0 118 97 0 12 160 91 72 72 0 8 45 36 0 0 18 18 25 30 16 24 9 18 49 35 27 63 9 69 9 29 0 80 176 42 0 0 48 0 48 27 39 9 103 5 0 13 49 0 3 226 5 46 50 52 75 63 0 0 81 51 56 28 3 32 0 12 9 10 82 36 0 42 3 15 104 0 3 70 122 14 63 21 0 62 0 21 21 55 0 42 64
103 1 17 74 95 80 2 87 62 27 97 136 94 18 63 44 21 59 68 0 111 67 104 178 132 95 32 164 101 71 68 187 11 62 35 85 20 94 9 145 55 82 36 43 275 0 52 152 18 14 90 4 15 34 4 37 66 0 176 96 87 18 165 152 46 119 182 19 51 0 84 93 7 0 65 113 22 0 41 37 56 22 0 207 83 246 115 116 74 39 89 105 4 0 37 133 87 55 155 9 92 116 20 129 3 146 108 14 33 16 48 63 61 91 5 76 55 45 195 85 52 25 65 45 83 39 141 34 63 37 13 73 14 39 107 83 90 0 0 47 6 44 217 37 132 126 17 124 100 12 133 83 29 138 98 133 32 17 42 62 72 46 136 1 53 0 25 63 84 58 8 2 50 56 127 123 110 50 51 16 28 34 12 28 42 174 138 0 146 23 168 47 32 165 0 91 77 70 38 28 44 8 144 54 102 122 91 190 64 35 120 86 127 99 71 62 185 2 69 92 63 35 57 82 18 38 63 32 8 139 211 0 7 27 107 59 52 80 120 85 19 40 21 0 24 49 109 16 176 162 92 120 104 20 227 8
115 44 21 116 112 106 81 50 67 18 7 124 23 8 8 76 49 88 30 12 98 28 75 25 30 94 30 10 72 0 0 85 92 126 0 56 34 0 116 128 0 31 0 70 63 28 43 24 119 5 0 60 59 50 0 42 8 0 135 0 0 74 39 6 56 0 45 132 0 63 68 64 0 72 0 12 81 24 40 123 63 0 76 31 0 28 155 72 35 84 0 0 4 24 0 5 67 0 231 21 0 32 60 56 0 27 131 36 75 0 24 38 114 55 12 0 42 7 80 83 0 155 77 59 101 28 10 41 40 42 35 0 20 14 1 55 0 65 107 16 134 32 12 0 10 0 8 123 40 110 0 35 9 48 54 24 14 61 58 5 18 49 32 87 70 82 20 4 104 28 70 0 249 0 66 55 100 201 35 32 56 33 0 5 72 170 48 28 75 32 27 35 63 124 54 13 0 0 42 0 0 26 58 63 30 72 97 55 78 84 38 0 16 25 89 16 20 50 139 0 22 49 73 148 87 71 63 15 56 7 117 105 80 65 28 0 28 60 97 0 77 16 98 0 0 51 0 113 85 86 85 0 44 49 0 0
15 81 81 42 68 56 41 90 51 113 68 82 2 28 5 93 18 0 60 117 0 57 59 130 109 49 32 89 20 152 44 116 44 124 99 8 101 2 0 26 143 66 10 31 6 9 24 0 43 21 15 4 16 14 92 54 28 0 22 55 142 52 66 3 84 6 34 8 55 2 56 64 63 12 108 22 92 52 69 44 169 36 74 56 76 51 59 0 29 66 25 0 29 52 76 65 72 30 134 46 108 7 48 36 21 20 48 28 27 0 100 24 8 191 55 28 78 66 81 14 96 72 4 5 117 56 27 36 90 50 96 6 94 77 56 29 89 71 36 18 0 104 101 8 55 141 57 63 74 57 2 32 18 56 141 22 28 47 63 3 19 0 4 28 28 87 58 30 64 21 37 86 67 17 92 76 79 56 96 31 44 20 84 6 57 24 88 31 37 32 0 115 23 62 65 28 70 3 20 47 16 71 60 63 42 0 107 56 38 81 91 49 56 161 136 41 0 80 52 0 77 42 21 0 0 20 72 6 92 96 49 24 0 77 74 35 100 15 22 0 2 4 16 54 14 134 19 70 22 49 16 48 41 99 113 49
0 6 9 30 30 0 0 24 0 7 78 4 0 0 52 3 0 15 18 5 102 48 0 37 4 0 12 0 45 0 18 12 18 21 62 0 32 22 0 36 0 33 0 0 0 37 18 27 0 30 106 13 45 0 70 51 7 21 0 27 3 45 3 24 0 54 0 4 80 22 1 16 0 0 6 67 93 36 15 24 0 45 54 0 0 29 25 6 62 6 23 6 4 18 0 24 0 12 14 0 9 30 0 0 3 16 0 11 0 12 12 0 4 81 0 45 42 47 0 18 0 18 54 0 0 94 54 6 0 15 0 8 45 9 3 0 36 0 0 45 0 0 0 15 0 40 54 9 85 3 25 6 26 0 45 7 18 0 0 0 41 7 20 15 21 93 54 0 6 0 8 0 10 0 2 25 0 0 0 48 8 0 4 0 10 37 54 0 8 0 12 0 0 10 0 16 0 4 4 0 28 0 0 0 28 68 34 89 16 10 0 0 30 0 97 27 18 0 63 0 0 0 0 0 0 0 2 25 0 0 24 10 15 0 21 34 0 0 2 6 6 20 12 0 2 34 12 24 2 70 0 0 0 12 22 0
10 5 42 0 9 47 0 81 60 69 0 54 4 0 9 30 42 2 56 12 117 41 12 106 90 60 0 28 5 72 60 68 22 46 9 111 108 6 81 51 15 12 42 0 62 149 91 7 81 0 8 36 52 0 0 119 108 112 187 63 52 18 85 90 9 63 144 81 4 72 16 3 8 42 77 58 25 26 9 138 66 3 0 41 5 50 81 32 48 36 66 24 6 12 23 77 9 59 145 104 0 22 8 25 27 29 72 76 60 91 36 0 63 18 6 0 5 127 4 3 57 0 58 6 68 63 10 0 0 57 0 121 8 1 48 29 25 45 92 10 100 0 148 81 122 12 8 81 81 30 60 21 70 0 101 98 20 0 30 68 39 98 0 75 17 54 18 0 151 51 35 12 18 10 126 27 41 97 0 0 15 0 21 31 14 76 0 69 48 22 61 0 44 61 29 6 0 38 72 0 0 31 55 30 108 0 42 189 65 0 75 10 16 15 34 25 60 44 28 40 3 0 81 0 45 0 18 6 32 17 51 75 63 47 3 0 27 6 60 59 0 90 123 10 2 113 0 8 0 27 118 14 24 24 35 52
61 136 53 36 32 33 47 129 18 0 0 48 33 55 28 18 52 77 32 41 186 36 122 37 57 0 86 24 69 54 0 96 28 103 112 20 0 46 24 126 50 106 15 21 68 93 79 50 95 15 102 43 62 74 21 204 10 9 44 66 40 40 39 32 0 0 20 70 78 50 65 96 15 0 36 27 0 9 9 12 24 94 20 79 26 4 90 4 40 37 0 0 112 30 138 6 94 45 89 114 33 81 153 0 66 37 0 136 36 99 24 60 32 82 119 16 50 163 78 24 24 3 1 27 30 56 32 0 66 54 0 25 0 69 36 13 21 96 56 91 8 114 9 0 6 0 21 98 48 20 80 137 42 103 76 12 0 8 113 47 0 119 94 116 48 20 82 39 81 157 69 72 72 15 43 109 54 146 0 33 100 46 28 36 36 87 108 12 78 0 0 24 0 108 61 0 0 30 30 80 24 0 77 0 70 0 49 0 8 66 104 64 0 108 112 48 7 129 44 64 58 8 35 54 8 63 0 76 99 48 66 0 153 99 44 39 9 0 32 39 88 126 52 54 38 90 40 93 96 45 38 105 33 16 0 60
93 112 84 53 113 18 80 41 61 5 0 42 4 66 122 54 31 57 48 30 69 10 64 107 56 22 155 12 40 115 20 66 52 0 62 94 38 137 7 158 35 124 19 0 57 0 25 0 127 64 99 86 62 170 139 39 109 21 141 32 66 62 63 72 8 15 88 54 162 90 193 156 10 64 28 40 21 18 80 3 126 113 66 60 15 21 46 56 54 142 45 34 31 42 47 6 71 1 105 59 83 57 87 35 0 63 42 160 77 76 128 5 27 0 40 12 8 69 78 100 71 0 99 47 37 87 76 0 89 131 68 65 62 80 99 30 106 40 82 22 63 150 96 18 66 31 36 61 107 0 24 124 18 0 126 18 15 73 64 9 24 122 37 60 49 64 95 0 24 189 58 62 148 56 100 99 81 6 0 16 0 54 6 49 9 27 126 87 5 82 48 70 113 0 54 24 57 5 60 92 29 72 104 40 76 0 46 63 100 27 79 83 0 62 310 24 169 105 45 123 49 72 53 114 61 20 49 171 0 96 32 33 102 83 70 15 96 5 12 56 66 72 31 0 65 61 0 96 33 27 92 30 31 67 95 24
128 90 12 83 143 105 40 115 159 59 92 86 55 72 27 26 113 25 52 91 17 35 73 110 91 38 32 130 42 90 41 118 73 144 0 88 64 15 0 152 102 0 98 18 199 32 74 139 74 53 110 98 48 35 49 48 61 21 149 130 42 68 76 137 45 15 102 59 30 66 46 47 77 70 18 58 41 76 59 51 183 40 116 160 0 24 76 117 170 18 91 35 119 18 56 206 43 31 91 4 52 98 180 22 96 38 134 104 183 88 77 16 131 70 18 77 61 44 202 174 12 4 20 88 66 132 35 70 0 78 32 144 14 27 4 40 96 109 20 14 0 132 117 10 64 70 10 95 42 42 4 48 102 68 95 6 0 25 30 18 75 121 34 111 39 32 0 68 165 111 29 0 117 49 92 170 82 86 10 7 102 159 70 28 83 163 38 116 44 0 51 101 0 124 3 81 72 72 76 85 110 46 119 44 139 94 130 50 85 78 314 140 59 40 138 144 77 85 90 153 21 117 69 149 145 63 0 113 159 0 37 79 138 0 81 42 31 112 146 61 34 31 66 74 108 138 77 79 178 123 72 174 86 59 50 76
215 5 30 167 132 25 130 99 38 82 74 111 40 58 92 75 186 71 97 111 99 60 135 38 45 87 51 9 70 9 8 195 47 120 52 0 161 156 103 164 64 97 156 0 42 36 5 175 158 26 71 58 28 15 56 149 70 81 117 76 48 151 24 26 7 64 5 103 3 145 207 72 7 96 54 40 144 120 51 73 83 57 45 25 88 107 84 33 7 67 116 126 65 131 24 113 88 47 148 24 128 43 128 79 33 63 70 37 40 32 114 57 61 99 56 167 49 42 108 128 90 74 24 27 180 110 178 8 36 91 47 4 74 9 4 42 26 48 153 109 142 158 121 0 0 94 96 119 144 172 142 40 106 161 28 273 76 20 53 196 0 108 64 4 79 0 108 57 94 0 72 5 25 62 172 86 78 67 36 91 0 88 61 138 64 124 75 161 54 121 55 0 49 99 80 36 27 60 54 34 57 102 120 24 76 69 80 72 16 56 135 16 61 101 53 65 70 0 215 35 78 0 118 45 28 134 72 55 32 54 76 70 10 120 88 36 97 81 0 8 10 30 62 174 53 69 44 55 4 97 40 87 72 4 285 13
39 116 24 60 193 18 47 162 99 114 60 8 4 105 143 128 44 59 138 126 90 16 26 29 94 68 48 46 64 130 57 10 175 60 42 26 150 50 142 125 101 17 22 7 102 128 121 81 153 42 94 0 40 13 58 32 80 124 69 104 45 104 164 187 0 0 235 45 60 20 47 104 20 106 75 99 8 98 4 0 60 38 25 79 28 147 208 42 33 32 8 34 20 98 58 13 28 0 100 77 108 82 81 9 72 15 8 217 61 16 80 73 90 150 48 54 116 71 29 107 19 27 106 50 108 112 43 35 44 12 16 60 28 39 99 15 65 4 13 102 20 72 133 12 61 44 78 53 46 102 136 82 32 30 118 205 198 52 49 18 9 127 0 201 0 71 22 9 67 161 91 111 81 79 121 144 21 87 12 52 110 50 84 79 51 159 98 0 26 22 101 41 100 14 41 29 72 18 96 42 44 161 105 10 25 52 83 159 87 125 193 0 46 92 114 67 121 101 63 72 40 0 34 64 11 18 0 74 87 41 142 12 62 219 48 58 126 65 115 50 2 87 2 54 23 95 73 0 39 102 140 58 136 8 136 12
57 24 58 107 65 50 162 72 77 21 67 36 63 136 53 92 35 27 66 10 17 34 14 77 46 65 171 36 3 48 66 68 95 91 58 31 89 61 82 184 3 14 13 35 44 104 0 145 28 80 175 44 79 54 139 0 142 49 181 61 28 126 58 16 27 77 26 84 97 4 37 112 43 69 39 8 72 24 108 28 84 68 73 11 66 122 65 7 147 120 0 80 63 38 79 112 63 3 4 83 113 32 145 25 0 12 71 15 81 0 77 113 71 8 8 19 54 0 3 77 0 0 88 208 88 97 152 8 18 121 49 39 52 0 127 46 37 50 99 0 92 81 157 103 14 60 48 18 13 59 8 87 135 92 72 40 22 191 24 32 23 36 66 72 117 47 121 102 132 14 38 56 117 76 139 56 67 35 0 122 14 72 9 112 75 56 32 148 12 192 11 75 9 43 28 3 111 164 38 35 66 48 16 11 24 164 24 73 149 67 41 4 38 0 148 40 67 69 166 45 30 14 60 49 86 49 89 98 0 95 24 68 85 8 187 21 189 63 0 11 133 83 97 0 152 88 103 19 14 42 102 100 62 29 24 90
72 6 26 109 125 101 128 66 139 24 13 0 29 90 90 2 0 73 142 18 37 18 83 106 14 78 147 36 127 129 0 53 9 216 49 76 176 27 116 72 0 72 0 30 140 58 31 73 131 81 54 66 21 57 28 255 116 30 125 69 114 75 0 66 21 128 98 173 57 27 28 222 37 223 49 48 81 50 22 161 128 57 133 62 25 45 42 135 89 62 20 54 30 42 80 51 28 124 191 77 105 40 36 0 18 18 27 62 113 28 52 50 142 74 25 30 111 141 130 68 92 158 124 41 114 90 71 10 108 34 81 109 33 28 46 30 99 103 153 50 189 22 6 59 88 28 66 182 66 119 47 0 27 84 30 153 88 58 52 5 27 16 55 81 70 0 17 34 366 89 92 78 165 96 73 137 96 168 0 24 84 63 4 21 60 63 144 34 50 49 27 78 100 72 84 100 0 12 51 76 72 13 92 143 30 91 96 99 181 57 113 105 20 58 93 98 120 42 158 92 52 91 59 103 97 24 73 54 137 9 169 107 90 49 38 22 33 119 27 107 27 81 62 48 68 8 61 145 12 36 55 49 28 49 24 35
38 11 62 24 45 40 45 0 12 19 8 0 22 24 10 79 18 6 96 6 67 63 18 36 33 87 16 113 24 98 108 85 14 12 12 22 97 0 18 27 26 18 16 9 39 0 19 55 0 57 39 8 31 0 0 34 12 0 46 56 9 72 45 27 36 0 44 0 3 60 0 8 110 20 56 16 70 20 63 48 106 102 0 21 56 162 108 78 32 15 168 21 37 10 16 56 42 63 96 42 163 32 96 76 8 58 0 40 36 0 80 24 0 0 112 18 194 41 111 12 126 0 9 0 52 104 34 42 53 28 56 16 123 40 98 2 0 176 0 26 20 6 202 0 40 0 0 1 45 27 43 58 18 22 100 21 12 22 27 54 36 19 21 87 49 22 0 36 56 102 27 18 73 28 41 155 23 60 24 0 36 36 9 96 8 122 8 0 63 24 47 31 63 72 40 0 26 38 20 0 24 18 0 24 21 15 46 30 70 123 241 22 14 48 47 46 78 82 76 24 0 0 36 2 3 8 46 92 61 40 64 131 63 0 102 4 135 71 115 24 0 33 7 17 56 24 18 50 15 38 27 36 36 14 132 62
85 4 115 152 108 126 151 25 45 47 15 167 67 76 78 107 132 15 75 25 55 26 52 71 33 45 61 10 18 29 108 51 112 72 96 93 78 131 72 45 24 63 48 84 0 79 53 55 90 69 90 4 74 4 142 129 75 94 141 110 5 88 63 32 76 59 30 99 113 81 55 78 123 76 100 136 160 92 93 61 150 18 97 0 72 9 161 57 33 206 153 88 24 47 57 52 77 92 116 42 97 30 84 27 15 72 65 63 31 45 42 84 126 63 40 9 168 19 64 88 95 122 80 82 68 119 164 70 92 157 36 115 85 11 253 68 75 175 121 30 62 54 76 6 139 37 81 95 52 35 73 177 44 3 174 78 25 143 16 24 7 37 85 66 66 130 138 4 59 49 144 4 150 43 82 186 59 72 28 116 64 14 81 112 124 103 42 18 34 47 95 12 70 153 87 70 77 153 92 59 69 66 21 19 32 40 56 137 6 184 42 127 0 32 162 0 91 123 158 114 85 82 159 115 42 121 42 100 38 135 83 49 74 29 117 24 138 73 7 4 0 43 138 24 78 34 28 197 110 179 42 141 135 12 18 99
115 12 26 26 92 23 0 72 0 101 31 144 31 20 16 74 72 96 20 30 49 127 68 73 91 100 8 30 38 6 17 65 134 48 189 15 42 59 35 56 57 70 6 32 56 24 93 6 32 25 55 0 45 6 82 27 105 42 35 0 80 3 77 49 31 27 10 0 114 12 4 36 0 0 52 112 48 76 6 40 70 0 45 92 0 8 80 11 14 72 25 73 190 77 15 39 66 35 118 58 4 60 45 2 52 63 0 41 0 26 88 21 30 45 15 13 43 17 108 40 66 46 62 0 41 91 107 92 59 27 11 68 52 3 20 97 46 14 40 111 14 56 119 53 48 28 80 53 116 36 0 118 56 75 78 35 0 5 81 35 95 0 18 62 0 70 46 0 14 13 167 0 186 8 60 88 61 99 0 49 0 122 0 28 148 12 143 6 82 10 20 71 14 73 4 107 16 61 53 4 4 45 25 53 104 41 89 18 18 14 90 22 70 110 108 16 19 25 17 59 37 0 45 96 0 17 8 35 0 17 71 1 0 104 108 26 18 7 30 33 5 16 100 59 27 75 14 80 147 101 38 54 5 59 19 24
24 4 197 9 59 16 186 129 42 7 0 57 81 18 40 54 60 8 174 111 85 86 92 67 9 91 151 63 130 42 0 28 58 36 182 0 48 70 33 60 44 126 56 0 79 69 103 56 69 252 234 45 85 12 21 204 21 30 110 105 104 79 115 36 20 4 65 51 144 32 90 79 16 42 123 72 81 24 0 66 67 7 6 78 24 125 159 0 44 67 44 29 150 43 76 157 0 98 115 95 158 15 85 24 21 91 105 101 213 16 62 1 11 66 61 48 125 44 64 25 27 117 73 3 105 134 74 16 86 75 63 198 128 70 211 63 34 129 21 176 52 89 112 128 162 18 47 85 3 33 64 210 48 26 104 124 20 69 69 160 21 102 50 156 44 74 56 25 154 61 31 105 96 108 63 261 38 105 54 91 179 83 20 58 0 62 102 42 149 90 32 78 6 40 30 7 9 64 94 8 91 54 63 0 126 48 0 93 18 191 119 106 36 9 15 63 63 32 102 20 30 72 81 143 42 65 225 113 0 81 60 92 31 24 175 16 172 123 0 16 24 227 57 24 40 100 14 143 119 59 27 247 158 96 146 75
30 0 39 24 190 48 22 24 144 0 0 45 12 102 40 18 204 6 6 0 9 14 40 0 72 68 28 83 83 6 69 135 0 116 30 2 29 20 24 81 97 0 45 0 64 15 32 66 77 6 169 16 12 30 20 46 90 63 56 77 88 12 44 0 71 0 35 60 62 4 0 94 79 54 86 22 18 28 95 129 44 15 63 74 12 0 58 70 115 16 0 0 35 14 22 77 64 8 26 45 42 34 40 6 56 18 0 121 26 40 48 27 0 82 10 70 0 0 0 27 45 48 0 75 63 70 90 8 0 72 50 0 54 63 70 51 16 159 52 16 15 144 208 20 108 53 72 26 49 54 22 0 0 14 40 74 12 80 71 59 84 12 66 0 2 99 12 0 64 24 54 0 22 106 0 27 63 9 40 40 12 0 64 37 0 72 84 90 90 37 12 9 0 40 72 0 78 0 44 26 84 0 36 36 16 99 96 72 141 83 63 12 56 24 96 48 0 135 17 96 72 0 72 16 20 62 35 95 44 93 67 70 28 72 42 16 194 10 21 61 0 14 7 0 8 24 4 0 0 109 8 18 4 150 84 101
122 52 170 78 58 69 121 75 86 97 69 151 54 0 49 66 9 54 36 115 85 44 89 108 177 119 79 70 183 115 6 157 296 227 60 122 206 86 86 63 212 15 85 31 92 70 135 0 125 113 112 28 6 40 16 127 86 208 157 95 158 79 105 156 54 77 0 158 38 167 57 87 146 89 141 18 115 81 15 189 105 0 168 98 33 143 122 100 34 139 78 48 35 75 160 12 91 78 172 69 68 150 122 99 40 51 133 26 133 108 138 119 192 81 136 70 128 77 60 27 69 94 28 76 122 24 76 18 8 58 72 179 78 18 138 24 163 97 91 27 171 141 204 138 71 30 36 192 119 48 113 117 136 48 52 353 71 170 36 23 105 78 0 61 57 0 75 97 240 81 54 69 240 76 204 100 195 77 67 204 9 28 159 11 215 75 54 117 146 87 14 15 93 237 16 82 83 178 77 59 7 110 150 0 96 102 90 87 54 91 12 62 121 30 164 123 105 82 169 81 162 69 79 24 51 24 171 0 117 7 47 135 133 72 171 3 267 104 94 97 145 63 114 36 96 64 56 27 162 36 220 117 175 0 94 230
64 33 130 66 170 73 69 117 72 60 200 47 0 50 49 8 27 11 16 7 157 124 119 13 10 71 74 111 93 22 27 123 100 132 50 80 137 38 167 36 48 97 44 41 46 53 58 36 108 78 161 0 146 8 36 200 9 84 58 117 34 111 80 68 48 48 39 34 52 46 36 18 34 48 4 11 132 0 52 46 70 151 36 143 66 26 5 148 97 50 0 72 63 86 81 95 16 83 202 45 78 107 71 18 38 21 88 151 70 24 37 40 170 88 74 0 39 45 90 32 0 67 32 81 72 178 120 16 22 72 62 40 44 49 111 49 86 67 76 84 82 100 135 145 108 36 96 85 166 82 69 97 73 21 280 32 0 0 35 117 52 86 66 58 5 54 111 78 47 6 29 0 98 99 132 129 114 96 121 88 36 71 54 25 109 49 199 0 4 42 40 22 105 27 69 164 31 117 56 95 82 76 4 61 92 132 149 90 14 42 105 73 50 96 112 45 42 67 102 56 59 0 82 61 6 37 32 35 73 23 91 65 102 31 111 75 102 30 106 130 155 101 110 63 105 56 126 80 51 134 29 257 67 60 28 112
0 0 26 27 74 103 174 35 127 0 6 44 53 42 91 0 50 138 5 35 116 16 92 100 18 48 253 52 36 0 55 81 56 22 69 71 28 64 123 84 0 59 75 6 95 18 109 79 54 202 182 61 10 36 135 69 70 121 103 153 63 90 126 2 85 20 25 98 100 52 60 174 54 12 51 63 9 10 0 0 63 167 81 43 7 158 30 24 92 60 28 28 140 7 74 99 0 0 0 5 35 45 0 0 0 34 18 55 48 0 14 21 82 81 24 80 0 81 0 43 0 54 24 77 94 52 0 54 0 12 28 67 77 63 0 38 90 66 2 69 35 18 110 82 130 72 6 129 11 49 10 78 97 11 99 73 24 57 8 28 58 50 68 53 6 9 15 36 86 36 58 0 143 0 47 39 127 200 81 81 140 0 0 32 87 51 49 36 111 0 7 7 24 26 165 2 103 75 123 20 90 18 95 4 62 116 14 46 32 144 107 16 39 64 11 144 40 63 77 75 30 102 79 77 47 35 64 103 43 89 47 115 95 36 38 0 172 59 14 65 12 0 32 0 29 97 68 8 66 48 37 40 48 82 97 0
57 12 0 67 39 0 0 0 35 20 48 163 8 9 28 0 72 0 112 8 45 38 8 30 0 0 43 129 36 90 3 133 6 0 92 146 107 0 33 73 65 10 90 84 137 42 0 115 0 146 36 60 133 7 0 159 63 0 16 58 60 129 63 18 93 87 0 72 21 64 8 17 54 26 106 14 0 0 44 0 118 135 54 120 0 151 172 0 48 30 0 222 65 112 0 77 10 54 0 0 57 0 0 0 35 112 147 0 92 34 78 0 119 66 6 8 54 36 46 54 63 20 28 148 82 64 48 0 45 170 27 115 115 21 49 111 66 48 0 21 28 3 129 35 41 24 28 119 104 30 122 54 53 51 72 168 21 123 0 174 128 47 21 120 72 72 6 28 0 9 3 8 127 22 126 0 0 82 75 10 73 131 5 151 53 0 0 108 102 6 35 32 23 29 18 0 51 51 48 40 0 28 0 90 24 102 12 78 46 2 0 35 137 0 84 30 9 67 88 66 0 0 51 20 69 0 94 92 48 74 82 121 140 0 63 27 124 69 97 0 27 150 49 0 83 88 107 88 0 43 15 92 39 36 95 36
0 0 35 138 89 55 63 82 6 12 106 6 0 0 44 0 36 0 48 32 23 68 36 15 7 153 36 30 0 68 72 110 0 179 40 16 48 71 8 88 0 58 98 0 52 0 16 60 0 37 74 16 65 0 4 92 25 32 71 25 36 63 20 0 0 65 6 0 78 0 142 20 30 24 10 74 0 0 62 61 186 110 41 145 18 103 128 97 72 40 121 26 12 0 48 71 18 80 82 68 85 72 46 28 17 0 0 33 62 32 13 32 24 76 140 36 16 74 61 76 56 72 8 32 22 32 62 24 87 22 0 0 94 25 28 18 80 95 10 81 0 40 84 66 3 104 65 82 71 36 18 24 32 104 44 68 0 72 16 123 32 7 48 128 32 18 56 60 64 8 0 13 93 108 0 105 86 146 16 20 41 0 28 25 0 127 69 34 172 4 32 0 19 0 24 53 0 0 137 81 0 51 20 32 6 63 144 8 30 15 62 48 16 72 98 36 41 48 28 0 16 74 48 12 0 72 2 68 70 45 4 21 64 47 44 30 16 30 42 74 36 8 0 117 29 6 51 134 0 107 0 79 32 90 0 0
25 81 60 54 29 8 104 111 35 59 0 43 99 21 63 3 5 17 72 64 28 4 8 47 14 0 115 100 170 74 0 101 102 2 8 36 175 77 42 27 101 9 74 56 175 25 40 55 72 0 38 9 7 43 36 4 37 8 20 135 42 0 44 146 66 52 2 69 100 21 17 32 49 8 6 48 0 0 5 8 81 0 0 22 40 57 40 35 50 64 0 36 56 0 13 71 30 80 119 66 75 50 2 45 72 68 10 7 12 6 81 4 290 98 0 53 54 129 86 57 113 45 28 38 0 0 45 56 0 48 17 77 230 58 102 12 75 92 2 87 6 69 0 47 0 134 28 103 22 45 57 35 71 31 90 83 55 14 40 6 0 0 15 8 18 110 54 28 0 117 83 102 135 83 21 64 141 7 14 55 8 14 56 56 97 70 112 8 69 17 57 59 0 60 80 97 42 146 83 28 0 87 69 40 21 54 34 0 28 28 128 88 20 0 60 102 6 42 0 35 23 59 85 56 18 63 12 77 111 8 9 10 36 56 3 10 21 36 82 117 0 109 0 51 0 35 22 85 50 52 27 58 35 0 78 40
93 0 127 45 84 20 66 176 20 144 49 40 48 14 59 21 59 42 148 21 0 92 93 98 49 34 23 105 156 84 21 51 77 20 130 42 64 97 90 43 102 36 140 86 21 63 172 48 45 73 84 9 102 42 65 12 78 92 123 135 27 14 128 188 79 20 64 21 54 13 46 30 61 124 45 137 40 84 107 83 49 42 77 59 86 156 110 40 6 109 56 16 5 148 71 57 35 24 81 85 97 85 6 56 28 169 0 107 53 47 14 25 52 0 126 31 141 69 39 82 59 95 46 51 85 112 101 0 53 93 65 206 93 57 77 5 68 16 0 49 97 59 120 117 119 135 58 42 95 102 149 66 171 107 51 167 15 40 12 80 56 61 36 49 117 49 81 26 70 0 105 3 74 22 98 173 112 63 93 117 0 0 50 117 3 23 86 91 149 59 87 8 35 84 36 0 142 98 10 20 36 134 109 83 113 61 20 201 16 159 63 74 103 21 0 21 64 195 178 67 25 56 45 45 11 87 46 0 90 13 89 0 9 35 75 46 129 56 123 40 13 65 36 72 47 79 26 48 60 10 130 71 132 108 176 27
45 4 55 74 80 25 145 74 46 7 4 30 48 21 6 69 78 83 11 4 7 49 28 94 118 82 6 12 103 43 76 34 27 90 53 3 81 66 31 0 63 27 99 108 92 65 51 2 37 63 79 79 48 4 24 15 51 117 65 51 72 90 115 137 112 35 127 56 24 30 75 48 15 8 25 0 30 70 2 56 47 33 0 61 28 171 70 80 16 49 18 85 0 61 85 44 33 22 6 45 26 16 35 136 0 136 24 49 6 0 37 0 60 3 34 16 0 79 0 40 36 45 55 43 38 11 10 0 28 67 0 18 42 16 175 0 37 40 28 73 0 96 139 85 102 141 25 14 42 5 103 105 0 32 56 55 54 2 9 11 0 55 48 0 18 8 68 0 75 38 18 26 9 95 153 155 38 16 51 71 81 8 42 0 0 64 124 2 18 10 2 0 36 49 32 31 54 12 90 14 16 0 121 21 0 119 5 150 57 78 75 65 81 25 28 48 118 45 118 121 49 38 18 41 29 24 42 60 29 54 154 68 0 0 14 47 99 30 64 24 64 35 102 0 10 24 16 0 4 44 0 7 112 1 213 0
20 0 32 37 122 32 42 54 73 56 16 0 74 48 54 161 40 0 24 48 30 22 0 78 54 96 0 2 56 57 52 16 42 14 24 7 30 0 2 72 0 40 67 17 66 16 12 7 0 78 116 18 18 0 0 42 64 56 0 56 0 45 42 8 103 0 40 40 57 12 8 18 12 0 21 0 24 0 18 28 9 12 0 25 6 52 83 68 206 0 10 18 21 57 0 29 2 22 80 95 0 21 54 0 84 8 90 4 102 20 99 50 51 74 0 71 0 0 8 10 56 66 20 93 74 34 16 0 16 9 0 34 16 38 94 45 25 41 6 0 24 85 160 35 28 15 98 45 22 30 100 64 48 40 21 15 56 0 12 14 14 0 32 4 44 26 24 0 0 5 32 0 10 82 54 2 74 26 54 10 114 90 0 24 45 84 70 1 0 63 0 32 6 1 0 38 48 16 16 0 32 54 4 22 0 86 36 30 15 4 9 28 73 24 88 63 16 23 8 0 32 49 143 0 0 0 44 0 35 13 16 0 48 59 17 25 72 43 23 8 6 67 5 39 12 84 67 56 0 30 43 87 78 17 56 0
56 0 34 9 123 81 59 147 32 5 0 62 42 36 5 88 8 14 74 48 12 60 36 44 24 48 20 14 120 109 44 115 74 48 61 12 75 43 0 84 85 40 0 55 81 64 77 72 148 64 144 45 169 0 56 8 48 42 55 40 44 0 120 51 0 4 40 94 103 16 61 64 81 32 27 0 82 137 85 14 86 10 18 38 80 18 167 120 0 58 63 85 30 44 30 126 28 5 110 41 84 0 0 16 40 62 54 31 75 0 0 46 0 0 16 48 35 0 132 15 32 72 9 49 144 72 20 34 72 76 12 25 37 118 82 19 28 93 66 64 56 34 24 3 21 111 46 32 23 104 154 44 49 10 64 102 74 95 10 35 0 120 54 120 89 95 76 8 15 6 64 28 169 43 3 50 10 97 64 32 116 24 73 84 22 45 14 0 51 73 12 20 8 106 6 52 5 0 176 0 5 93 74 22 0 43 74 48 72 109 35 20 12 4 70 0 27 129 57 0 56 31 2 93 50 17 57 90 36 113 55 0 42 86 45 32 24 22 63 7 6 42 56 48 33 88 0 74 24 25 0 0 112 0 151 56
30 0 1 33 97 30 63 42 54 2 18 8 68 12 71 0 81 49 9 76 25 44 161 94 65 42 145 24 18 75 6 64 175 32 18 0 179 82 77 60 63 220 113 20 56 36 0 29 113 105 9 84 56 27 102 65 68 0 23 35 29 90 49 0 0 45 63 90 0 10 83 134 21 26 87 72 0 38 0 0 72 229 108 44 5 95 32 62 91 0 63 77 63 41 235 36 42 10 43 3 24 146 83 0 56 87 27 9 121 0 4 9 53 0 73 4 82 60 72 81 9 103 4 40 75 47 38 4 41 0 48 19 4 0 0 44 111 8 0 86 84 42 0 48 67 78 32 70 34 24 50 66 0 0 115 0 49 70 142 27 29 161 0 0 10 54 42 12 99 0 0 103 68 93 189 8 199 56 0 24 0 70 81 0 59 24 146 119 45 88 0 0 35 5 154 48 0 36 6 7 148 0 76 16 42 103 49 0 37 138 112 84 61 114 153 52 0 72 9 35 20 5 8 102 72 101 86 2 53 0 6 58 82 0 0 27 63 117 66 137 47 36 0 12 0 36 35 16 163 85 81 154 28 0 0 8
63 43 12 58 149 45 6 32 67 16 7 7 0 18 115 8 52 18 40 34 9 32 94 111 6 48 157 39 96 89 42 109 61 96 55 48 100 93 127 126 72 116 4 40 112 36 130 0 43 60 53 8 115 21 122 4 85 141 27 102 69 65 25 32 114 5 8 42 205 21 40 56 34 115 0 75 63 0 72 0 24 140 46 0 0 153 30 60 75 100 64 88 108 35 49 72 65 56 87 19 80 36 75 0 44 75 129 87 12 0 3 71 71 6 146 92 78 3 91 2 32 75 72 87 206 12 8 27 116 118 81 83 76 15 116 15 0 54 81 80 124 29 169 64 103 99 129 125 47 96 56 40 119 60 176 116 15 113 33 20 7 2 0 105 8 51 19 54 30 14 28 11 69 94 40 51 0 30 30 46 46 84 3 0 92 140 33 3 197 32 57 43 110 8 114 63 172 84 119 52 133 20 36 46 11 30 0 57 36 90 43 43 8 67 106 86 15 40 126 40 76 0 50 101 48 74 16 20 17 124 102 65 61 18 79 24 71 107 71 80 0 92 76 32 102 0 182 110 165 18 24 94 3 60 54 64
50 79 66 124 60 118 72 93 0 36 68 58 122 7 64 64 90 14 24 47 41 3 72 20 99 0 21 0 0 36 16 71 86 56 96 38 0 86 96 21 35 40 49 63 32 32 120 104 123 184 104 4 158 44 135 78 136 77 59 98 32 59 35 64 0 80 56 0 182 89 65 83 59 0 78 0 3 0 160 48 0 0 88 30 71 44 70 55 44 28 94 0 97 121 36 99 42 15 28 0 20 76 16 36 0 93 12 102 0 72 68 21 20 51 143 6 126 0 52 52 121 24 64 76 100 159 0 70 95 15 68 109 99 31 101 66 21 240 59 95 21 4 27 28 101 0 78 64 26 0 40 7 89 10 197 103 12 102 0 13 118 72 32 21 119 69 38 24 18 67 76 12 86 0 77 36 0 91 63 111 36 57 24 132 74 2 118 21 98 83 144 72 140 59 66 73 108 69 40 30 0 48 92 39 50 64 49 72 40 64 56 69 81 32 101 0 33 121 189 93 65 9 0 57 116 73 32 117 61 80 62 36 27 95 131 29 0 24 54 45 27 114 96 120 82 72 0 77 118 52 68 39 0 104 0 0
18 36 36 45 14 49 40 0 65 4 63 18 0 0 17 101 40 105 21 5 14 30 28 77 14 7 77 80 2 90 16 21 32 48 30 48 64 0 79 97 0 52 20 0 10 96 68 8 10 72 18 46 22 35 45 45 51 54 146 136 88 0 48 100 10 25 81 0 94 40 61 10 0 15 90 0 56 0 27 0 0 84 0 40 34 140 41 14 0 49 45 70 0 42 46 42 15 25 25 80 58 48 18 0 56 115 77 40 45 14 34 20 40 29 0 0 27 59 0 0 0 0 82 8 39 8 0 45 69 18 20 82 59 0 24 14 6 36 0 0 14 30 124 0 26 0 10 28 0 61 4 29 178 84 72 32 16 15 0 108 56 49 36 42 40 18 14 95 25 129 56 71 184 0 111 12 19 140 0 0 15 10 52 0 8 28 50 15 90 72 6 49 22 0 5 2 59 30 5 0 35 0 88 55 10 42 0 36 77 0 24 104 0 32 0 18 10 6 12 73 31 105 0 0 0 22 166 0 84 6 88 78 93 40 48 9 75 0 90 90 0 35 0 60 10 0 42 41 25 15 125 21 0 131 60 0
45 30 78 63 245 91 30 193 15 75 133 54 98 28 13 0 84 18 9 40 27 83 108 65 92 118 0 96 144 56 11 170 139 25 42 116 110 3 28 35 43 64 123 74 84 116 50 87 104 0 122 94 110 138 51 60 134 107 82 40 95 83 76 172 0 40 163 40 205 75 129 270 99 96 66 249 0 103 9 133 90 109 81 121 31 18 72 74 171 56 59 168 24 99 88 181 121 75 43 62 134 130 36 36 83 159 57 16 135 119 138 0 237 9 9 119 195 71 378 62 32 232 103 14 143 12 45 82 28 61 132 121 81 2 19 12 74 65 30 127 204 52 2 72 207 121 34 90 126 0 90 53 89 9 123 252 30 20 84 0 54 198 136 42 99 83 137 54 225 61 18 86 41 171 54 123 112 179 62 0 15 114 234 24 40 63 257 201 118 84 9 45 4 83 12 106 57 0 0 147 191 26 60 11 74 48 95 71 66 90 145 194 5 36 149 117 58 214 92 81 9 60 56 195 80 63 151 63 9 36 82 99 146 91 14 81 67 69 21 12 47 141 91 0 18 1 25 70 160 47 67 103 187 112 79 92
118 34 65 83 16 8 144 94 103 114 14 132 24 54 48 66 0 30 86 0 51 21 136 118 3 7 79 130 63 36 31 22 64 16 15 56 118 22 32 62 86 24 38 41 125 73 36 80 16 93 26 35 115 6 64 245 0 0 16 34 72 108 21 24 64 4 18 81 12 22 137 28 28 120 96 60 29 32 93 21 214 6 3 68 107 117 201 63 0 199 9 36 52 0 9 21 61 36 30 0 155 63 0 0 2 83 132 36 94 20 48 30 109 108 62 32 106 6 201 96 148 54 64 97 105 6 40 73 64 85 34 38 49 12 23 83 104 81 0 87 16 36 0 45 56 84 34 219 146 12 30 115 1 0 84 71 99 36 20 85 0 0 3 97 27 50 1 16 96 82 6 97 196 92 179 229 121 93 139 42 113 87 72 16 152 54 126 63 143 21 27 101 24 252 9 165 52 72 73 12 64 16 54 42 42 61 63 103 49 49 171 178 7 88 112 49 77 4 150 45 62 18 84 102 47 103 14 55 96 20 150 37 49 0 70 69 65 37 99 82 17 4 0 6 28 100 36 32 128 97 0 82 132 81 82 0
8 37 0 38 36 43 0 0 173 63 52 10 35 12 29 37 101 0 76 22 54 0 29 45 70 0 60 24 72 24 66 32 94 54 20 115 152 69 56 51 85 16 48 0 55 136 206 15 0 0 69 129 3 6 28 57 59 62 78 110 64 83 34 134 56 48 26 36 75 4 12 67 56 13 45 106 54 0 22 68 31 54 18 0 24 106 17 84 79 16 79 42 77 48 105 30 44 28 62 37 35 96 57 0 43 148 12 0 23 0 69 50 96 42 0 76 61 172 122 52 34 66 0 37 90 99 61 0 0 0 0 168 56 87 0 0 137 20 28 81 0 0 43 72 32 28 68 30 126 54 4 126 108 28 49 110 28 0 12 0 99 35 59 71 54 30 6 70 243 0 56 0 73 57 57 11 4 106 0 0 0 70 12 0 0 68 36 49 85 0 7 39 21 89 13 27 130 32 56 71 85 52 86 54 78 60 15 94 48 26 67 190 6 0 42 51 14 62 51 63 44 0 16 0 76 12 10 0 75 28 29 16 42 45 4 85 50 27 63 50 0 50 112 24 9 78 0 102 46 36 72 0 0 86 14 0
126 14 0 54 75 9 41 43 59 60 74 18 27 0 143 6 16 0 53 100 0 67 32 49 21 50 23 14 42 91 144 8 49 133 36 64 109 4 0 24 34 3 0 28 153 0 56 0 0 123 0 0 15 0 77 70 45 0 0 46 0 0 28 72 0 0 15 108 69 127 1 18 0 122 42 0 18 52 19 0 63 42 36 6 46 9 71 0 54 29 35 0 45 47 62 21 0 35 205 175 49 0 0 0 84 0 0 14 158 0 8 70 72 63 0 0 80 64 112 0 75 14 8 3 49 110 43 2 136 87 49 32 12 0 65 3 87 59 60 61 0 0 7 0 0 42 0 0 7 0 110 0 32 61 0 0 0 17 0 1 85 49 0 80 14 43 24 28 98 81 46 116 8 14 27 140 46 49 42 86 108 54 63 155 54 0 92 0 0 0 0 0 26 0 43 0 0 35 40 0 12 63 12 0 0 0 27 0 43 27 72 42 40 63 28 0 18 0 27 35 83 3 9 5 40 27 0 18 130 15 12 0 77 63 36 30 0 56 50 0 46 62 7 42 76 51 8 39 43 40 0 0 81 8 82 81
96 0 107 33 18 86 20 30 40 81 8 24 32 48 62 3 156 67 119 12 12 0 28 68 24 21 32 0 71 132 0 116 54 54 0 165 138 38 72 48 72 96 105 9 80 60 17 35 40 44 36 19 57 0 56 255 34 177 49 115 90 46 17 0 98 82 81 14 144 18 125 44 32 26 105 51 4 57 23 0 30 39 64 0 8 82 40 8 69 84 51 33 155 99 92 9 15 36 72 70 47 50 169 0 72 147 6 94 97 0 0 24 79 0 29 18 36 133 22 103 76 4 53 39 62 19 85 56 32 49 100 114 129 24 0 78 91 66 40 211 12 114 12 96 131 60 32 37 90 48 166 76 16 67 75 108 54 0 121 57 0 91 30 6 28 67 14 56 154 6 15 135 100 53 195 80 94 96 19 23 17 6 54 30 126 64 104 16 135 26 56 16 48 9 70 15 48 69 30 16 120 63 62 3 70 79 36 43 46 126 106 148 78 126 69 24 50 96 21 25 12 0 20 68 11 88 112 87 90 59 97 52 90 0 36 12 147 17 0 50 0 54 56 36 3 29 0 134 75 36 0 96 9 0 24 24
54 24 100 131 7 54 81 26 4 0 4 36 160 0 15 42 63 40 28 61 77 0 63 132 110 21 115 118 8 7 0 28 0 94 0 14 216 56 116 0 28 113 100 0 86 90 8 186 61 56 48 16 0 95 33 107 40 72 56 48 8 49 45 76 22 24 48 110 101 42 48 32 0 38 7 32 67 8 0 114 115 52 25 81 186 0 45 135 55 21 14 25 0 0 92 55 6 126 119 87 196 94 135 72 2 81 156 96 170 61 42 31 118 77 14 74 0 29 8 41 48 45 8 63 97 16 21 0 4 78 9 80 45 0 147 64 57 73 40 0 36 80 116 0 0 101 52 162 18 50 0 1 217 107 43 7 131 40 20 69 70 15 25 16 27 0 103 46 21 53 67 89 38 70 16 115 12 6 99 0 147 3 16 0 90 24 28 89 18 5 27 0 0 131 157 163 0 6 38 67 6 93 11 63 18 30 56 169 72 98 18 158 30 28 67 42 30 0 22 0 32 48 124 0 0 61 78 45 103 21 36 0 0 48 36 83 36 102 54 41 0 63 49 106 87 42 30 51 0 70 42 109 11 53 55 101
144 0 42 60 75 20 36 32 21 4 65 98 138 89 96 57 46 42 64 10 9 56 24 145 42 74 16 63 44 129 0 126 134 62 114 63 68 90 58 70 109 62 34 5 188 27 128 144 24 58 54 0 13 113 69 54 114 142 142 39 159 77 84 106 101 61 96 51 69 93 123 94 4 66 69 137 2 22 52 20 89 5 14 83 97 77 38 2 126 118 113 66 69 92 44 94 84 81 107 48 188 118 86 99 36 64 0 20 1 32 15 32 257 63 6 87 48 64 0 56 131 18 53 108 7 82 82 26 2 62 23 127 29 85 153 74 29 74 6 23 37 99 89 76 12 90 40 8 61 101 0 60 232 80 87 231 49 130 26 7 47 86 22 217 12 36 60 12 103 30 98 14 99 194 29 129 98 80 98 42 0 97 53 50 56 78 12 57 77 12 91 100 22 68 51 6 33 119 109 91 3 30 122 48 98 85 91 118 38 60 12 55 5 66 54 183 102 134 64 113 135 49 18 60 106 6 213 6 35 68 15 47 0 57 48 14 133 154 68 17 70 27 120 132 110 164 42 45 106 20 228 103 86 58 140 143
17 0 31 54 38 108 171 38 60 0 62 23 42 0 0 71 18 0 91 15 63 8 16 51 0 91 84 79 2 0 0 12 6 62 7 16 138 24 45 56 36 20 12 33 72 100 54 83 28 58 52 86 63 56 79 135 0 0 64 8 74 194 24 0 4 96 20 43 0 2 62 24 129 4 48 0 38 0 50 106 14 135 27 49 124 58 99 172 61 39 56 12 0 73 11 41 81 28 24 4 0 72 21 51 7 19 0 32 0 2 31 0 16 27 82 44 163 36 2 57 54 34 0 13 74 64 27 67 0 36 24 0 58 15 30 18 189 162 41 4 50 68 48 18 43 12 30 30 25 9 79 42 25 7 126 90 72 70 0 46 109 13 12 113 27 117 85 0 128 116 12 76 80 29 32 121 0 67 0 12 121 127 36 29 9 24 0 34 0 74 10 60 86 56 28 4 28 0 8 8 0 27 24 4 21 35 38 53 109 167 66 32 24 32 116 0 135 24 72 8 0 32 22 84 34 24 8 55 87 7 50 7 65 15 94 36 118 46 87 38 9 34 129 45 105 83 8 46 16 57 0 15 10 6 34 28
23 14 112 144 138 103 166 125 66 103 86 71 67 49 54 58 35 0 146 89 151 92 28 43 41 135 79 49 51 43 21 135 56 151 142 95 184 104 0 42 35 51 167 78 48 114 125 114 68 89 61 58 28 97 126 143 103 33 119 8 128 226 57 174 32 153 72 99 56 88 47 211 33 61 76 171 0 130 16 116 208 2 128 53 74 201 251 135 108 23 156 15 5 193 40 143 76 35 67 42 170 169 54 45 68 176 0 46 9 65 95 36 95 22 119 93 112 85 90 101 27 147 66 25 46 59 175 0 153 38 37 238 67 57 63 41 165 136 30 120 24 22 102 49 188 105 106 36 96 99 56 74 138 50 80 223 118 72 0 116 114 106 36 32 194 89 141 36 112 49 13 57 246 208 110 58 90 126 12 80 57 69 97 12 30 21 75 6 4 112 0 30 18 55 77 24 6 15 96 69 32 0 97 101 62 137 28 29 109 136 89 5 23 121 132 60 92 127 53 86 8 23 23 66 42 92 54 6 51 57 119 116 63 140 70 130 82 70 103 78 60 62 80 72 108 29 67 30 40 67 72 103 141 103 85 9
72 0 33 43 167 18 85 90 86 51 37 58 0 149 44 42 109 18 36 12 29 73 76 146 64 71 102 12 101 45 94 183 7 35 9 0 159 2 57 99 90 66 32 74 63 63 24 28 54 4 80 36 57 8 57 50 96 56 48 92 41 24 56 0 9 0 111 78 47 26 110 70 40 52 9 78 0 33 74 45 113 93 44 79 120 11 114 52 111 80 36 64 105 31 44 111 38 68 28 49 131 58 48 20 35 21 33 117 35 8 79 24 93 48 22 76 7 16 142 66 146 38 17 140 4 6 43 32 0 93 0 5 14 120 64 76 56 138 36 49 8 142 155 65 13 24 49 62 142 18 78 16 138 67 12 155 74 48 51 130 1 0 8 16 12 7 74 24 19 131 22 41 175 161 70 135 121 68 38 84 76 70 24 85 61 110 39 108 72 70 0 70 15 52 38 33 55 54 12 0 36 54 36 10 24 150 84 52 9 69 37 141 63 15 116 24 72 20 18 15 47 86 142 67 47 0 147 133 86 15 73 35 48 90 21 31 240 145 0 113 16 61 95 45 77 56 63 28 101 81 29 55 72 14 152 232
24 0 56 36 45 32 72 0 21 17 103 9 72 0 0 18 36 21 30 0 4 0 30 24 0 72 7 55 36 0 0 16 84 13 72 36 0 34 45 62 0 36 84 0 76 0 73 36 36 52 12 93 0 49 93 0 39 0 0 36 64 18 69 38 27 0 55 0 22 36 1 95 18 45 0 12 0 15 0 8 24 77 0 0 0 6 0 28 3 27 79 129 14 11 0 36 111 0 24 0 0 76 78 0 93 32 63 64 41 2 0 0 56 0 21 0 4 48 81 21 3 40 8 5 0 0 81 63 20 0 52 28 0 12 3 4 62 4 0 0 76 12 9 8 12 0 38 0 6 21 89 24 74 12 36 12 0 12 0 0 0 1 5 0 0 24 37 0 0 8 117 6 21 21 0 15 105 80 0 9 0 0 1 18 50 87 55 21 92 9 81 5 32 30 0 112 59 30 8 0 50 61 0 0 35 54 29 76 0 128 92 0 42 3 99 9 15 8 31 15 101 102 35 0 10 0 24 0 24 70 9 19 120 30 2 0 64 6 0 15 6 0 51 74 31 24 30 24 70 21 34 0 0 0 4 0
145 4 59 93 47 21 70 67 17 30 10 69 75 8 93 0 60 18 60 116 9 49 154 40 33 0 53 0 86 18 76 61 57 50 0 33 110 45 27 134 45 39 28 0 86 38 42 79 59 8 132 36 57 28 67 103 60 62 115 102 30 0 2 76 0 56 68 126 62 0 100 52 43 36 108 84 89 25 49 51 135 7 28 102 7 10 61 52 92 60 176 48 98 9 12 137 30 0 179 45 108 36 73 9 49 117 65 6 149 66 0 11 40 8 3 104 78 18 138 34 107 78 16 73 39 8 39 37 52 42 30 113 60 57 79 0 45 113 43 104 0 48 27 35 0 78 0 88 54 33 132 59 130 81 7 151 19 66 6 148 56 52 60 0 128 54 1 46 45 71 74 54 16 1 46 103 21 33 142 140 60 114 35 62 142 165 35 107 93 56 0 36 0 120 42 48 32 0 18 18 77 48 35 35 64 10 40 117 118 59 60 77 22 0 66 30 12 24 51 0 16 64 36 54 42 60 88 83 168 31 81 48 49 93 71 20 6 65 45 4 43 65 73 120 9 64 61 18 111 0 25 158 25 0 137 118
111 135 35 8 110 67 108 118 117 0 16 80 136 78 15 32 36 60 40 135 30 49 20 104 12 50 46 23 42 184 32 109 117 101 57 54 82 54 155 76 45 18 80 13 164 65 62 147 0 59 39 69 85 24 104 101 147 78 82 28 25 73 78 62 108 64 92 30 119 26 5 95 0 80 50 47 59 108 0 15 188 10 118 49 2 26 13 34 142 56 37 38 10 18 30 157 91 8 104 49 45 88 142 38 24 10 16 125 60 28 36 24 248 72 20 64 40 80 76 61 0 216 64 82 24 51 53 46 36 79 15 50 0 0 43 84 98 44 59 54 24 0 55 66 97 92 16 107 30 96 0 59 78 5 36 33 0 38 112 0 83 10 16 60 18 72 111 30 150 40 25 254 61 94 85 106 92 55 0 16 49 18 71 7 0 63 0 15 9 26 88 97 106 25 100 80 24 12 0 62 16 56 69 20 127 122 46 204 0 50 86 129 0 16 114 72 135 38 126 4 44 0 67 146 7 0 61 24 72 90 135 20 0 64 57 56 67 30 18 104 24 9 13 0 29 35 4 138 82 8 0 30 102 0 30 40
88 9 65 31 88 69 90 112 13 26 47 74 72 63 0 84 10 108 109 14 0 115 41 18 2 178 56 0 65 30 0 72 5 59 77 44 15 161 72 34 0 28 63 40 113 66 16 88 21 40 29 89 41 4 68 180 56 0 48 45 0 149 141 16 24 0 56 85 30 90 20 12 10 160 60 57 72 24 77 27 48 32 0 105 48 110 14 137 112 48 175 84 32 108 55 124 14 124 161 71 43 108 63 69 103 20 27 4 104 115 74 48 96 8 95 94 14 43 25 61 54 74 0 8 14 38 30 18 16 20 30 32 63 78 50 3 44 6 75 28 78 18 79 16 72 0 81 156 79 83 73 130 15 71 45 89 110 52 0 6 8 54 148 64 93 42 63 23 186 0 213 18 37 16 50 18 68 43 9 36 58 69 0 89 0 15 107 60 0 0 51 78 84 149 70 115 17 0 77 38 8 60 19 57 0 36 84 102 32 0 150 129 42 35 101 51 32 141 93 38 51 60 63 72 37 24 27 36 128 11 101 145 108 59 0 53 35 65 38 12 24 75 30 121 3 1 0 45 86 12 32 70 111 47 37 0
45 0 44 102 42 0 96 45 0 32 9 121 30 0 56 46 78 8 57 76 27 62 9 56 100 62 120 36 81 37 24 64 80 64 72 32 61 0 44 44 48 45 35 43 82 23 92 0 54 24 96 42 39 40 48 40 9 0 57 20 15 0 107 64 40 45 90 103 39 7 0 73 0 94 70 109 54 0 25 30 95 0 84 40 37 90 215 1 21 73 13 10 40 50 147 27 0 36 73 80 0 28 32 57 146 35 0 33 85 12 188 0 112 58 46 0 93 14 42 0 41 92 106 37 28 33 140 38 15 124 0 9 82 14 30 36 74 140 111 95 107 61 103 0 27 28 56 22 64 45 218 39 36 68 170 82 24 144 72 0 58 114 65 55 5 112 44 54 43 117 32 149 101 5 35 107 34 91 0 101 59 47 62 52 92 77 99 49 90 7 86 0 20 108 57 3 0 121 24 12 32 46 70 70 0 70 111 56 47 54 104 31 32 96 112 129 46 36 29 0 0 54 12 21 54 0 121 54 111 79 56 48 112 142 82 50 36 77 56 24 36 44 37 0 84 6 0 121 55 79 20 74 99 63 40 64
31 0 80 88 69 19 34 20 0 45 48 18 10 34 26 50 57 0 162 0 42 18 54 125 0 63 64 105 12 78 0 63 0 127 140 81 54 12 52 0 27 129 57 14 12 24 0 54 21 0 30 74 40 51 34 0 114 49 114 20 106 96 52 0 0 88 56 63 0 79 60 10 147 54 119 36 16 0 0 47 0 230 54 121 24 66 153 156 0 18 66 57 0 63 47 62 24 78 44 0 298 0 14 0 28 106 10 0 5 0 8 15 12 71 88 0 156 68 117 10 43 21 0 59 117 15 46 28 86 42 122 187 36 104 20 8 7 46 79 9 52 49 183 48 63 122 63 21 143 79 52 133 33 49 120 124 39 148 0 62 35 55 28 128 28 130 68 0 109 65 9 0 111 89 40 72 0 129 98 48 0 24 56 40 32 12 69 35 8 17 0 48 63 45 18 0 9 0 52 0 48 40 0 99 36 57 83 93 76 41 74 0 42 8 41 24 54 32 62 100 0 0 32 0 126 32 93 0 21 33 97 114 61 74 37 0 69 21 118 66 24 81 0 108 83 88 28 0 66 133 56 176 27 102 161 29
16 0 66 147 75 0 36 63 54 90 95 137 40 70 52 23 64 48 63 0 49 85 103 62 68 86 92 177 47 0 70 50 5 6 25 107 89 36 56 54 35 108 81 16 28 101 11 98 130 95 77 21 9 29 43 57 115 10 225 63 41 83 50 63 41 107 57 134 64 78 67 123 9 92 40 145 83 22 36 75 100 77 10 0 60 74 38 111 64 30 25 104 16 105 65 36 210 8 45 57 121 59 54 0 12 32 58 136 11 18 42 30 72 40 74 26 48 27 243 29 68 76 55 64 112 99 152 6 42 85 29 92 112 0 56 21 41 52 27 13 173 78 5 20 121 42 54 133 95 0 120 4 28 9 95 159 33 72 0 119 0 94 49 44 61 48 75 0 37 50 13 24 77 141 36 11 41 123 140 60 51 3 8 92 28 109 25 77 51 129 15 64 9 0 6 51 22 109 0 48 88 0 74 59 60 51 10 49 27 87 138 112 87 24 84 64 36 53 70 131 45 48 48 129 133 0 99 60 63 65 110 36 25 0 20 29 43 182 0 14 63 20 111 32 85 128 18 64 0 69 0 70 36 42 50 48
87 66 50 77 114 134 73 7 37 70 30 120 27 19 114 0 96 92 8 56 25 99 154 45 51 40 16 29 89 4 20 111 101 63 46 40 72 140 148 0 102 56 58 73 130 33 126 39 70 157 65 36 0 32 97 44 52 14 59 14 92 49 151 49 34 69 29 50 3 74 87 94 71 80 94 105 16 51 56 0 70 0 94 43 6 215 47 84 167 52 175 14 70 70 0 15 80 0 40 34 67 52 46 20 58 36 45 55 0 91 32 73 34 61 83 133 78 18 15 51 0 204 4 75 22 44 12 80 91 24 5 6 116 3 0 27 46 74 35 74 93 55 93 51 48 6 108 0 103 49 109 24 61 123 10 167 30 94 29 85 33 36 36 22 12 62 6 39 40 70 59 32 51 32 98 40 171 0 71 69 40 48 20 32 136 31 60 119 37 82 55 44 60 20 84 15 87 9 132 73 64 39 46 9 63 29 25 28 120 87 111 61 2 112 137 11 54 42 40 7 75 29 70 17 1 95 120 91 20 128 56 49 24 66 53 0 110 87 63 8 52 89 127 25 0 0 78 60 1 121 15 101 143 45 85 0
69 40 166 42 116 40 65 21 46 122 48 99 8 39 42 17 64 28 211 9 95 29 91 41 59 82 84 78 134 101 40 158 192 75 21 98 183 21 133 64 152 38 47 16 106 128 59 63 140 69 77 17 74 41 16 107 47 82 114 102 54 50 63 5 99 55 60 79 55 115 112 88 41 58 18 18 93 15 9 68 36 47 28 28 32 227 81 14 16 83 58 35 80 31 29 8 7 11 146 2 61 10 27 16 33 103 94 70 32 64 72 24 83 41 54 67 175 64 42 102 87 24 28 17 81 111 28 90 0 56 59 112 154 77 96 24 118 147 86 61 79 10 113 62 41 38 84 129 145 49 30 97 134 36 12 99 64 10 40 21 4 59 21 35 72 110 50 36 141 83 75 18 131 24 77 156 45 174 22 39 123 20 9 155 56 45 48 28 81 0 49 22 14 72 64 52 54 67 73 16 23 112 93 13 36 26 66 71 75 150 126 53 48 18 172 72 149 102 89 12 140 33 97 33 17 10 0 208 15 79 32 36 44 71 61 0 276 72 14 52 40 132 82 21 38 66 76 96 56 156 8 56 39 18 123 61
30 3 15 76 207 0 49 28 54 28 32 0 65 91 100 21 74 24 44 20 130 0 59 67 21 142 58 59 76 49 24 94 80 40 24 129 196 161 96 20 86 25 115 0 108 24 0 53 41 18 30 16 4 38 110 82 60 121 59 89 66 220 75 63 5 56 80 53 8 50 84 30 67 6 100 0 0 35 13 68 73 102 0 28 48 39 131 94 34 36 118 36 57 35 56 66 37 70 98 47 117 71 8 0 18 16 0 140 19 52 35 6 101 89 98 64 133 62 14 38 0 29 73 24 49 75 18 35 114 24 63 56 144 90 93 0 105 43 0 115 112 49 16 0 21 24 70 24 113 0 62 78 96 16 20 246 59 85 100 47 16 12 38 201 44 34 0 36 157 96 40 36 100 82 12 125 28 114 28 0 48 67 12 0 32 12 93 36 58 0 4 48 127 35 81 5 2 72 78 84 31 8 0 0 0 20 58 0 70 20 105 109 24 90 4 108 50 72 39 28 36 56 0 86 26 40 113 42 64 12 106 78 16 16 36 0 139 83 79 30 184 20 25 20 80 4 190 15 26 12 135 66 48 46 159 194
24 0 0 79 93 74 0 57 27 76 90 90 81 38 9 6 96 3 4 0 60 78 68 20 63 54 40 97 59 0 71 147 35 99 0 10 64 33 23 27 52 24 117 28 6 40 32 40 12 58 47 16 3 0 31 88 72 61 0 86 67 81 18 0 88 72 53 98 81 0 32 36 42 0 78 0 78 15 96 40 72 42 40 104 52 85 119 128 24 0 36 24 31 6 0 76 0 56 110 9 41 24 1 16 9 177 15 39 58 66 120 9 27 18 63 128 120 23 64 42 100 142 72 70 100 69 20 42 81 56 2 0 51 98 71 61 42 81 0 40 0 3 175 42 98 92 0 48 88 0 8 47 0 51 43 64 54 30 24 39 0 78 28 0 79 26 58 0 24 29 47 3 20 76 9 85 107 70 138 131 28 52 12 49 31 15 34 30 188 65 36 41 83 40 107 88 53 32 59 71 56 0 0 0 38 156 59 0 78 81 24 55 67 81 0 4 20 88 3 0 49 9 97 49 0 14 20 78 87 71 46 79 9 21 6 48 104 63 38 151 21 18 36 119 38 18 25 0 114 179 24 120 0 112 105 52
42 0 60 48 119 51 106 81 24 24 75 171 123 0 27 42 85 145 0 5 111 99 54 15 8 111 36 130 51 0 33 69 0 63 53 39 28 6 74 18 83 12 48 32 56 4 75 56 39 141 64 72 81 75 53 90 33 40 4 57 141 55 47 16 77 103 54 66 80 23 6 54 77 36 138 18 96 23 74 43 24 36 33 90 0 9 87 40 139 126 64 30 2 9 0 72 110 35 74 58 18 102 42 24 18 64 36 14 93 54 30 36 38 7 95 186 57 10 129 5 40 171 48 0 60 85 45 30 90 34 148 32 139 0 15 9 7 20 4 66 54 86 36 40 60 45 68 81 90 0 165 32 61 68 87 74 109 23 28 78 38 42 61 20 42 75 33 3 76 21 144 51 48 12 54 41 89 66 93 120 57 0 74 59 36 30 45 90 154 66 18 42 22 167 146 78 16 14 46 0 12 39 0 0 31 48 68 164 0 72 45 30 51 60 138 0 0 16 17 0 15 96 94 102 0 54 113 62 0 109 120 48 81 42 0 12 92 24 33 0 39 48 115 69 0 144 69 44 138 34 42 15 81 122 138 84
96 64 175 144 191 78 74 210 32 91 49 32 56 71 0 59 0 50 148 70 24 66 116 17 49 113 0 72 149 42 6 10 36 64 9 159 165 65 16 63 81 12 154 124 69 30 137 67 166 18 47 74 70 7 26 116 45 56 189 46 112 48 30 0 141 56 58 38 62 24 11 129 32 56 0 44 80 24 12 124 146 0 64 58 7 210 15 240 127 62 32 95 0 73 145 18 32 91 49 66 68 86 168 174 24 152 62 146 97 24 78 118 55 81 100 25 5 29 65 94 123 200 0 32 0 122 86 27 0 79 24 148 39 17 130 67 152 25 2 56 172 85 120 66 240 51 42 196 18 0 199 31 160 86 0 74 108 15 40 108 0 0 63 48 65 89 71 24 77 0 12 24 55 75 62 40 72 129 31 3 18 129 0 4 90 116 102 125 144 70 0 63 71 36 0 129 74 0 44 83 56 24 57 82 20 105 82 98 80 203 92 16 105 56 198 35 0 112 56 155 15 81 68 98 7 22 0 9 128 8 64 158 72 36 15 9 64 21 70 26 64 23 72 105 82 86 98 0 0 81 24 82 135 0 83 114
40 0 11 78 32 30 3 53 80 0 16 87 38 14 63 10 137 85 88 55 96 75 37 104 60 131 46 21 167 28 30 51 0 60 37 21 6 114 28 100 95 135 161 0 145 36 3 66 111 18 153 20 14 0 39 87 24 106 39 174 7 60 58 82 48 21 31 29 78 3 167 0 4 0 24 74 102 32 102 99 8 46 20 55 78 62 50 16 104 0 72 4 145 40 37 82 5 69 28 8 0 76 70 0 39 60 16 105 62 40 0 18 30 121 23 84 0 110 9 101 52 126 44 45 22 140 56 0 49 12 28 107 169 48 60 58 44 42 43 142 0 158 73 24 34 123 52 154 138 10 49 0 95 128 44 28 0 26 109 49 0 42 91 16 67 48 18 0 77 54 88 5 21 0 34 84 94 81 44 0 30 148 0 12 32 142 54 12 83 16 24 26 77 63 44 38 12 56 39 56 87 0 94 34 61 121 181 72 0 28 112 69 68 118 121 135 110 49 100 56 24 141 40 48 17 76 6 85 103 0 41 12 7 23 46 46 32 73 30 31 36 79 121 39 7 99 18 100 82 82 104 197 4 93 114 49
0 6 68 117 33 0 76 48 86 115 52 135 40 12 3 77 24 0 14 0 39 114 72 28 36 9 6 135 45 4 69 84 60 72 20 146 32 22 88 47 28 25 49 19 78 7 82 94 6 110 145 32 18 59 110 34 119 56 126 7 113 100 68 52 45 141 107 15 0 86 92 72 67 160 58 118 0 24 16 68 117 45 32 32 58 18 20 21 48 106 95 0 0 35 24 85 54 3 18 42 137 47 56 0 48 69 12 48 75 30 106 8 114 51 30 46 88 0 36 64 42 123 50 28 82 6 162 32 44 93 9 23 142 24 29 4 50 73 128 0 42 48 44 64 83 102 16 20 114 16 88 64 59 4 168 69 48 36 38 111 48 21 84 22 40 30 34 8 160 68 69 39 86 46 42 62 107 12 92 8 8 0 43 63 0 50 112 154 0 102 0 8 20 0 44 0 28 9 0 0 72 12 42 88 56 23 73 78 63 40 24 50 63 75 209 44 114 120 66 82 53 24 32 0 18 78 0 54 27 54 116 19 0 58 72 4 61 65 62 37 16 42 32 46 69 219 20 76 38 52 16 48 28 40 107 74
0 50 12 52 31 28 66 73 92 111 52 72 108 4 71 0 72 36 144 72 74 0 5 168 154 30 8 76 93 18 88 47 98 18 66 115 50 0 169 169 24 81 112 15 171 96 21 160 98 48 113 3 71 0 149 50 48 54 257 41 10 0 35 24 36 60 82 12 76 16 50 51 18 0 120 6 12 100 3 44 155 14 0 55 24 115 5 68 140 143 60 104 42 16 35 52 4 48 183 114 123 69 48 45 55 53 0 70 24 0 90 48 59 12 32 106 138 9 21 111 30 102 47 32 48 139 46 4 48 224 27 40 18 15 64 156 111 16 6 88 125 64 55 0 136 30 48 74 107 74 148 23 102 3 9 60 135 64 134 70 53 48 53 52 0 98 112 30 75 43 47 43 146 0 75 80 40 87 0 18 79 139 21 36 4 36 117 83 144 0 0 0 124 30 0 60 0 0 48 45 6 0 62 9 50 54 35 128 74 117 131 81 0 0 61 11 162 62 112 58 142 28 16 93 3 8 89 67 27 115 110 48 9 141 58 75 162 88 48 61 83 49 48 63 61 93 72 121 77 58 92 11 82 37 98 115
30 45 68 140 69 106 0 21 169 118 98 54 85 103 87 30 185 20 63 0 27 95 185 8 284 71 81 78 72 12 129 160 96 110 48 124 9 112 120 110 57 9 53 18 168 150 157 236 123 253 42 96 20 122 53 56 82 141 224 6 211 68 84 0 30 90 163 157 40 98 146 89 72 42 86 35 7 68 78 80 74 30 78 0 42 133 78 76 193 18 131 32 8 127 36 111 173 35 155 139 137 111 6 25 98 35 20 40 51 203 74 76 118 6 12 47 243 88 158 198 0 31 79 147 88 73 58 32 94 22 49 96 93 27 85 81 107 257 80 10 62 64 99 0 123 44 65 133 130 0 35 56 68 9 4 153 78 139 36 87 89 184 82 70 88 118 25 0 0 56 102 56 63 71 60 17 83 154 82 55 180 16 12 180 0 34 64 66 87 0 93 109 25 189 110 66 24 124 6 26 60 0 215 37 0 75 78 90 6 177 115 111 27 63 193 61 105 40 137 122 90 44 0 141 190 166 111 169 93 117 153 143 40 119 92 78 194 260 0 80 60 70 144 22 190 166 18 16 141 99 189 90 30 51 0 143
100 36 15 35 64 77 49 0 0 21 28 57 35 15 39 8 0 0 69 0 118 36 67 8 59 0 0 21 0 54 92 2 63 91 96 36 138 3 89 72 105 90 4 63 0 15 33 86 30 8 192 2 0 0 31 0 4 42 5 59 49 88 105 79 12 14 42 56 9 113 0 30 20 97 192 25 128 25 5 104 137 40 17 54 98 36 41 84 78 63 149 67 65 5 63 2 49 86 18 82 70 16 0 42 0 56 0 63 112 24 43 78 98 62 128 9 105 9 143 44 65 63 41 7 29 90 95 105 92 186 28 0 103 24 171 42 67 129 0 21 84 54 90 48 14 45 68 30 78 51 0 0 71 21 77 144 25 0 45 8 63 14 3 45 97 28 108 0 98 58 14 42 117 16 30 106 182 85 54 56 79 15 11 54 84 0 12 42 150 8 4 1 35 54 97 77 28 42 56 36 24 49 20 45 14 60 31 72 0 138 14 36 15 30 103 30 6 45 101 12 61 35 36 0 0 14 0 42 67 0 7 0 37 0 135 28 18 202 153 83 0 65 0 56 171 43 24 72 90 103 6 54 198 4 30 69
66 0 54 27 90 107 76 115 30 12 79 49 0 49 35 66 35 0 2 33 18 96 37 122 0 55 69 38 36 55 0 188 52 56 66 147 182 27 77 11 7 90 47 83 18 63 66 15 63 45 0 84 75 15 100 9 10 54 16 65 52 8 89 90 75 45 99 92 55 3 97 100 42 72 24 8 72 14 17 35 152 159 41 129 55 87 5 140 83 56 6 108 7 42 64 143 34 86 205 32 64 24 35 53 44 64 5 81 40 0 80 20 176 7 5 0 35 101 130 11 92 62 43 48 65 101 88 10 69 35 35 110 60 89 35 48 53 18 129 50 40 99 111 123 73 63 85 106 130 92 6 0 80 17 96 61 0 25 20 83 92 60 0 80 39 36 97 4 105 89 10 51 142 101 48 21 63 128 139 34 0 42 7 40 0 31 65 0 25 36 24 0 90 59 67 49 0 20 13 71 24 3 72 53 54 107 77 73 21 48 75 103 7 118 98 5 54 52 60 0 4 72 33 129 45 72 60 42 31 63 82 48 21 138 0 1 91 60 80 94 21 58 72 81 19 139 34 13 34 130 64 155 88 64 126 40
0 45 60 0 36 24 42 3 0 0 40 3 6 9 8 24 122 0 0 28 77 0 72 96 175 56 18 40 18 0 30 72 18 42 18 1 72 48 12 93 36 27 24 76 145 0 15 48 0 0 97 3 45 48 5 0 60 5 72 85 0 64 27 9 18 0 0 99 40 72 17 51 125 0 15 93 0 4 64 104 135 132 22 72 36 18 154 135 0 0 48 27 45 0 0 100 51 69 0 9 0 31 0 36 86 9 81 40 83 119 99 0 28 25 48 0 129 84 9 8 79 2 0 72 61 0 24 86 21 81 0 71 118 51 73 42 3 170 45 0 0 82 42 36 9 0 1 16 114 0 8 0 0 6 54 71 0 66 0 0 18 92 0 257 27 130 63 0 0 127 32 8 103 49 0 8 16 162 27 24 132 53 0 46 18 0 54 0 27 3 0 0 48 27 117 0 48 63 86 24 64 0 150 5 76 38 0 142 40 58 48 4 0 72 45 66 11 32 96 75 16 41 30 42 45 119 16 122 86 9 72 15 106 81 102 6 0 52 135 56 45 45 38 54 51 32 0 24 20 96 9 54 0 18 0 0
59 44 0 46 0 45 47 66 36 40 28 0 104 2 27 34 40 27 60 24 0 0 43 100 36 48 18 27 73 163 24 66 27 42 35 102 97 34 167 30 112 53 176 35 223 116 140 64 32 72 48 75 62 9 77 46 62 48 57 31 81 71 24 36 53 64 52 56 20 21 27 18 72 36 84 48 34 40 22 41 22 5 12 0 70 45 56 0 30 0 6 80 34 30 56 53 111 60 76 32 24 4 18 45 8 63 16 50 27 32 68 49 49 44 55 70 4 199 10 0 35 66 28 57 176 88 20 0 6 30 4 38 162 0 0 72 66 37 35 0 20 8 116 83 87 126 58 15 52 30 42 72 16 53 46 3 62 64 130 0 24 0 12 39 41 52 0 24 59 20 93 78 54 8 68 26 62 135 38 35 10 48 9 2 129 73 0 6 95 55 106 52 72 45 143 52 28 0 128 0 8 80 60 66 48 4 107 81 8 56 172 83 33 109 24 31 44 66 30 0 42 41 40 119 46 11 38 53 93 67 80 56 35 78 30 36 56 10 0 68 0 4 73 0 35 116 76 51 34 5 0 12 16 69 87 42
40 94 42 78 75 24 95 3 72 98 33 7 50 69 4 28 53 0 0 4 40 84 54 24 19 0 72 88 107 142 22 46 72 38 63 149 61 30 64 84 42 9 208 56 113 112 64 120 45 90 90 0 35 26 2 81 149 153 148 6 171 45 81 105 0 39 68 18 51 27 25 54 18 64 79 48 21 4 16 102 45 64 54 82 40 72 69 0 81 0 71 16 7 148 0 10 6 32 22 15 8 31 86 0 50 43 58 69 124 156 77 13 207 104 27 69 13 43 40 90 0 0 1 39 43 105 86 50 118 0 183 155 45 0 21 15 108 83 6 57 76 130 36 104 0 123 48 172 123 125 74 30 100 40 149 72 31 79 9 66 32 64 0 14 75 16 81 22 152 9 33 9 117 8 89 11 121 107 56 7 74 16 4 4 9 0 55 42 55 6 20 79 30 29 60 24 6 111 53 37 77 95 7 121 63 14 18 20 3 14 56 34 96 37 174 72 27 154 18 28 67 6 109 39 81 38 24 82 121 15 88 18 43 14 40 0 17 178 62 86 4 110 0 60 142 0 121 30 135 13 73 112 68 18 0 67
44 51 83 93 133 61 126 60 39 3 23 84 58 72 40 24 100 105 3 84 63 90 62 80 0 63 63 15 82 73 18 54 7 164 53 72 128 105 56 139 72 75 99 105 116 60 39 50 105 3 140 92 55 35 82 128 169 49 114 88 69 145 149 36 48 111 82 51 99 62 90 71 20 136 0 51 0 18 14 94 155 0 119 70 20 65 176 42 42 0 115 62 120 79 68 136 134 8 73 27 21 47 49 48 29 13 92 109 119 0 71 0 48 14 98 52 66 127 12 104 0 40 20 124 116 60 96 28 81 64 26 73 97 12 10 40 80 103 40 114 152 96 12 93 10 80 62 112 64 69 98 78 149 82 72 229 48 28 43 58 61 42 54 75 62 45 98 48 157 0 52 64 115 25 96 88 200 89 18 24 80 60 6 12 56 91 67 6 84 40 28 15 56 42 106 66 0 72 111 67 144 18 16 2 104 72 0 40 13 123 55 74 23 132 117 111 96 71 165 49 18 136 125 64 20 29 22 78 38 50 15 48 100 0 41 70 80 115 157 48 66 137 170 4 52 124 33 84 55 77 0 58 161 7 6 0
27 0 43 123 45 27 51 16 0 68 45 67 0 18 22 20 0 24 36 62 0 78 30 71 20 66 48 34 99 32 28 171 3 32 96 0 84 116 0 66 48 75 35 18 21 0 12 0 21 0 11 64 4 32 73 32 84 0 9 34 69 18 54 0 45 0 89 0 1 4 7 38 3 0 59 96 44 97 0 25 83 19 36 56 0 48 0 71 42 8 195 55 32 12 10 138 27 27 108 7 38 0 0 24 21 15 8 0 23 27 8 0 0 0 40 33 78 53 117 33 12 102 11 0 85 0 83 6 61 0 52 23 58 152 0 2 0 79 36 31 25 18 45 16 115 163 0 0 3 48 36 62 56 12 117 54 6 0 54 64 4 49 128 49 29 118 20 0 89 64 104 0 46 14 0 59 42 0 101 59 3 24 0 0 8 33 73 0 27 0 0 0 9 3 27 9 10 0 60 0 32 0 24 55 42 32 72 57 38 60 52 56 0 73 146 6 9 108 23 40 27 0 24 9 40 64 21 0 24 48 24 48 0 3 16 16 51 5 32 0 28 4 36 37 0 63 38 24 120 40 31 56 27 18 197 14
6 51 75 0 90 121 27 181 8 20 50 181 0 12 52 0 84 60 4 48 71 2 71 32 51 44 39 28 51 38 20 174 43 36 0 95 87 47 28 5 40 43 8 72 15 78 14 64 76 64 24 39 24 30 18 96 32 35 73 53 0 202 214 18 0 5 30 12 0 132 20 43 9 40 133 8 8 0 0 46 63 109 22 113 17 160 39 85 8 12 84 58 41 42 143 100 6 0 82 16 45 12 23 23 4 0 66 97 29 48 69 40 100 0 154 18 4 7 27 24 5 28 0 34 45 21 4 0 0 78 99 0 77 27 28 63 39 66 48 57 107 3 34 0 36 0 0 110 81 18 10 0 47 0 52 141 8 60 30 8 0 117 6 10 7 0 108 62 25 48 0 22 77 17 32 70 167 71 12 24 4 73 60 64 6 50 113 0 63 32 48 8 37 72 71 49 18 45 13 67 0 0 68 0 6 53 5 50 14 9 48 0 18 54 40 45 24 53 42 102 19 6 96 29 12 8 10 84 123 6 79 64 0 42 20 8 92 0 107 63 18 132 0 18 17 12 20 75 19 41 8 65 35 52 2 27
51 56 42 57 60 62 168 12 48 27 106 82 102 0 120 0 58 141 32 34 73 0 50 236 59 144 51 42 167 39 154 67 173 177 24 108 3 190 57 45 12 96 60 89 222 108 60 133 42 54 111 62 60 0 252 77 107 170 161 49 75 190 160 91 12 125 101 80 190 9 91 10 52 72 140 91 0 32 16 8 74 123 75 111 96 89 78 41 160 39 42 49 82 61 108 93 0 151 122 67 181 50 163 82 64 175 45 34 98 39 51 16 30 33 27 44 45 41 132 45 57 62 129 67 106 42 129 36 90 54 39 68 76 15 95 84 82 95 81 157 0 48 103 65 129 188 39 72 62 42 114 80 62 52 138 27 42 95 124 57 21 161 112 30 75 87 108 40 209 21 83 124 69 70 96 185 175 169 15 12 102 64 15 15 69 133 114 85 179 127 62 42 91 8 12 32 4 42 60 33 15 0 56 12 81 109 100 43 27 85 131 100 136 100 156 0 63 90 148 173 114 21 44 78 14 12 172 40 72 104 194 103 74 9 225 74 131 116 64 109 50 99 36 105 72 30 27 74 210 163 129 118 62 54 31 100
20 21 33 62 135 49 25 73 24 30 6 0 53 75 63 38 102 48 66 89 5 42 29 67 116 7 236 90 85 9 0 9 5 114 32 10 115 0 0 40 30 43 47 13 127 115 15 164 56 75 96 32 0 51 18 55 141 40 101 18 45 41 73 0 51 70 110 72 100 0 40 56 0 56 107 47 30 80 0 64 129 36 0 104 12 63 61 48 104 0 0 42 2 37 109 82 0 0 56 111 114 102 40 40 12 121 28 84 75 30 43 102 60 58 0 116 0 15 36 24 24 90 85 6 7 0 54 73 127 19 16 77 133 12 92 76 101 32 86 1 80 131 103 73 62 128 36 126 3 78 25 17 135 81 114 68 93 32 101 28 91 113 51 100 155 45 10 117 48 40 83 49 137 0 77 56 102 21 18 64 51 51 10 56 28 40 31 84 45 106 0 21 7 40 35 113 30 72 44 15 12 41 106 82 18 90 57 36 129 91 21 97 53 54 150 99 50 108 107 35 0 61 6 24 0 15 43 54 103 21 37 58 0 88 32 69 37 5 5 7 56 20 52 45 21 23 42 86 132 100 0 161 120 64 171 25
51 8 53 138 28 47 4 14 38 70 96 112 78 18 48 12 12 126 80 52 42 0 2 44 114 81 70 44 88 98 21 0 16 12 58 12 42 0 28 49 90 11 63 30 40 0 48 0 28 48 64 8 93 18 109 117 131 0 96 71 122 15 40 0 35 84 47 0 64 51 0 53 2 32 18 72 36 64 0 11 92 0 66 123 48 7 98 47 48 30 61 44 42 16 71 97 60 31 106 16 28 61 30 110 13 41 0 7 24 27 0 24 66 40 14 23 60 28 84 87 78 96 0 62 54 89 43 0 117 35 81 85 8 0 64 10 73 42 27 80 94 43 63 59 104 128 24 65 106 0 92 37 50 3 161 74 18 92 90 1 84 57 90 8 0 41 6 66 56 38 50 40 97 14 42 45 114 35 0 36 24 84 18 5 75 7 27 0 51 0 0 42 121 136 32 62 96 0 18 38 28 10 130 102 108 55 42 74 88 100 49 64 87 165 214 24 67 108 76 124 28 80 29 87 80 36 0 52 0 3 90 33 83 64 60 6 40 28 20 48 1 58 30 14 42 120 53 82 155 52 0 27 6 36 83 39
45 52 39 86 98 151 83 126 117 10 16 14 96 0 20 193 91 0 70 20 8 40 56 83 6 46 42 52 0 58 0 33 102 151 46 120 94 37 15 83 52 15 80 23 54 37 100 30 69 134 43 36 39 21 81 120 0 92 168 6 71 6 32 18 3 112 15 27 157 16 78 8 33 72 163 78 80 41 72 48 88 117 65 5 37 9 92 0 95 133 84 16 12 12 100 5 93 40 113 133 18 20 100 0 0 98 63 84 146 52 96 51 83 9 33 12 74 68 0 42 47 0 117 15 114 0 118 47 16 99 114 72 20 0 18 90 69 86 100 92 12 87 96 28 18 36 0 6 0 88 96 134 49 62 75 0 24 154 99 32 70 65 0 61 81 90 50 59 130 68 44 0 201 12 47 50 23 108 14 9 87 102 24 25 51 0 91 39 27 27 0 30 0 98 32 10 27 23 54 0 12 33 34 30 42 32 83 47 70 18 82 72 16 9 251 27 15 22 24 9 46 107 54 87 77 131 51 25 233 14 55 40 56 105 68 43 30 0 51 36 23 51 77 105 0 81 0 136 36 36 12 89 13 18 42 89
18 126 32 68 9 61 76 164 111 32 96 43 12 16 63 18 26 39 36 108 24 108 45 41 42 159 75 54 64 81 0 39 160 72 43 3 102 0 94 30 50 91 2 48 119 12 115 75 162 24 0 82 96 72 62 28 31 0 90 38 63 9 3 207 30 0 137 127 135 4 97 79 16 19 25 0 0 18 33 24 74 81 39 114 4 84 94 104 79 104 16 18 36 177 118 78 36 28 110 79 31 79 134 93 100 50 28 0 228 30 196 33 204 0 72 0 100 24 56 21 0 56 70 83 0 53 113 22 10 51 111 43 49 9 141 37 40 138 30 108 75 99 80 76 39 0 93 54 8 54 62 83 124 59 160 172 40 54 52 0 27 3 56 71 9 57 138 18 90 91 0 130 74 32 86 52 86 99 63 88 21 70 64 45 50 15 19 75 102 53 123 87 42 18 83 10 36 129 79 43 69 159 52 0 27 99 42 63 44 62 72 43 58 64 63 27 0 30 74 42 4 0 0 118 73 39 161 141 156 55 46 49 82 117 42 12 30 44 88 52 114 78 32 0 89 0 36 5 176 46 42 146 161 10 101 101
38 26 115 131 59 94 152 39 78 24 0 34 35 0 40 47 35 70 48 87 0 52 0 102 82 68 167 44 72 8 15 43 92 72 30 97 112 79 139 36 118 45 116 71 48 74 81 57 47 92 90 55 0 102 54 126 46 79 34 75 74 6 86 124 26 0 33 115 26 17 42 58 85 102 73 0 96 36 47 67 55 85 119 123 66 117 24 255 87 60 81 14 4 37 5 56 62 105 102 30 52 44 95 121 15 80 26 95 57 0 86 51 134 64 19 56 38 4 10 5 75 35 56 122 97 62 66 92 0 40 49 153 0 0 0 26 39 52 62 94 76 58 88 63 33 73 18 168 40 42 63 54 215 82 83 164 62 71 74 86 71 39 4 46 54 67 117 72 133 66 34 16 153 25 84 66 84 163 159 58 38 0 40 0 0 21 0 56 81 96 9 28 91 285 42 13 85 10 50 20 0 80 108 117 66 27 61 104 125 7 139 82 48 116 139 173 90 66 54 5 68 23 34 50 29 165 0 47 17 4 40 146 35 116 20 0 98 161 133 73 14 56 32 48 74 0 125 3 61 12 132 98 134 77 51 52
106 54 121 63 130 61 86 0 200 10 69 0 35 0 84 36 117 79 0 28 47 129 99 332 24 15 114 8 57 28 52 41 81 74 104 81 108 124 126 18 56 81 59 0 45 15 155 56 159 140 44 54 56 0 11 21 133 103 100 78 151 29 52 83 13 20 103 71 47 63 108 45 33 56 176 110 100 48 28 17 36 99 30 82 25 132 17 164 100 5 140 20 99 12 36 164 14 35 63 91 58 88 100 4 55 66 37 136 20 21 99 180 193 4 115 38 29 66 35 21 0 170 0 5 76 101 77 96 99 25 31 109 62 0 40 36 32 115 63 9 73 121 91 50 5 63 77 266 68 115 80 43 31 91 24 63 0 0 52 18 27 138 16 104 96 52 67 39 98 72 102 0 134 29 90 25 84 42 48 64 129 74 76 104 62 62 16 10 134 0 92 20 98 0 78 77 148 145 76 36 153 46 72 0 76 30 39 218 27 135 146 157 6 80 122 30 83 14 122 36 113 169 105 122 54 24 117 35 99 37 109 0 125 40 29 14 100 219 81 52 18 0 142 59 0 70 78 31 163 112 27 54 98 33 88 55
63 9 28 168 18 90 173 127 49 3 54 28 184 0 67 138 70 23 30 0 17 16 93 173 84 128 48 82 69 126 36 42 36 48 51 112 73 116 125 72 16 148 110 74 157 13 24 174 54 174 66 67 70 28 117 15 199 0 67 76 36 61 16 78 33 76 65 36 206 84 85 0 88 103 117 27 54 45 30 145 98 118 140 0 163 166 72 106 7 81 100 56 52 26 66 60 119 56 0 30 162 50 49 72 32 18 51 45 14 38 35 50 58 22 130 27 177 149 32 42 79 99 70 95 196 78 12 68 132 18 91 30 100 6 59 126 10 209 0 102 27 24 43 157 3 87 0 13 66 117 0 87 73 84 215 26 24 185 79 19 6 90 84 26 23 78 49 27 40 27 90 67 116 45 103 8 62 56 45 54 162 17 20 28 160 28 44 35 14 69 90 48 131 44 164 94 134 80 60 6 36 51 63 72 103 162 18 18 29 217 199 158 81 31 161 39 52 43 31 47 61 22 49 5 77 112 37 9 56 3 24 58 22 0 149 102 33 47 94 97 132 54 74 26 156 137 21 0 56 12 66 93 15 36 32 52
33 2 6 5 93 26 99 96 54 75 0 61 101 0 76 103 152 14 110 168 25 10 54 80 79 6 28 24 0 48 12 28 107 24 35 35 56 0 20 20 77 98 37 56 174 27 40 16 0 72 52 30 29 61 0 69 72 8 25 76 72 77 79 135 54 54 64 54 133 20 22 0 30 0 54 14 0 42 2 0 42 121 57 21 32 85 164 5 85 14 105 75 66 87 62 14 62 57 179 201 36 97 108 46 81 62 90 3 141 40 64 9 132 63 70 44 88 0 8 0 30 61 91 15 81 39 4 28 98 5 101 122 81 35 54 0 21 18 13 147 58 76 153 20 46 57 77 0 78 26 75 35 62 19 74 120 47 58 42 79 37 56 0 0 64 0 0 28 54 142 36 81 70 27 110 59 27 86 36 54 81 63 126 77 76 75 63 28 108 50 0 44 27 128 90 44 42 53 58 69 35 91 38 50 16 32 8 84 59 42 92 119 122 25 111 59 50 39 12 46 22 14 128 46 51 76 54 5 84 30 47 76 53 175 6 0 21 44 52 0 15 203 0 40 30 76 30 83 63 75 59 64 0 3 17 75
150 1 37 36 164 63 90 78 52 29 5 156 157 60 63 90 52 20 0 25 69 23 72 142 112 12 56 0 85 56 25 114 32 10 72 54 32 9 0 75 5 14 54 0 0 34 92 124 65 110 53 9 7 4 12 53 112 63 88 50 53 59 22 16 36 66 67 63 102 92 107 121 0 0 102 53 4 137 112 35 100 18 0 48 46 12 0 40 136 69 115 0 8 93 7 45 54 63 131 121 12 98 50 5 0 31 69 64 61 55 4 43 36 0 56 89 68 2 60 154 12 68 16 75 114 18 57 0 65 83 30 71 21 22 14 211 0 75 89 24 32 159 75 0 67 36 42 113 172 19 111 62 146 81 115 100 0 108 138 60 77 7 40 28 13 14 28 27 118 28 81 0 119 60 10 9 68 29 53 131 3 0 0 46 0 65 35 79 7 83 83 40 5 16 1 84 30 6 0 48 35 45 73 66 151 122 44 96 0 49 166 66 14 39 152 41 36 62 26 57 66 30 124 111 63 36 84 18 46 13 0 25 0 82 141 63 45 7 46 67 18 5 24 2 0 11 0 107 128 93 93 85 0 142 62 56
67 0 186 46 38 2 98 112 42 32 38 4 134 94 77 84 82 83 7 35 9 58 29 123 72 24 73 27 122 16 31 143 72 47 149 89 114 232 0 36 16 68 155 0 0 40 27 28 0 60 58 96 36 0 77 157 90 98 59 6 108 119 68 7 35 74 50 53 62 39 32 52 26 80 100 155 10 75 74 43 45 13 138 5 77 11 40 0 149 87 52 4 39 61 24 79 78 0 126 75 113 48 67 0 77 4 52 72 114 90 21 11 98 32 0 53 57 36 61 111 10 85 4 2 36 48 147 4 79 71 40 43 72 0 144 168 43 33 82 97 34 24 61 122 266 101 39 132 64 12 75 67 10 43 124 21 13 92 96 122 54 82 42 99 103 97 103 0 109 10 45 84 76 79 88 13 115 27 50 49 72 27 28 70 60 86 46 127 99 213 43 0 46 3 75 0 39 34 6 17 18 2 20 40 44 144 102 101 28 118 16 200 32 73 138 24 78 116 91 12 24 0 7 24 35 12 45 55 80 84 34 140 89 116 135 78 103 44 21 0 94 50 32 16 90 89 6 93 80 32 168 84 44 58 89 112
12 34 78 27 126 47 3 73 16 17 21 96 60 46 10 0 85 0 73 6 42 8 53 76 157 26 44 35 19 113 0 132 22 30 42 0 48 77 56 81 29 28 84 33 201 16 58 63 27 12 63 79 30 12 88 2 124 14 106 2 32 72 63 8 0 40 28 4 181 30 92 51 10 8 76 32 20 0 100 60 78 9 25 0 20 45 89 74 38 32 87 165 196 54 6 64 144 12 99 18 77 37 53 0 56 97 0 90 98 64 21 64 48 66 66 48 40 68 0 63 15 35 48 59 78 32 76 14 2 0 143 0 30 164 26 12 19 42 15 9 36 110 6 52 123 117 48 36 173 0 141 134 24 25 72 195 0 24 96 46 56 67 153 31 0 72 34 0 61 69 97 40 112 5 4 47 150 75 9 0 84 10 0 36 24 4 74 4 101 0 24 0 0 111 142 44 24 3 0 12 9 26 81 9 88 82 12 69 0 58 85 57 36 62 217 0 81 8 111 120 22 74 16 72 6 56 63 96 50 105 123 72 90 21 20 31 135 49 0 86 75 48 27 48 0 20 56 40 8 0 21 0 0 42 66 69
12 0 127 148 82 0 82 0 24 0 29 0 40 5 80 120 103 0 78 19 105 14 98 90 107 99 90 0 38 27 0 7 15 60 131 60 32 40 39 108 10 200 77 0 0 33 0 24 51 66 99 32 47 9 0 75 106 132 0 16 0 75 9 58 8 8 102 21 93 5 136 150 24 114 15 49 90 72 35 30 16 176 76 0 35 74 40 90 81 0 27 60 58 30 98 16 20 0 84 81 40 18 17 0 37 0 0 85 20 0 124 45 36 124 48 64 121 0 129 156 20 120 0 31 88 99 28 36 54 27 55 22 24 0 0 69 36 12 76 24 58 90 6 26 45 48 64 176 87 36 5 76 103 50 33 118 49 42 12 0 118 38 32 15 45 10 33 0 109 64 124 5 69 44 52 53 46 140 24 0 70 69 0 30 37 80 84 71 95 0 32 45 30 0 89 50 48 16 0 126 63 3 66 29 3 132 72 108 0 28 108 217 33 51 127 106 146 77 224 102 28 69 15 73 88 0 12 52 59 18 14 24 19 0 94 21 78 34 62 0 0 38 0 0 15 82 44 76 10 76 34 79 77 85 64 12
9 0 39 21 59 73 10 77 6 13 28 66 73 18 35 87 9 0 32 0 27 0 8 12 12 52 3 6 77 54 28 21 44 8 51 78 56 0 98 24 0 106 70 0 141 10 64 71 42 59 50 7 45 14 92 96 129 0 17 35 18 0 24 40 30 78 53 6 56 0 73 8 46 16 137 18 25 0 10 28 14 0 87 5 0 44 30 0 15 25 15 69 44 22 14 42 66 69 35 24 53 14 0 0 9 40 0 35 78 35 10 32 56 8 22 27 18 93 50 6 18 68 21 38 42 151 76 0 0 4 32 71 61 0 45 28 18 102 0 137 12 0 68 108 53 70 0 0 22 35 18 64 82 53 44 37 64 24 31 116 47 1 83 20 2 0 1 0 26 49 77 30 82 8 21 0 46 48 35 0 111 39 5 20 65 74 150 4 24 9 35 44 2 46 138 93 47 30 42 0 0 21 65 44 35 8 0 21 6 79 75 77 16 8 74 2 26 18 0 12 68 6 0 36 7 90 8 34 50 35 39 55 6 25 37 2 18 11 51 71 3 43 12 24 49 4 10 0 35 4 132 132 72 40 2 18
185 6 23 88 277 86 54 125 95 36 68 174 14 155 91 155 130 72 202 15 0 87 176 58 0 133 24 36 111 139 6 198 36 32 66 92 0 138 96 146 48 44 60 115 84 166 86 54 8 176 53 70 140 19 102 147 258 83 110 115 172 128 129 7 0 103 24 153 79 97 53 30 7 188 123 146 17 7 54 2 169 25 68 103 44 122 204 88 141 103 143 90 118 101 15 77 73 18 151 55 48 167 18 0 0 83 84 127 124 136 42 4 60 48 56 90 92 13 64 33 146 23 59 45 132 125 102 36 98 133 148 143 114 136 83 64 29 82 53 20 18 77 58 49 18 85 24 48 169 51 231 161 176 81 139 225 42 146 67 118 7 136 42 222 76 45 55 0 165 91 111 0 195 9 74 106 152 289 28 99 62 52 39 71 82 37 98 108 60 126 84 74 24 129 100 101 6 1 91 19 50 156 54 95 74 65 298 129 7 14 140 36 54 5 206 24 54 54 88 51 6 117 78 147 67 91 72 146 159 30 80 109 181 59 76 74 151 21 64 57 105 74 13 24 102 91 34 92 126 144 117 135 14 18 173 137
30 12 92 64 115 0 22 58 66 24 58 81 41 0 77 27 182 81 95 67 35 87 26 106 74 95 36 166 106 122 115 40 63 100 150 40 154 83 134 5 36 71 126 20 152 24 72 45 31 54 7 73 48 0 44 9 70 115 68 25 24 6 125 103 9 85 17 56 73 34 0 0 51 80 96 101 0 54 12 36 30 55 29 144 36 39 114 79 56 0 48 15 42 222 4 21 10 94 42 127 130 93 24 36 74 57 25 50 67 16 8 30 86 128 0 0 40 25 41 35 27 6 83 57 111 190 24 0 48 6 100 73 40 45 25 0 48 198 28 68 68 91 232 90 31 60 102 124 88 42 157 84 41 32 0 0 26 96 0 86 42 130 61 73 60 37 220 0 114 23 0 67 18 88 0 109 27 48 33 44 73 0 64 144 16 10 34 42 72 6 64 0 50 57 85 31 6 134 30 0 12 108 9 26 31 90 20 19 72 14 57 70 41 53 86 25 24 64 3 8 18 0 57 45 20 49 125 0 102 95 77 112 101 104 116 5 53 93 38 60 68 38 18 96 9 4 40 24 43 142 17 115 62 99 88 0
41 0 14 4 20 52 10 31 57 12 34 40 108 166 16 0 167 49 20 65 85 105 8 68 0 16 20 2 201 0 26 116 48 54 21 93 12 93 1 54 80 75 0 42 0 55 90 103 135 48 38 6 0 18 56 162 66 108 27 86 148 11 54 46 0 48 197 62 47 0 30 132 39 84 54 9 45 101 31 64 14 19 129 93 9 21 0 103 0 24 0 24 161 49 78 50 72 61 112 7 0 0 112 0 156 46 5 91 96 195 72 54 12 13 12 33 46 46 72 36 18 120 6 68 0 148 26 32 4 0 40 90 31 18 49 123 104 95 8 147 92 54 38 33 76 28 23 128 30 56 98 39 82 112 129 74 43 32 101 89 48 160 54 21 35 0 49 0 34 16 61 208 74 8 143 23 112 0 14 102 50 88 30 64 71 24 53 4 164 14 110 46 89 42 56 75 2 96 33 60 73 0 20 68 0 177 106 79 122 162 53 108 106 188 54 35 54 81 35 48 21 6 52 76 42 28 79 32 30 128 28 38 99 18 30 42 159 79 57 45 36 80 77 0 6 1 20 66 120 100 140 150 68 8 94 68
67 25 14 62 87 121 69 69 0 30 6 102 7 97 62 57 193 73 6 70 73 89 50 59 27 147 88 51 30 12 16 90 46 229 21 120 110 54 5 74 38 66 53 96 98 57 18 4 14 136 165 92 59 34 15 73 16 7 108 142 30 215 113 6 157 0 74 53 82 77 49 40 30 91 106 0 39 6 0 84 8 132 19 106 12 153 80 204 99 105 45 111 160 58 93 138 0 55 55 49 106 17 24 64 47 21 12 10 155 0 18 40 140 115 96 68 77 20 8 58 50 72 33 42 19 61 76 27 35 25 51 120 81 32 84 101 101 103 55 63 28 96 177 0 54 6 145 94 75 54 64 35 62 88 114 83 16 192 51 67 63 63 37 172 35 77 33 0 89 52 83 97 95 24 178 48 67 0 68 41 141 108 37 97 138 6 106 93 73 47 40 14 15 44 108 107 0 15 90 32 157 9 64 9 65 91 0 65 151 134 60 28 37 183 137 88 20 84 60 57 35 76 63 60 13 32 21 67 30 130 2 125 103 80 7 0 98 52 164 11 67 72 163 66 4 79 8 16 72 150 0 80 48 99 99 15
42 8 87 179 118 43 51 27 40 56 50 0 9 0 11 28 122 88 64 32 102 26 41 93 114 103 32 77 65 52 6 104 85 67 32 145 143 161 9 8 84 37 88 48 25 66 30 102 20 30 4 37 0 0 18 53 37 99 18 114 156 57 53 64 48 8 56 38 141 54 0 30 68 45 87 30 65 32 24 8 187 63 0 112 61 75 0 181 38 65 48 76 71 67 3 24 0 125 32 68 40 23 21 0 16 108 59 30 40 69 25 28 62 35 56 0 78 21 48 54 128 88 28 36 38 36 28 120 70 66 27 93 146 59 11 80 132 78 32 52 0 0 60 74 0 5 32 91 108 60 32 27 0 34 77 84 0 65 40 198 55 153 0 0 118 52 102 32 42 0 47 21 121 112 137 4 68 66 20 150 107 0 0 123 70 0 45 72 137 0 22 20 57 44 51 66 48 142 2 19 8 32 48 28 0 15 9 0 46 4 119 130 35 48 77 36 0 52 65 30 0 6 92 0 6 64 4 8 21 36 74 0 0 21 112 76 107 0 32 70 56 12 56 99 15 27 85 64 84 63 58 108 90 28 71 120
