4909 5325 5650 4967 4932 4656 5216 5319 5083 5253 5308 5310 4943 5353 5195 4893 5551 5033 5075 5226 5057 4841 5156 4971 5532 5442 5334 5022 5301 5274 5205 5364 4765 4698 5483 4883 5250 5013 4851 5119 5525 5180 5451 5030 4930 5573 5780 5444 4920 5338 5492 4583 5517 5351 5859 5371 5436 5137 5083 5325 5310 6075 5531 5147 5143 5155 5321 5708 5755 5135 4851 5362 5452 5250 5441 5360 5195 5252 5157 5081 5352 4949 5341 5392 5459 5187 5164 5458 4964 5244 5256 4890 5684 5447 5166 5066 4861 5038 5059 5377 4920 5487 5126 4946 5546 4843 5094 5299 5347 4797 4706 5147 5125 5108 4957 4847 5361 5135 5059 4993 5285 5600 5263 5135 5174 4814 5492 5149 5170 5178 5220 5509 5319 5116 5512 5052 5317 4990 5428 5191 4926 5568 5737 5220 5474 5214 5264 4740 5030 5492 5290 5132 5482 5420 5385 5452 5342 5279 5065 5511 5129 4796 5104 5267 5508 5379 5330 5027 5078 5065 5117 5154 5186 4887 5520 5143 5131 5398 5592 5111 5347 5451 5129 5040 5376 5872 5315 5089 5406 5713 5214 4784 5684 5334 5398 4896 5294 4852 5312 5174 5256 5253 5142 5277 5359 5176 5078 5596 5619 5245 4987 5769 5162 5065 4772 5412 5564 5384 5263 5102 5031 5061 5470 5738 5269 5296 4684 5016 4940 5199 5833 5563 4960 5362 4818 5712 5263 5497 4907 5108 5572 4783 5234 4805 4896 5308 5161 5056 5375 5317 5127 5183 5024 4836 5147 5639
4903 5271 5482 4651 4822 4786 4980 5001 4961 5181 5060 5071 4361 5231 4744 4929 5281 4970 4757 4944 5160 5026 5083 4340 5427 5282 5276 4868 5250 5325 4983 5105 4661 4439 5030 4869 5085 4929 4985 4929 5065 5142 5426 5113 4906 5337 5474 5164 5023 4868 4832 4515 5433 5010 5305 5209 5281 4960 5065 5175 4982 5857 5267 4872 5001 5009 5193 5098 5431 4766 4708 5267 4934 5036 5284 5244 4904 4826 4925 4987 5104 4908 4999 5012 5149 4718 4855 5077 4862 5015 5088 4752 5474 5137 4670 5170 4838 4863 4824 5027 4815 4918 4602 5024 5555 5078 5044 5081 5263 4752 4676 4806 5054 4440 4837 4448 5336 4983 4780 4811 5178 5261 4799 4820 4826 4669 5526 5021 5310 5013 4900 5221 5389 4999 5123 4667 5364 4717 4867 5172 4899 5372 5292 5158 4963 4825 5221 4728 5060 4942 5379 5179 5584 5383 4997 5034 5261 5020 5065 5477 5065 4920 4910 5183 5478 4961 4918 4837 4829 4855 5198 4852 4751 4673 4818 4955 4903 5333 5262 4708 4989 4911 4871 4695 5234 5656 4910 4904 4770 5249 5044 4786 5389 5159 5149 4782 5100 4803 5256 4839 5468 5051 4813 5093 5132 5243 5037 5170 5132 5205 5013 5460 5441 5104 4599 5288 4957 5227 5333 5049 5114 4809 5228 5544 5187 5069 4531 5322 4738 5131 5619 5305 4798 5080 4896 5284 4952 5310 4854 4757 5286 4614 5116 4482 4684 4952 5068 5175 5186 4944 4848 5055 4739 5051 5128 5372
5282 5595 5653 4990 5197 5095 5188 5136 5398 5170 5272 5442 4960 5415 5223 5425 5691 5221 5154 5287 5586 5178 5235 4733 5601 5488 5634 5232 5287 5005 5153 5467 4797 4900 5148 4910 5359 5603 5258 5142 5499 5568 5785 5259 4980 5675 5963 5287 5278 5576 5526 5043 5860 5294 5900 5354 5739 5247 5370 5645 5408 6002 5432 5221 5316 5594 5502 5522 5397 4906 5120 5733 5309 5279 5527 5548 5175 5520 5109 5102 5329 5092 5134 5317 5518 5129 5220 5738 5265 5290 5425 5091 5733 5640 5058 5518 5089 5166 5070 5493 4872 5329 4836 5313 5642 5038 5265 5320 5607 5275 4926 5167 5279 5304 5242 4775 5507 5333 5156 5125 5519 5834 5461 5032 5082 4964 5545 5342 5135 5196 5382 5324 5398 5367 5583 5398 5589 4938 5442 5284 5056 5684 5687 5351 5086 5177 5579 4675 5160 5594 5681 5507 6006 5665 5457 5378 5470 5364 5203 5721 5193 5350 5243 5551 5690 5460 5431 5133 4872 5136 5416 4941 5341 5175 5195 5193 5362 5524 5675 5269 5480 5291 5403 5383 5433 5640 5255 5199 4969 5789 5283 4776 5695 5702 5833 4942 5229 5018 5360 4818 5632 5137 5414 5275 5634 5490 5503 5885 5663 5187 5276 6180 5383 5308 5173 5495 5092 5741 5329 5468 5209 5249 5616 5815 5430 5298 4885 5146 5114 5408 5878 5457 5299 5587 5342 5464 5346 5736 5137 5629 5564 5006 5488 5021 5081 5336 5306 5156 5492 5542 5164 5499 5014 4956 5436 5674
5061 5629 5801 5025 5081 4753 5379 5468 5273 5287 5277 5268 4833 5610 5019 5124 5729 5337 5270 5319 5722 5446 5519 5150 5827 5650 5601 5074 5528 5231 5447 5453 5053 4892 5724 5113 5671 5320 5345 5155 5170 5357 5689 5491 4999 5734 5970 5498 5540 5339 5660 5041 5649 5275 5513 5703 5661 5358 5443 5723 5326 6074 5639 5239 5286 5311 5667 5894 5940 5420 5274 5593 5833 5566 5644 5609 5636 5521 5516 5201 5403 5059 5301 5478 5806 5448 5072 5763 5621 5349 5361 4844 5850 5872 5145 5407 5359 5170 4984 5396 4952 5543 5089 5318 5693 5346 5385 5613 5618 5104 5174 5332 5519 5243 5136 4735 5867 5263 5003 5235 5868 5820 5546 5055 5257 5073 5641 5520 5574 5329 5407 5703 5554 5179 5685 5551 5728 5285 5310 5154 4804 5824 5903 5681 5437 5190 5247 4927 5035 5434 5539 5340 5798 5739 5438 5423 5253 5411 5562 5893 5391 5168 5654 5595 5451 5559 5461 5336 5164 5457 5654 5031 5399 5448 5537 5253 5570 5765 5737 5263 5502 5399 5482 5214 5498 5726 5614 5681 5544 5632 5221 5129 5835 5689 5759 5202 5190 5431 5363 5204 5639 5485 5376 5629 5606 5419 5293 5541 5722 5187 5278 5924 5499 5562 4951 5551 5435 5721 5490 5382 5157 5072 5574 5770 5316 5194 4891 5085 5377 5225 5843 5373 5564 5568 5184 5902 5559 5746 5233 5283 5812 5055 5438 5178 4953 5625 5371 5497 5569 5321 5330 5383 5259 5130 5187 5765
4992 5178 5325 4806 4911 4615 4930 4904 4844 4786 4710 4997 4527 5050 4704 4648 5459 4734 4849 4766 5135 4715 4727 4608 5443 4969 5209 4936 4744 5010 5061 5093 4698 4226 5055 4736 4903 4874 4879 4638 4837 4827 5270 4938 4745 5037 5506 5257 4945 4511 4892 4493 5313 5102 5287 5026 5133 4799 4828 4952 4746 5459 5182 4779 4977 5333 5189 5177 5251 5015 4461 5158 4978 5073 5132 4929 5135 4805 4840 4424 4883 4599 5101 4890 5489 4821 4807 5130 4948 4762 4799 4777 5115 5201 5135 5047 4878 4870 4623 5044 4344 5053 4523 4925 5080 4625 4940 5034 5131 4645 4733 4754 4874 4622 4712 4476 5227 4954 4836 4920 5008 5344 4714 4873 4998 4566 5236 4976 4923 4981 4944 4903 5013 4874 5219 4906 4945 4736 4961 4785 4613 5133 5279 5104 5117 4851 4978 4543 4729 4827 4822 4832 5465 5349 4889 4776 5052 4648 4835 5350 4692 4749 4961 4988 5162 5262 4824 4828 4695 4896 4933 4635 4592 4928 5071 4926 4940 5127 5400 4841 4745 5092 4693 4518 5057 5303 4805 4841 4875 5192 4826 4824 5290 5067 5155 4850 4980 4868 4881 4807 5203 4872 5050 4960 4793 5010 4783 5177 5320 4712 5126 5558 5105 4869 4667 5063 5030 5092 4882 4912 4521 4813 4772 5559 4978 5034 4552 4820 4623 4699 5205 5235 4884 4753 4859 5186 4995 5243 4781 4869 5459 4659 5063 4570 4676 4911 4893 5125 5155 4901 5077 4935 4690 4655 5026 5258
4886 5330 5516 5032 5047 4728 5153 5033 5328 5266 5196 5518 5061 5370 5372 5185 5720 5173 5234 5137 5517 5119 5345 5258 5658 5510 5348 5330 5294 5623 5513 5125 4664 4744 5341 5108 5483 5213 5238 5264 5331 5573 5691 5472 5323 5446 5865 5321 5383 5286 5245 4823 5855 5196 5697 5441 5541 5142 5254 5620 5430 5601 5580 5500 5494 5535 5260 5702 5890 5126 4891 5433 5317 5355 5533 5714 5436 5093 5175 5169 5297 4794 5153 5311 5784 5090 4880 5421 5414 5204 5525 5029 5437 5633 5421 5620 5329 5175 4959 5551 4949 5497 4949 5222 5891 5147 5073 5330 5668 5214 4962 5152 5424 5101 5146 4713 5483 5429 4958 5137 5424 5501 5402 5261 5330 4691 5466 5493 5500 5442 5278 5455 5095 5274 5435 5042 5239 5168 5270 5383 4991 5715 5674 5421 5551 5358 5673 4779 5279 5574 5552 5328 5600 5985 5256 5358 5134 5186 5547 5765 5207 5281 5590 5359 5503 5388 5306 5085 4969 5326 5085 5118 5480 5311 5163 5196 5424 5909 5468 5066 5367 5322 5044 5089 5366 5866 5214 5171 5276 5586 5233 5052 5580 5627 5553 5167 5488 5199 5350 5286 5452 5601 5401 5647 5446 5529 5257 5635 5379 5326 5076 5922 5092 5307 5039 5304 5448 5403 5177 5168 4869 5184 5171 5816 5672 5478 5021 5308 5248 5054 5900 5447 5135 5481 5057 5733 5717 5526 4772 5113 5765 4918 5375 4698 5212 5071 5113 5278 5451 5462 5251 5408 5032 5068 5297 5736
4987 5463 5423 5047 5015 4706 5092 5206 5147 5009 4997 5323 4707 5267 5074 5022 5520 5168 5024 4871 5428 5094 5144 4802 5372 5496 5197 5071 5099 5209 4958 5331 4633 4555 5118 5001 5488 5094 5037 5198 5208 5393 5343 5351 4880 5326 5553 5295 5081 5157 5148 4617 5639 5060 5450 5265 5486 5018 4925 5504 5049 5688 5301 4801 5141 5181 5196 5546 5691 4952 4477 5243 5482 4795 5236 5159 5065 5013 4869 4830 5003 4899 4859 5397 5569 4996 5097 5308 5136 5153 5464 4792 5062 5417 5246 5223 4888 5128 4809 5092 4628 5331 4745 5240 5657 4977 4921 5301 5601 4867 5194 4980 5211 4872 4778 4853 5571 5259 4852 5201 5228 5378 5204 4975 5228 4812 5290 5086 5343 5235 5279 5074 5564 5045 5483 5190 5273 4975 5215 5153 4826 5589 5242 5538 4979 4975 5304 4676 5086 5049 5189 5359 5573 5488 5364 5007 5028 5248 5176 5450 4917 5093 5183 5033 5518 5568 5081 4969 4916 5037 5252 4854 5214 5237 5247 4918 5176 5369 5661 4974 4969 5315 4856 5134 5257 5346 4985 5150 4849 5562 5103 5021 5442 5533 5566 4783 5089 5228 4944 5276 5351 5265 5354 4927 5240 5183 5143 5398 5567 5156 5024 5805 5125 5071 4936 5134 5228 5295 5292 5057 4993 4942 5381 5562 5139 5013 4473 5200 4983 4968 5503 5414 5107 5459 4815 5623 5339 5542 4633 5226 5510 4988 5042 4769 4639 5300 5085 4968 5552 5074 4997 4929 4709 4770 5182 5751
5188 5491 5542 5199 5085 5166 5381 5348 5408 5402 5228 5471 4971 5512 5121 4978 5838 5251 5186 4981 5445 5195 5369 5048 5852 5702 5441 5333 5337 5615 5281 5443 4929 4876 5328 5120 5697 5298 5136 5420 5055 5333 5595 5438 5074 5529 5785 5537 5187 5245 5287 4946 5758 5309 5826 5372 5743 5215 5497 5337 5367 6050 5588 5248 5405 5282 5387 5665 5911 5327 5010 5673 5561 5269 5701 5305 5645 5114 5308 5251 5406 5103 5178 5330 5689 5400 5350 5521 5402 5345 5429 4959 5636 5732 5551 5580 5189 5198 5175 5159 4926 5256 5078 5173 5711 5424 5290 5427 5704 4997 5169 5167 5319 4987 5259 4896 5657 5697 4980 5511 5635 5685 5437 5349 5501 4895 5836 5276 5396 5170 5413 5319 5552 5383 5574 5190 5247 5205 5444 5374 5104 5741 5870 5779 5307 5142 5582 4855 5322 5088 5379 5721 5925 5669 5532 5318 5317 5293 5354 5616 5114 4915 5178 5407 5653 5416 5056 5183 5041 5459 5503 4935 5323 4926 5109 5225 5472 5800 5926 5049 5332 5359 5187 5263 5239 5751 5313 5192 5029 5709 5333 5303 6030 5491 5599 4908 5588 5401 5536 5102 5724 5348 5234 5236 5493 5493 5440 5540 5584 5318 5380 5997 5303 5276 4882 5506 5371 5297 5280 5205 5090 4988 5449 6134 5609 5246 4969 5405 5212 5333 5986 5418 5360 5616 5348 5607 5269 5864 5270 5447 5778 4815 5510 4982 5217 5464 5273 5452 5644 5302 5415 5001 4816 4810 5416 5610
5187 5420 5593 5064 5176 4938 5008 5235 5313 5393 5341 5419 5066 5509 5473 5256 5704 5304 5506 5403 5777 5225 5508 5016 5510 5378 5390 5288 5303 5349 5265 5465 4691 4890 5062 4912 5575 5143 5171 5113 5366 5460 5834 5310 5179 5462 5960 5572 5329 5178 5565 5036 5333 5286 5500 5679 5585 5218 5173 5440 5448 5744 5432 5155 5518 5485 5344 5529 5486 5272 4674 5283 5318 5332 5455 5228 5278 5223 5135 4800 5395 5025 5237 5522 5779 5167 4893 5390 5243 5153 5288 5062 5407 5528 5107 5537 5249 5148 5082 5289 4974 5458 4909 5463 5915 5214 5121 5304 5753 4918 5174 5197 5231 4999 5141 4913 5757 5341 5224 5203 5380 5717 5480 5368 5435 4975 5675 5342 5344 5411 5361 5434 5354 5129 5406 5564 5346 5225 5522 5548 4930 6024 5553 5574 4979 5206 5736 4767 4917 5258 5377 5131 5814 5697 5423 5139 5212 5448 5264 5626 5006 5050 5130 4998 5486 5418 5199 5172 4886 5308 5196 4973 5268 5135 5214 5202 5303 5832 5532 5428 5356 5368 5003 5373 5038 5859 5120 5150 5121 5512 5588 4992 5883 5523 5526 4844 5497 5474 5321 5087 5549 5453 5219 5407 5085 5361 5081 5653 5423 5149 5152 6135 5183 5146 4853 5670 5529 5356 5256 5283 5056 5061 5451 5566 5511 5439 5011 5309 4901 5211 5924 5512 5191 5322 5144 5560 5398 5891 5202 5203 5791 5148 5261 4719 4994 5103 5067 5513 5394 5468 5062 5469 4998 4817 5352 5612
4742 5030 5640 4956 4774 4881 5166 4999 5221 5182 4979 5165 4570 5095 5054 4836 5431 4833 5047 4774 5230 4808 5082 4920 5371 5191 5378 5135 4919 4847 5198 5162 4801 4523 5074 5030 4974 5045 5136 4901 5305 5178 5501 5125 4946 5208 5738 5161 5143 4953 5069 4603 5453 4822 5312 5377 5428 5080 5165 5255 5081 5357 5200 4939 4938 5130 5329 5373 5174 4863 4765 5215 5232 5143 5326 5223 5101 5164 4903 4822 4878 4638 5172 5143 5311 4871 4786 5289 5012 5014 5199 4993 5261 5444 5145 5119 5006 5127 4549 5260 4600 5119 4948 5219 5637 4770 4979 5001 5409 4700 4857 4821 5161 4828 5049 4389 5283 5129 4865 4877 5257 5428 5105 5055 5066 4616 5302 4966 5073 4959 4928 5474 4939 4938 5091 5026 5166 5010 4934 5242 4975 5385 5662 5188 5090 4601 5204 4782 4843 5474 5154 4990 5541 5487 5185 5025 5041 4948 5408 5359 4936 5101 5147 5362 5289 5232 5049 5013 4679 4930 5125 4900 5221 4946 4839 4949 5056 5292 5321 4910 5395 4843 5125 5001 5272 5611 5070 5155 5044 5117 4780 4679 5560 5344 5218 4806 5081 5043 5162 5060 5322 5008 5001 5315 5203 5159 5153 5443 5347 5061 5065 5701 5138 4902 4626 5366 4959 5182 5233 4894 4752 4998 5298 5469 4954 5232 4464 4981 4872 4851 5686 5086 5067 5351 4750 5731 5404 5483 4773 5210 5587 4749 5006 4637 4802 5032 5018 5049 5144 5126 5137 5104 4814 4804 5041 5346
4707 5046 5379 4782 4876 5039 5200 5170 4886 5167 4963 4993 4717 5228 4807 4954 5216 4904 4848 4919 5205 4780 5031 4768 5328 5105 5150 4994 5141 4997 5039 5396 4512 4483 5090 4797 5062 4949 5020 4821 4783 5243 5615 5016 4667 5136 5556 5264 4783 4909 4958 4432 5337 4749 5475 5142 5451 4964 4773 5454 5168 5401 5107 4765 5013 5259 4822 5204 5257 4579 4809 5213 5146 5016 5165 5163 4937 5223 4840 4915 4811 4631 5112 5072 5169 5090 4747 5365 4801 4996 5143 4779 5288 5328 4867 5165 4939 4982 4715 5015 4716 5178 4735 4960 5425 4914 4814 5147 5180 4912 4586 4851 5208 4892 4777 4584 5246 5118 4654 4849 5136 5161 5135 4753 4867 4520 5092 4867 5424 5158 4762 5110 5146 4876 5383 4778 5134 4724 5114 5033 4651 5433 5158 5193 4895 4824 5159 4586 4910 5126 5315 5099 5420 5448 5129 4992 5242 5089 5035 5255 4681 4947 4859 5251 5266 5449 5070 4820 4820 5111 5162 4461 4861 4765 5000 5103 4832 5307 5340 4740 5055 4784 4699 5034 4986 5315 4846 5102 5029 5058 4797 4502 5359 5347 4960 4826 5013 4884 4993 5131 5374 5203 5020 5142 5127 5193 4798 5224 5297 4929 4945 5621 4994 4872 4693 5158 5045 5347 4962 5028 5010 5006 5066 5372 5212 5118 4642 4743 4949 4828 5391 5161 4906 5370 4805 5461 5183 5475 4806 5132 5487 4536 4733 4710 4930 4957 4786 4993 4900 4918 4808 4822 4615 4530 5144 5303
5408 5452 5667 5201 5416 5133 5446 5687 5795 5616 5747 5970 5022 5725 5527 5270 6043 5505 5417 5518 5573 5207 5457 5186 5978 5891 5911 5665 5639 5647 5459 5891 5108 5053 5656 5340 5784 5741 5500 5617 5651 5926 6206 5573 5527 5657 6216 5716 5472 5539 5492 5327 5975 5319 5918 5563 6193 5440 5561 5645 5480 6105 5905 5580 5694 5703 5920 5872 5903 5168 5232 5810 5626 5552 6001 5707 5627 5503 5626 5613 5521 5198 5355 5753 5814 5854 5239 5860 5590 5699 5413 5397 6022 5878 5449 5703 5317 5633 5200 5586 5065 5624 5249 5407 5817 5320 5547 5640 6063 4981 5347 5234 5499 5314 5567 4799 5673 5635 5490 5387 5562 5990 5885 5399 5543 5353 5734 5635 5830 5537 5717 5625 5452 5522 5942 5393 5663 5172 5718 5490 5537 5805 6161 5535 5512 5335 5853 5172 5477 5975 5709 5569 5964 6234 5681 5542 5599 5536 5467 5928 5214 5448 5895 5591 5804 5748 5738 5513 5091 5341 5531 5243 5425 5335 5696 5414 5414 6082 6084 5440 5585 5659 5402 5441 5470 6261 5349 5665 5529 5898 5389 5408 5910 5769 5767 5115 5723 5221 5516 5384 5858 5936 5672 5742 5651 5582 5556 5943 5573 5364 5610 6212 5474 5408 5353 5675 5371 5726 5829 5578 5256 5439 5681 5969 5651 5723 5162 5496 5357 5526 6101 5752 5425 5799 5488 5918 5796 5586 5462 5637 5864 5201 5395 5037 5160 5445 5685 5519 6055 5519 5317 5555 5308 5376 5449 5783
4752 5230 5567 4801 4877 4682 5311 4943 5128 4979 5031 5164 4852 5269 4880 5041 5450 4989 4975 5299 5344 4804 5182 4682 5431 5302 5442 4888 5295 5120 5198 5040 4739 4610 5169 5048 5313 4809 4803 4997 5199 5194 5357 4927 4984 5276 5785 5091 4934 4963 5269 4477 5612 5044 5442 5340 5292 4975 5093 5303 5089 5627 5222 4926 5152 5152 5330 5625 5504 4736 4848 5393 5222 5326 5201 5336 5310 5041 5090 5046 5149 4887 4842 5081 5221 5298 4898 5448 5228 5057 5137 4884 5292 5362 4981 5237 4892 4885 4876 4953 4677 5253 5087 4909 5530 4896 4833 5236 5423 4643 4522 4923 5146 4943 4870 4573 5454 4839 4819 4965 5554 5370 5210 5114 5246 4782 5522 5144 5454 5245 5046 5248 5311 5263 5345 4978 5332 4992 5019 4998 4781 5201 5630 5274 5232 4922 5170 4812 4823 5160 5175 5340 5388 5386 5143 4998 5215 5034 4948 5730 4990 5112 5266 5173 5292 5271 5292 4761 4834 4891 5087 4878 5010 4987 5250 5042 5363 5692 5352 5024 5318 5054 4875 5084 5178 5632 5130 5012 4925 5407 5174 4790 5653 5405 5174 4854 5203 5130 5060 5040 5550 5371 5188 4923 5268 5228 5076 5342 5531 5073 5103 5512 4868 5185 5040 5211 5174 5461 4961 5083 4789 5063 5172 5560 5096 5292 4537 5064 5081 5020 5458 5425 5010 5406 4892 5446 5243 5484 4743 5090 5454 4774 5241 4825 4794 5104 5118 5268 5203 4910 5251 5035 4696 4753 4865 5523
5127 5432 5749 5105 5274 5232 5642 5231 5497 5310 5451 5658 4828 5549 5363 5131 5805 5420 5285 5194 5691 5401 5353 4972 5883 5598 5468 5368 5331 5536 5529 5355 4960 4749 5215 5136 5820 5195 5337 5241 5563 5521 5898 5651 4953 5587 6074 5492 5317 5352 5571 4915 5970 5189 5884 5304 5960 5187 5674 5756 5507 5986 5669 5147 5354 5494 5720 5654 5977 5287 5079 5609 5516 5592 5860 5491 5576 5338 5042 5351 5173 4993 5078 5958 5457 5404 5143 5561 5438 5399 5567 5059 5785 5676 5426 5812 5347 5297 5212 5494 5004 5208 5177 5680 5908 5155 5306 5386 5850 5320 5429 5333 5363 5230 5533 4828 5616 5380 5011 5252 5367 5691 5694 5578 5364 4934 5598 5418 5684 5524 5433 5500 5563 5364 5605 5372 5417 5167 5580 5513 5111 5712 5714 5504 5384 5272 5685 5072 5319 5669 5541 5497 5882 5871 5521 5376 5331 5433 5694 5692 5278 5474 5395 5280 5810 5871 5626 5284 5140 5462 5640 5184 5313 5301 5552 5344 5425 5868 5831 5102 5605 5369 5186 5270 5615 5831 5238 5616 5289 5636 5317 4898 5959 5461 5968 5029 5511 5525 5405 5376 5690 5656 5526 5581 5606 5635 5432 5788 5800 5150 5468 6070 5352 5268 4923 5684 5268 5833 5293 5198 5250 5405 5792 5841 5463 5603 4895 5398 5118 5090 6071 5934 5256 5657 5084 5968 5656 5828 5073 5526 5789 5341 5420 5065 5194 5201 5303 5360 5688 5444 5143 5509 5447 5309 5289 5976
4971 5094 5320 4980 5101 4682 5360 5197 5157 4864 5126 5270 4775 5447 4941 5039 5778 5062 5086 4948 5576 5234 5098 4948 5516 5257 5432 4928 5401 5185 5301 5153 4925 4641 5211 5134 5359 5061 5047 4989 5187 5147 5659 5171 4625 5348 5679 5127 5147 5095 5261 4942 5685 5066 5671 5231 5375 5273 5119 5521 5351 5875 5313 5007 5229 5378 5417 5628 5413 5098 4715 5377 5147 5248 5387 5199 5112 5228 4959 4945 5136 4974 5211 5377 5381 5207 5024 5412 5104 5303 5355 4685 5330 5867 5198 5370 5154 4893 5028 5388 4648 5404 4889 5105 5467 5006 5212 5307 5406 4839 4988 4891 5256 5178 5202 4792 5407 5088 5039 5096 5646 5567 5356 4898 5243 5073 5434 5536 5455 5230 5077 5474 5141 4934 5565 5150 5196 5002 5346 5212 4763 5408 5687 5524 4983 4980 5483 4848 4923 5219 5273 5335 5458 5310 5484 5135 5157 5219 5169 5538 4921 5144 5307 5369 5045 5478 5237 5120 4880 4915 5378 4881 4940 5047 5388 5403 5211 5502 5538 5164 5566 5054 5234 5353 5153 5587 5158 5034 4956 5497 4964 4937 5688 5278 5668 4953 5119 5302 5200 5161 5379 5137 5180 5236 5380 5261 5288 5642 5474 4958 5042 5721 5306 5201 5046 5403 5341 5543 5148 5045 5016 5000 5506 5738 5201 5559 4720 4994 5166 4703 5597 5606 5360 5373 4942 5522 5214 5802 4961 5269 5618 4881 5346 4931 4962 5207 5179 4996 5406 5216 5213 5015 4557 4900 5033 5582
4956 5125 5277 5295 5070 4921 5167 5168 5193 5160 4994 5108 4462 5374 4827 4884 5441 5225 5108 4858 5210 5111 5038 4964 5445 5070 5304 5210 5127 5116 5067 5138 4971 4568 5119 4980 5161 5047 4862 4945 5204 5350 5574 5198 4514 5439 5819 5144 4951 5500 5271 4755 5317 5048 5408 5185 5436 5051 5175 5385 5371 5826 5399 5020 4992 5194 5369 5617 5551 5023 4703 5123 5491 5138 5365 5263 5265 5309 4814 5011 5302 4937 5069 5315 5328 5080 4834 5489 5272 5090 5243 4815 5529 5379 5089 5178 4912 4980 5130 5282 4901 5156 5006 5075 5477 4847 4991 5411 5252 4804 4826 4948 4909 4831 5160 4758 5466 5317 4622 4943 5236 5415 5403 5186 5252 4589 5568 5098 5156 5372 5393 5366 5375 5034 5323 5266 5241 5145 5161 5135 4781 5515 5430 5251 4895 4792 5144 4623 4962 5168 5304 5189 5591 5305 5374 5075 5167 5006 4888 5380 4881 5044 5175 5239 5270 5358 5240 5171 4596 5269 5220 4962 4983 4936 5282 5006 5214 5413 5411 5015 5109 5157 5026 4861 5210 5412 5122 5294 5015 5322 5105 4876 5582 5273 5242 4657 5208 5294 5002 4991 5607 5312 5109 5048 4977 5340 4964 5326 5329 5002 5139 5867 5211 5102 4844 5226 5349 5245 5287 4820 4885 4857 5384 5446 5187 5375 4521 5140 4950 5159 5587 5473 4867 5331 5006 5573 5076 5515 4904 5216 5461 4760 4979 4513 4662 4962 5109 5294 5410 5150 5043 5095 5010 4714 5164 5465
5240 5697 6061 5308 5324 5084 5491 5322 5549 5824 5413 5656 5094 5652 5205 5129 5758 5378 5335 5002 5675 5351 5411 5197 5725 5819 5796 5648 5394 5417 5560 5739 5013 5050 5599 5446 5833 5393 5390 5439 5640 5745 6011 5493 5227 5844 6242 5455 5315 5590 5777 4942 5958 5480 5799 5564 5902 5433 5626 5441 5731 6365 5725 5599 5275 5830 5623 5918 5966 5044 5188 5622 5439 5510 5820 5699 5650 5478 5344 5278 5696 5285 5384 5555 5618 5471 5360 5679 5348 5559 5696 5321 5965 5977 5469 5632 5733 5595 5425 5628 5269 5355 5336 5528 6071 5495 5338 5531 5955 5197 5249 5477 5707 5273 5254 5210 5931 5527 5250 5307 5659 6058 5658 5394 5395 5315 5824 5452 5763 5404 5482 5759 5571 5267 5836 5420 5463 5234 5607 5692 5339 5995 5861 5749 5407 5504 5689 5147 5520 5516 5902 5787 5680 5740 5779 5278 5722 5652 5529 5899 5646 5456 5543 5491 5773 5782 5617 5300 5005 5511 5514 5418 5261 5048 5496 5377 5570 5922 5858 5183 5526 5584 5501 5249 5686 6015 5499 5330 5379 5933 5488 5417 6046 5726 5651 5165 5869 5299 5320 5566 5719 5397 5325 5805 5725 5661 5252 5870 5449 5660 5429 6248 5750 5324 5176 5370 5425 5702 5509 5210 5435 5549 5672 5860 5559 5770 5166 5650 5388 5628 6130 5804 5658 5774 5466 5762 5471 6041 5107 5655 5925 5329 5511 5227 5301 5601 5596 5541 5635 5567 5237 5517 5361 5314 5428 5849
4908 5279 5481 4662 4877 4637 5059 4887 4866 4938 5125 5130 4337 5008 4896 4927 5574 4596 4663 4918 5187 5103 4780 4613 5266 5343 5487 4889 5065 4986 5025 4910 4723 4654 5238 4895 5318 5010 4903 4602 5098 4939 5482 4838 4780 5279 5519 4895 4949 5143 5121 4426 5351 4789 5433 5118 5448 4823 4876 5259 4993 5620 5268 4996 5119 5309 5395 5581 5272 4975 4697 5286 4971 5055 5215 5123 5216 5152 5139 4991 5010 4690 4910 5150 5162 5049 4819 5277 5036 5083 4882 4670 5413 5084 4900 4996 4921 4897 4871 5025 4457 4942 4690 4987 5579 4786 4991 5216 5249 4990 4846 5047 4967 4819 4702 4392 5375 5150 4775 4932 5162 5446 5250 5070 4927 4841 5266 5031 5086 4769 4936 4938 5173 4904 5243 4997 5170 4805 5139 4864 4682 5074 5435 5287 4767 4934 5289 4726 4820 5016 5388 5096 5355 5319 5129 4930 5232 5036 5076 5440 4854 4702 5196 5048 5118 5091 4815 4980 4459 4785 4988 4601 4843 4669 4972 4875 4975 5557 5376 4967 4762 4963 5021 4906 5183 5252 4962 4876 4978 5353 5092 4620 5462 4974 5279 4896 5231 5109 5057 4856 5109 5200 4889 4980 5259 5200 5069 5301 5130 4987 5219 5610 5351 5130 4764 5066 5108 5180 5103 5085 4761 4889 5190 5303 5105 5176 4768 4907 4894 4844 5509 5401 4817 5122 4824 5159 5069 5367 4716 5093 5067 4780 5028 4816 4746 4937 4760 5304 5059 5022 4850 5141 4742 4779 4685 5235
4552 4736 5077 4777 4519 4334 4723 4726 4552 4786 4389 4732 4221 4988 4759 4565 4946 4646 4536 4769 5175 4820 4580 4473 5156 4806 4888 4659 4748 4919 4953 4925 4344 4344 4816 4509 5045 4574 4647 4799 4832 4624 5334 4860 4247 4689 5200 5121 4582 4735 4650 4493 5082 4584 5007 4592 5105 4496 4752 4929 4601 5315 4999 4533 4779 4825 4808 5055 5077 4509 4413 4942 4959 4805 4862 4893 4792 4455 4535 4588 4851 4516 4604 4802 5139 4530 4881 4890 4644 4865 4850 4593 5080 4847 4821 5005 4656 4693 4721 4866 4318 4810 4448 4744 5201 4730 4691 4785 4962 4559 4938 4688 5092 4306 4912 4521 5045 5070 4408 4658 5175 5233 5031 4752 4841 4567 5134 4804 4779 4670 4947 4999 4753 4903 4967 4691 4791 4644 4819 4846 4506 4998 5243 5102 4690 4549 4876 4348 4799 4627 4718 4788 4830 5091 5074 4802 4844 4773 4776 5125 4776 4940 4900 4464 4783 5143 4711 4521 4345 4964 4824 4444 4817 4634 5091 4653 4847 5320 5118 4709 4752 4862 4552 4677 4568 5217 4888 4717 4489 4981 5029 4437 5185 4779 5067 4462 5048 4774 4549 4606 5009 4971 4979 4961 4588 4595 4918 5037 5113 4836 4798 5441 4720 4378 4580 4817 4765 4823 4757 4874 4509 4402 4910 5341 4877 4686 4371 4485 4803 4466 5192 4882 4883 4941 4777 5143 4811 4948 4325 5053 5284 4526 4906 4422 4596 4769 4702 4969 4866 4833 4654 4748 4449 4440 4776 5092
4816 5144 5102 4980 4972 4560 5083 5040 5188 5029 4643 5167 4477 4982 4900 4824 5120 5120 4762 4914 5188 4777 4905 4613 5752 5293 5109 5053 5124 5261 4931 5020 4605 4732 4908 4703 5421 5141 4919 5066 5208 5290 5373 4653 4726 5402 5483 5194 4939 4690 5177 4830 5746 5118 5448 4998 5206 4975 5047 5105 4919 5445 5220 4664 5036 5297 5206 5169 5630 4778 4568 5128 5246 5031 5251 5204 5023 4909 4776 4707 5064 4592 4778 5230 5091 4861 4901 5203 5154 5090 5162 4598 5255 5364 5133 5180 5001 4750 4876 5113 4598 4984 4406 5061 5336 4825 5036 5035 5133 4833 4658 4812 5028 4901 4868 4769 4930 4974 4696 4849 4911 5283 5405 4831 4898 4591 5229 5022 5271 5065 5138 4887 5110 5021 5225 4915 5044 4625 5212 4997 4603 5363 5363 5083 5211 4901 5195 4630 4795 5046 5071 5072 5385 5388 5106 5026 4862 5028 4820 5203 4857 4975 5109 4821 5121 5307 4988 5052 4634 5078 5078 4851 4915 4835 5267 4939 5111 5352 5342 4755 4904 5067 4789 4931 5139 5181 5007 4852 5020 5286 4956 4872 5671 5435 5362 4724 5120 4938 4946 4896 5142 5117 4964 5122 4937 5230 4982 5080 5138 4748 4946 5444 5009 5063 4610 4936 4967 5178 4865 4904 4988 4867 5190 5502 5326 5007 4644 5088 4924 4890 5525 5565 4802 4929 4791 5088 4959 5157 4541 5029 5470 4851 4896 4725 4775 5171 5019 5223 4949 4767 4666 4936 4739 4667 4994 5570
4693 5132 5125 4809 4514 4597 4809 4782 4960 4919 4895 4894 4622 5036 5022 4939 5390 4828 4720 5049 5131 4923 5250 4669 5155 5308 5230 4753 4841 4969 5029 5061 4445 4673 4808 4580 5388 4772 5124 5098 5116 4917 5114 4808 4705 5148 5592 5048 4954 4927 5102 4765 5319 5158 5162 5246 5323 5036 5012 5257 4944 5461 4882 5018 5151 4906 4992 5279 5189 5033 4705 5012 5130 5108 5103 5044 5107 5035 4990 4748 4908 4568 4928 4903 5428 5059 4804 5221 4826 4975 5082 4663 5320 5256 5048 4972 4653 4976 4824 5113 4723 5147 4714 4941 5233 4850 4851 4878 5290 4644 4764 4595 4981 4908 4935 4447 5534 5116 4680 4708 5364 5262 4849 5095 4942 4618 5312 4930 5128 5069 5126 5108 4833 4952 5087 4610 5022 4926 5332 4944 4701 5482 5416 4994 5190 4980 5319 4689 5012 4902 5139 4922 5502 5282 4984 5035 4955 4914 5124 5067 4801 4672 4873 5097 5245 5087 4932 4835 4670 5034 5257 4763 4927 4590 5072 5074 5118 5462 5337 4932 5172 4988 4808 4931 4958 5532 5118 5141 4902 5259 5106 4481 5510 4962 5188 4876 4929 5020 4961 4742 5248 5005 4992 5100 5199 5095 4823 5092 5137 4762 4966 5457 4790 4845 4724 5184 4966 4882 4967 4816 4806 4527 5183 5355 5065 5166 4627 4979 4897 4699 5750 5169 4827 4914 4505 5407 5061 5246 4736 5093 5242 4795 5010 4530 4882 4810 4945 5128 5349 4985 4852 5035 4777 4675 5011 5365
5087 5158 5367 4963 4851 4689 4755 5239 5034 4972 4944 5135 4744 5035 4889 4929 5410 4810 4794 4736 5159 4953 4935 4666 5470 5401 5352 5098 5032 5352 5039 5000 4789 4426 5115 4716 5268 5347 4948 4839 5197 5208 5330 4964 4851 5311 5330 5277 5057 4993 5167 4636 5593 5042 5298 4920 5407 5154 4993 5176 5097 5454 5365 4891 5079 5209 5164 5306 5378 5092 4532 5040 5077 5051 5431 5082 5001 5281 4822 4905 5030 4720 5065 5101 5278 4704 4798 5270 5143 5116 5288 4832 5337 5175 4965 4962 4873 5199 4830 5096 4710 5088 4790 4811 5498 4948 5037 5168 5413 4748 4833 4792 4946 5061 5110 4469 5172 5075 4702 4914 5030 5265 5240 5185 5088 4734 5035 5192 5095 4994 4969 5095 5164 5170 4996 4934 5090 4883 5162 4788 4803 5112 5570 5071 5093 4719 5139 4773 4821 5161 5330 5008 5254 5262 5010 5002 5282 4951 5139 5352 4914 4702 5149 4958 5326 5086 5101 5046 4484 4876 5160 4987 5183 4788 4900 4907 5091 5511 5273 5069 5062 4748 4825 5136 5240 5570 4884 4850 4946 5717 4970 4791 5310 5070 5491 4754 5085 5110 4981 4959 5203 5261 5160 5183 5138 5405 5019 5269 5169 5134 5225 5453 5253 5015 4641 5332 5230 5138 5127 4965 4747 4923 5111 5596 5135 5106 4633 4937 4880 5081 5626 5364 4955 5152 4880 5493 5210 5365 4881 5088 5286 4726 4958 4465 5035 5023 4953 5013 5222 5163 4896 5140 4785 4850 4952 5329
4942 5398 5447 4846 4870 4711 5044 5075 4971 5126 5020 5199 4814 5145 5076 4833 5599 5088 4737 4967 5521 5130 5300 4882 5687 5374 5143 5347 5208 5273 5255 5238 4665 4775 5297 4858 5154 5167 5153 5000 5420 5369 5522 5355 4887 5316 5512 5244 5141 5204 5070 4970 5522 5301 5477 5354 5568 5111 5149 5364 5310 5690 5406 4990 5269 5194 5165 5671 5683 5065 5005 5682 5453 5156 5458 5385 5326 5105 4984 4964 4834 4733 5058 5401 5702 5363 5100 5208 5086 5313 5291 4944 5495 5395 4984 5359 5054 5201 4991 5364 4982 5268 4888 4948 5626 4764 5266 5251 5474 4770 5058 4863 5065 4993 5002 4532 5493 5173 5010 4896 5263 5608 5456 5136 5231 4799 5384 5352 5337 5433 5183 5118 5181 5127 5417 4960 5329 4978 5136 5088 4936 5492 5628 5274 5131 4923 5205 4706 5031 5366 5482 5180 5700 5531 5349 5053 5326 5077 5065 5401 5074 4910 5178 5204 5448 5426 5307 5041 4724 5045 5310 4734 5041 4993 5145 4824 5127 5584 5580 5087 5179 4955 5082 5022 5186 5756 4943 5091 5194 5350 5047 5124 5411 5233 5549 4773 5250 5181 5201 4851 5375 5138 5547 5332 5391 5491 5160 5280 5386 5414 5219 5872 5308 5138 4957 5220 5180 5071 5091 4842 4975 5216 5030 5624 5190 5217 4755 5190 4926 4972 5717 5186 5121 5200 5002 5750 5339 5355 4777 5317 5438 4817 5054 4817 5041 5233 5107 5228 5555 5197 5179 5193 5123 4919 5112 5407
4615 4882 5113 4769 4754 4485 4604 4581 4938 4629 5046 4754 4325 4712 4781 4674 5141 4747 4630 4850 4944 4725 4640 4417 5090 4984 4922 4684 4631 4842 4846 4696 4408 4339 4784 4703 5070 4928 4752 4635 5012 4919 5377 4650 4621 4921 5231 4899 4581 4501 4922 4295 5243 4923 5043 4733 4995 4742 4607 4989 4695 5237 4943 4620 4673 4965 4948 5213 5315 4567 4446 5079 4784 4807 4803 4749 4772 4736 4639 4605 4694 4837 4687 4949 4748 4735 4622 4975 4675 4658 4925 4869 5067 4953 4390 4823 4788 4431 4663 4719 4552 4872 4298 4721 5224 4730 4930 4800 5311 4668 4426 4678 4892 4496 4776 4382 4975 4943 4442 4563 5119 4980 5079 4641 4820 4383 4758 4693 5102 4768 4748 4890 4931 4875 4771 4564 4971 4583 4830 4699 4273 5072 5150 4856 4757 4674 4755 4389 4761 4713 4822 4753 5212 5112 4742 4679 4919 4744 4785 5114 4772 4601 4799 4449 5297 5031 4689 4976 4478 4553 4968 4714 4634 4525 4806 4520 4925 5189 5031 4544 4802 4744 4465 4808 4835 5423 4523 4624 4558 5047 4855 4484 5410 4952 4968 4348 4737 4668 4758 4937 4946 5219 4809 5046 4722 4967 4561 5056 5164 4640 4688 5346 4527 4765 4299 4943 4859 4808 5098 4687 4719 4569 5210 5247 4878 4761 4375 4840 4542 4678 5320 5195 4921 5040 4285 5041 4807 4968 4234 4703 5284 4442 4716 4380 4781 4798 4533 5036 4890 4778 4317 4686 4313 4373 4670 5089
4811 5173 4958 4726 4704 4506 4811 5058 5227 5059 5089 5247 4601 5051 4795 5006 5170 5050 4796 4603 4977 4818 4952 4758 5149 5208 4999 5239 4778 4962 4974 5061 4561 4439 5219 4654 5218 4992 5000 4802 4871 5087 5316 4857 4771 5131 5582 5040 4854 5036 4871 4616 5252 4959 5265 4955 5282 5091 4820 5046 5043 5663 5104 4703 5026 5044 5166 5173 5286 4875 4631 5212 4875 5386 5022 5143 5008 4753 4709 4825 4666 4448 5160 4992 5134 4790 4603 5177 5113 4638 4929 4653 5398 5143 4789 5088 5221 4900 4811 4848 4471 5061 4834 4727 5364 4559 5219 4994 4951 4572 4620 4705 5145 4881 5028 4158 5087 4914 4951 4891 5117 5196 4969 4761 4648 4606 5110 4942 5089 5158 5042 4981 5120 4864 5377 4943 5006 4870 4924 4995 4791 5271 5304 4978 4945 4862 5200 4583 4938 5123 4929 4878 5252 5401 4920 4926 5078 5044 4850 5446 4973 4610 5075 5127 4998 5175 5169 4883 4570 4841 4873 4709 4771 4737 4912 4648 4780 5309 5170 4939 4981 4872 4969 4674 5209 5293 4983 4919 4845 5245 4529 4717 5299 5190 5083 4548 4873 4930 4851 4836 5246 4938 4799 5125 5192 5065 4827 5319 4793 4850 4803 5615 5019 4849 4648 4934 4968 5000 4959 4902 4726 4783 4978 5479 4934 5101 4623 4780 4631 4870 5507 5188 4933 5194 4714 5503 5301 5308 4785 5067 5331 4737 5035 4388 4861 5000 4892 5146 5258 4860 4749 5148 4710 4741 4913 5219
5273 5230 5640 5046 4959 4653 5065 5234 5171 5039 5018 5247 4949 5066 5127 5040 5565 4966 4918 4942 5611 5171 5200 4968 5636 5393 5192 5207 5462 5267 5269 5415 4963 4692 5315 5052 5424 5018 4819 5118 5413 5307 5733 5068 5119 5392 5856 5252 5199 5312 5143 4870 5650 5229 5683 5238 5354 5138 5118 5307 5266 5759 5352 5188 5283 5453 5309 5666 5676 4992 4841 5325 5424 5152 5596 5567 5040 5064 4984 4641 5133 4739 5036 5101 5208 5122 5115 5553 5013 5256 5280 4863 5476 5602 5267 5403 5094 4940 5138 5072 4723 5250 4969 5047 5575 5032 5162 5425 5703 4821 4880 5135 5436 4895 5251 4417 5674 5087 4986 5248 5151 5598 5304 5164 5014 4770 5253 5271 5396 5059 5503 5082 5494 5335 5204 5388 5305 4949 5428 5051 4829 5585 5615 5400 5232 5188 5503 4737 4946 5311 5464 5495 5559 5595 5311 5174 5409 5163 5302 5515 5143 4987 5283 5255 5364 5607 5175 5132 4819 5304 5389 4915 5012 4747 5177 5095 5206 5743 5427 5061 5183 5102 5008 5131 5293 5479 5154 4994 4959 5385 5212 5097 5674 5344 5639 5168 5301 5135 5128 5034 5637 5301 5292 5148 5186 5187 5186 5633 5236 5235 5099 5866 5199 5184 5036 5568 5248 5610 5122 5221 5070 4955 5280 5679 5212 5115 4743 5287 5140 5039 5748 5400 5154 5379 4929 5553 5285 5477 4861 5332 5550 4824 5293 4921 4914 5198 5415 5218 5126 5332 5008 5043 4852 5044 5219 5595
5052 5005 5503 4909 4979 4735 4938 5191 5210 5330 4961 5263 4853 5147 4956 4947 5398 5026 4934 5108 5445 5052 5380 4960 5633 5043 5575 5198 5241 5099 5082 5192 4827 4739 5070 5082 5371 5134 5003 5113 5168 5484 5600 5195 4972 5424 5783 5351 5253 5107 5440 4795 5379 5315 5558 5362 5355 5060 5083 5444 5281 5670 5346 5206 5217 5342 5394 5709 5698 4888 4718 5294 5296 5321 5330 5234 5215 5250 5198 4991 5335 4950 4851 5203 5296 5028 4954 5422 5215 5367 5421 5107 5615 5464 5050 5520 5016 5094 5097 5248 4973 5180 4905 5244 5689 5302 5016 5141 5662 5096 4871 4932 5163 5089 5072 4644 5468 5257 4964 4992 5507 5601 5506 5124 5322 4727 5760 5089 5280 5200 5141 5320 5251 5210 5105 5022 5472 5130 5275 5283 5049 5569 5602 5537 5088 5164 5310 4791 5171 5575 5506 5438 5509 5601 5124 5101 5269 5231 5222 5616 4929 5444 5410 5121 5394 5241 5300 5008 4995 5256 5176 4919 4972 5091 5082 4990 5215 5630 5619 5189 5231 5223 5044 5081 5142 5590 5143 5401 5107 5478 5388 4805 5626 5505 5353 4904 5416 5208 5075 5032 5498 5162 5274 5374 4975 5358 5184 5540 5473 5249 5299 5878 5364 5130 4992 5463 5272 5506 5306 5354 5010 5295 5428 5400 5261 5068 4733 4866 5126 5216 5596 5455 5254 5607 4956 5333 5380 5818 4808 5217 5518 5194 5288 4833 4987 5347 5061 5299 5518 5116 5057 5389 4845 4835 5194 5575
4825 5111 5679 5059 4886 4907 5270 5071 4972 5264 5445 5286 4832 5302 5318 5257 5363 5402 5120 5385 5747 5251 5590 4732 5545 5670 5524 5159 5325 5312 5259 5419 5021 4981 5429 5230 5463 5444 5255 5000 5453 5297 5720 5167 5228 5445 5993 5374 4974 5086 5356 4710 5837 5558 5691 5502 5593 5340 5269 5349 5295 5807 5578 5076 5317 5490 5221 5598 5621 5033 5098 5544 5429 5406 5497 5350 5284 5232 5461 5189 5340 4743 5142 5266 5357 5351 5229 5650 5376 5350 5302 5161 5556 5564 5010 5388 5284 5218 5301 5221 4807 5375 5027 5352 5781 5201 5170 5450 5538 5280 5054 5143 5303 5234 5048 4743 5810 5066 5205 5006 5608 5524 5538 5145 5153 4964 5672 5428 5238 5395 5357 5317 5082 5301 5450 5145 5301 4977 5630 5377 4927 5553 5844 5373 5465 5318 5751 4886 5394 5451 5596 5381 5683 5649 5420 5178 5715 5657 5219 5682 5288 5143 5366 5247 5539 5502 5183 5622 4887 5173 5498 4726 5002 4955 5475 5224 5331 6091 5552 5317 5424 5366 5087 5161 5303 5946 5310 5053 5121 5540 5327 5324 6084 5098 5678 5094 5348 5286 5383 5087 5536 5375 5382 5415 5504 5351 5300 5662 5334 5155 5601 5978 5522 5050 4833 5598 5236 5391 5302 5537 5107 5100 5535 5731 5118 5139 4871 4918 5081 5182 5693 5482 5334 5347 5079 5684 5446 5489 5123 5541 5805 5030 5228 5029 4967 5093 5291 5458 5409 5221 5132 5408 5219 4921 5183 5339
5053 5043 5692 4905 5115 4820 5227 5386 5259 5363 5364 5518 4947 5701 5184 5015 5640 5349 5080 5179 5455 4967 5229 4801 5599 5397 5601 5304 5518 5357 5193 5471 5209 4923 5350 5155 5394 5263 5175 5402 5486 5445 5815 5188 5136 5371 5823 5308 4948 5239 5455 4913 5685 5265 5702 5368 5687 5082 5221 5444 5282 6013 5666 5258 5209 5295 5349 5596 5584 5076 4794 5274 5308 5235 5629 5088 5283 5108 5127 5273 5366 4958 5325 5371 5386 5412 5142 5559 5283 5284 5430 5084 5696 5617 5092 5563 5200 5201 4993 5246 4810 5344 5055 5185 5757 5193 5191 5289 5723 4776 5039 4908 5350 5251 5184 4704 5760 5249 5214 5066 5341 5515 5378 4950 5342 5206 5273 5379 5453 5350 5369 5544 5405 5139 5531 4910 5350 4933 5368 5287 4945 5558 5629 5339 5308 5096 5416 4663 5185 5317 5286 5335 5801 5512 5103 5177 5129 5276 5198 5840 5231 5145 5361 5324 5391 5584 5404 5569 4855 5208 5249 4800 4866 4992 5236 5171 5276 5692 5431 5247 5299 5369 5172 4838 5298 5875 5137 5459 5271 5663 5195 5166 5645 5353 5602 4913 5449 5066 5237 5142 5840 5499 5350 5357 5489 5288 5406 5473 5531 5057 5420 5915 5550 5038 4986 5296 5229 5155 5268 5250 5042 5259 5271 5634 5279 5163 4995 5043 5025 5211 5616 5583 5264 5459 5114 5607 5402 5729 4968 5421 5633 5218 5314 4578 4964 5247 5420 5473 5406 5020 5154 5523 5216 4872 5385 5557
5189 4915 5334 4880 4763 4555 4903 5150 5075 4872 4950 5218 4748 5414 4698 4756 5304 4747 4884 4848 5235 4955 4905 4852 5328 5244 5309 5127 4971 5079 5138 5252 4640 4793 5045 5068 5360 5210 4913 4996 5139 5138 5492 4892 4861 5236 5789 4775 5116 4937 5279 4873 5477 4948 5222 5203 5298 5180 5187 5261 5144 5698 5203 5217 5108 5378 5252 5565 5477 4684 4690 5144 5072 5045 5271 5139 5169 5315 4964 4626 5022 4603 5126 5084 5178 5196 4690 5338 5032 5091 5181 4699 5324 5671 5043 5263 4906 4995 4953 5172 4700 4980 4710 5155 5210 4866 5064 5166 5426 4853 4960 4733 5009 4679 4929 4678 5098 5093 5006 4960 5311 5299 5234 4874 4923 4917 5076 4929 5126 4747 4972 5443 4934 4814 5143 4941 5318 4809 5210 4893 4736 5190 5722 5281 5074 4875 5254 4732 4865 5536 5506 5277 4985 5281 5199 5016 5365 5193 4945 5342 4830 4927 5237 5136 5161 5478 5200 4948 4709 4880 4847 4969 4753 4858 5215 5043 5177 5294 5480 5075 5071 5106 4932 5114 5134 5367 5067 4918 4899 5274 5167 4616 5641 5195 5394 4979 4886 4969 5167 5228 5298 5195 5257 5201 5130 5290 4955 5492 5202 4904 5201 5668 5104 4950 4725 5427 4970 5071 4913 5069 5048 5153 5122 5618 5139 5109 4550 4723 5048 4978 5877 5419 5074 5393 4832 5524 4991 5299 4807 5124 5560 4845 4958 4859 4859 4936 4857 4929 5319 5087 5058 5263 4700 4768 4946 5171
5528 5858 5852 5417 5683 5361 5696 5643 5677 5617 5622 5827 5388 5828 5510 5797 5955 5422 5397 5458 5881 5309 5737 5450 6272 5935 5852 5700 5742 5873 5732 5952 5373 5272 5588 5531 6150 5895 5823 5819 5801 5939 6322 5439 5731 5867 6427 5846 5438 5599 5715 5020 5964 5770 6479 5764 6104 5714 5415 5898 5699 6214 5916 5551 5637 5843 5893 5921 6172 5271 5088 5813 5825 5824 5823 5628 5691 5484 5692 5401 5563 5612 5659 5722 6130 5673 5429 5991 5708 5720 5760 5725 6201 5991 5552 6106 5473 5586 5482 5914 5256 5971 5433 5720 6276 5677 5622 5562 6048 5522 5344 5675 5894 5503 5459 5397 5934 5759 5222 5463 6227 6128 6029 5524 5384 5209 6164 5454 5850 5854 5597 5719 5908 5293 5925 5465 5872 5546 5896 5717 5296 6142 5841 6121 5743 5470 5931 5298 5642 5864 5755 5538 6241 6369 5884 5665 5737 5982 5644 6119 5498 5795 5700 5466 6078 5965 5596 5542 5253 5861 5885 5347 5617 5760 5649 5833 5822 6068 5905 5642 5729 5837 5544 5667 5621 6360 5509 5596 5475 6150 5988 5309 6370 6022 5949 5257 5439 5620 5763 5259 6058 5965 5670 6010 5765 5926 5706 6160 5942 5506 5618 6553 5876 5511 5596 5966 5677 5931 5639 5661 5748 5692 5857 6078 5666 5813 5251 5670 5573 5700 6367 5966 5628 5768 5369 6160 5757 6077 5420 5802 6028 5727 5626 5045 5475 5654 5620 5837 5864 5571 5555 5692 5466 5519 5497 5906
5134 5545 5625 4744 4977 4687 5387 5403 5153 5557 5158 5357 4932 5599 5006 5185 5682 5448 5112 5323 5740 5279 5329 5079 5663 5682 5607 5349 5369 5483 5349 5308 4828 5009 5373 5303 5756 5329 5241 5259 5713 5536 5749 5477 5273 5616 6121 5292 5272 5438 5679 5061 5750 5261 5757 5382 5784 5062 5389 5690 5609 6123 5588 5125 5253 5507 5548 5765 5788 5388 4991 5569 5476 5438 5602 5526 5455 5261 5139 5190 5221 5279 5406 5420 5763 5381 5399 5604 5437 5158 5527 4970 5523 5688 5439 5719 5452 5371 5122 5271 4782 5481 4996 5172 5859 5281 5449 5651 5242 4881 5249 5021 5249 5146 5357 4544 5716 5250 5448 5453 5482 5880 5342 5216 5369 4812 5608 5398 5420 4929 5547 5388 5418 5463 5545 5328 5507 5018 5620 5509 5034 5611 5844 5607 5473 5363 5589 4798 5101 5506 5652 5392 5781 5830 5398 5328 5394 5495 5294 5717 5287 4936 5785 5670 5422 5776 5548 5259 5004 5387 5218 5065 5347 5069 5290 5292 5632 5566 5569 5579 5652 5277 5215 5166 5441 5674 5402 5390 5245 5778 5540 5223 5850 5656 5758 5108 5594 5595 5295 5180 5489 5340 5238 5517 5468 5574 5541 5557 5586 5441 5322 6184 5543 5330 4841 5719 5504 5427 5387 5307 5076 4990 5810 6023 5352 5322 4967 5322 5159 5138 5938 5583 5415 5673 5177 5832 5606 5915 4951 5355 5668 5086 5537 4866 5290 5510 5131 5523 5843 5450 5349 5252 4871 5100 5229 5670
5332 5129 5475 5091 4761 4626 5117 5006 5451 5027 5182 5314 4969 5288 5271 5090 5755 5102 5163 5076 5571 5128 5376 5052 5563 5670 5431 5123 5236 5234 5224 5254 4669 4767 5157 5015 5420 5077 5164 5044 5262 5380 5578 5202 5185 5429 5833 5337 5122 5173 5253 4613 5306 5209 5538 5174 5402 5138 5215 5115 5184 5966 5386 5446 5308 5528 5260 5581 5676 5055 4980 5604 5029 4909 5481 5349 5420 4879 5033 5019 5103 4827 5075 5095 5606 5138 4973 5478 4805 5089 5116 5177 5438 5358 5164 5371 5052 5227 4931 4989 4728 5233 4933 5289 5594 4874 5180 5195 5617 4833 4908 5021 5231 5017 5199 4680 5501 5293 4938 5219 5470 5716 5261 4932 5188 4910 5415 5237 5330 5012 5536 5167 5301 5159 5196 5074 5331 5060 5270 5112 5053 5656 5336 5327 5291 5151 5390 4828 4825 5281 5203 5346 5630 5706 5411 5184 5112 5214 5040 5561 5183 4783 5386 5233 5115 5230 5167 5042 4858 5017 5499 5044 5226 5193 5172 5211 5261 5948 5280 5323 5212 5116 4993 4807 5165 5989 4848 5039 4980 5723 5131 5003 5712 5272 5446 4785 5198 5226 5369 4912 5351 5356 5096 5192 5553 5232 4959 5217 5368 5069 5399 5955 4985 5027 5072 5495 5166 5234 5194 5005 5001 5099 5215 5722 4994 5324 4638 5275 5058 5131 5622 5529 5086 5604 5103 5568 5363 5681 4757 5122 5668 5209 5342 4808 4919 5184 5117 5022 5423 5369 5017 5205 5126 4958 5115 5484
4512 4788 5058 4643 4751 4405 4640 4816 4854 4960 4817 5049 4482 4969 4816 4835 5166 4757 4611 4619 4999 4599 4877 4511 5209 5146 4997 4981 5128 4881 4928 4832 4479 4436 4728 4554 5062 4667 4818 4753 4771 4887 4938 4892 4555 4956 5041 4919 4771 4963 4812 4482 5102 4565 5410 4904 5136 4850 4653 5274 4577 5423 5096 4792 4648 4806 4825 4949 5022 4591 4516 4924 4974 4654 4967 4938 4904 4701 4588 4707 4649 4388 4719 4996 4888 4652 4732 5137 4696 4797 4888 4478 5136 5159 4859 4904 4635 4942 4719 4786 4426 4832 4549 4773 5235 4661 4808 4761 5278 4445 4470 4659 5100 4689 4694 4375 5303 4798 4588 4885 5072 5384 4841 4665 4758 4383 5138 4850 5017 4915 4778 4932 5135 4738 4890 4517 4745 4575 4986 4799 4591 5202 5323 4771 4542 4744 5243 4150 4638 4800 4911 5059 5161 5170 4868 4666 4899 4797 4746 5048 4638 4812 4876 5014 4800 4926 4618 4520 4481 4740 4895 4500 4880 4868 4713 4809 4945 5139 4994 4646 5045 4664 4450 4633 4751 5190 4632 4701 4614 4968 4556 4669 5172 5199 4909 4682 4693 4729 4893 4733 4987 4739 4838 4973 4945 4866 4748 5174 5141 4871 4689 5264 5003 4522 4634 5014 4609 4951 4922 4784 4695 4571 4899 5254 4869 5072 4328 4776 4880 4727 4863 4955 4700 5140 4368 5228 4867 5372 4480 4911 5167 4736 4760 4505 4480 4855 4963 4818 5016 4986 4695 4723 4562 4643 4707 4953
5183 5201 5398 5055 4879 4663 5079 4986 5082 4906 5121 5149 4741 5223 4839 4868 5623 5114 4873 4952 5131 4626 4733 4903 5667 5259 5308 5242 4958 5089 5043 5224 4681 4719 4996 4933 5083 5209 4711 5093 5039 5282 5516 5203 4878 5348 5785 5188 5018 4761 5057 4718 5431 4971 5404 5186 5288 4938 5094 5366 5165 5648 5083 4715 5081 5104 5498 5427 5569 4618 4970 5151 5147 5104 5272 5067 5267 4918 4903 4690 5084 4653 5222 5091 5438 4931 4926 5580 4925 5038 4998 4996 5293 5465 5146 5200 5077 5070 4703 5247 4908 5020 4549 5131 5467 5236 5153 5077 5316 4587 4662 5223 5193 4738 5102 4453 5232 5090 4910 5217 5261 5246 5187 4882 4972 4605 5157 5075 5296 5038 5148 4962 5279 4967 5073 5153 5218 4629 5157 5089 4647 5360 5512 5293 4957 4772 5143 4654 4979 4982 5065 5048 5456 5423 5020 5236 5070 5121 5135 5428 4858 4967 5150 5194 5302 5309 4958 5065 4775 4929 4962 4972 5009 4891 5122 5145 5140 5136 5316 5059 5260 4757 5105 5101 4987 5255 4924 5109 4986 5202 5169 4948 5374 5189 5381 4598 4990 4873 5108 4851 5315 5159 5076 5067 5301 5244 5098 5125 5464 5038 4991 5638 5059 5219 4900 5560 5168 5156 5114 5072 5045 4904 5443 5925 5085 5302 4660 4924 5109 5065 5540 5253 4924 5240 4878 5411 5131 5557 4783 5127 5412 4948 5400 4844 4677 4892 5108 4913 5229 4954 4902 5017 4774 4902 5129 5417
5398 5545 5600 5219 5254 5080 5548 5570 5261 5081 5358 5638 4984 5525 5332 5231 5730 5259 5215 5292 5477 5346 5225 5158 5842 5476 5820 5124 5549 5359 5306 5566 5021 4942 5243 5338 5882 5467 5293 5250 5495 5704 5909 5334 5116 5660 6006 5554 5124 5455 5370 4921 5892 5533 5992 5422 5630 5415 5069 5554 5361 6065 5765 5514 5483 5522 5675 5793 5828 5402 4965 5706 5295 5487 5698 5473 5410 5219 5269 5082 5297 5075 5359 5572 5567 5318 5379 5558 5402 5359 5591 5215 5765 5698 5444 5639 5228 5259 5372 5377 5006 5362 5322 5382 5723 5449 5525 5362 5756 5243 5275 5198 5564 5102 5217 4889 5532 5392 5070 5134 5548 5593 5532 5251 5636 5114 5489 5515 5673 5586 5371 5314 5409 5443 5504 5170 5618 5305 5242 5364 5055 5777 5657 5556 5601 5415 5585 5083 5370 5427 5628 5651 5799 5769 5503 5262 5382 5402 5415 5809 5473 5443 5523 5465 5477 5458 5527 5297 5201 5399 5408 5391 5214 5061 5416 5315 5265 5781 6023 5089 5495 5367 5121 5153 5519 5871 5390 5341 5208 5790 5519 4948 5787 5453 5638 4968 5697 5172 5247 5167 5600 5513 5430 5525 5455 5739 5360 5719 5658 5470 5494 5821 5543 5302 5294 5419 5272 5641 5229 5184 5330 5231 5396 5866 5388 5666 5037 5390 5220 5461 5878 5683 5362 5519 5380 5720 5487 5730 5021 5345 5691 5152 5667 5063 5165 5543 5305 5564 5537 5213 5243 5525 5099 5102 5312 5898
5284 5593 5885 5238 5468 4998 5618 5542 5489 5487 5375 5722 4894 5595 5468 5273 6161 5529 5278 5531 5828 5335 5445 5221 5970 5958 5538 5591 5570 5559 5735 5597 5248 5104 5305 5310 5525 5353 5369 5203 5571 5663 6084 5366 5428 5632 6022 5891 5140 5573 5452 5074 5894 5515 6110 5590 5709 5371 5492 5728 5613 6155 5890 5434 5685 5601 5357 5921 5864 5301 5202 5891 5612 5528 5734 5469 5738 5445 5262 5298 5347 5422 5761 5460 5803 5381 5281 5647 5411 5405 5430 5352 5867 5740 5242 5809 5374 5377 5285 5673 4961 5566 5181 5460 6074 5332 5245 5559 5918 4969 5231 5272 5480 5186 5227 5128 5562 5422 5307 5494 5843 5891 5715 5437 5606 5129 5864 5508 5564 5522 5463 5602 5694 5568 5667 5366 5730 4937 5776 5490 5218 5769 5717 5561 5595 5457 5828 4937 5392 5428 5688 5439 5897 5769 5498 5295 5399 5237 5483 6044 5107 5352 5659 5323 5645 5661 5854 5480 5219 5530 5393 5265 5450 5268 5794 5536 5495 6109 5718 5226 5789 5751 5511 5396 5328 6178 5425 5638 5554 5878 5621 5241 5824 5638 5757 5184 5559 5475 5493 5160 5826 5708 5601 5623 5732 5548 5589 5598 5446 5288 5742 6195 5637 5253 5528 5836 5468 5665 5578 5474 5518 5222 5265 5977 5460 5578 5095 5482 5229 5279 5670 5765 5656 5681 5431 5963 5651 5801 5081 5511 5995 4921 5496 4992 5221 5461 5441 5455 5600 5305 5299 5483 5289 5025 5322 5720
5274 5479 5755 5086 5154 4912 5188 5369 5308 5390 5737 5529 4916 5621 5329 5324 5613 5126 5073 5456 5725 5189 5520 5110 5517 5854 5383 5508 5465 5415 5292 5632 5030 5017 5308 5264 5553 5385 5403 5236 5845 5566 5770 5158 5201 5746 6165 5638 5269 5376 5262 4903 5711 5375 5863 5379 5482 5064 5304 5553 5548 6079 5528 5179 5372 5707 5343 5818 5784 5087 4766 5575 5423 5289 5571 5379 5575 5072 4972 5119 5383 5169 5162 5615 5888 5386 5233 5548 5347 5526 5386 5215 5664 5688 5194 5383 5247 5275 4821 5597 4744 5338 4870 5613 5911 5048 5475 5148 5792 5022 4678 4832 5104 5057 4915 4854 5706 5348 5052 4960 5357 5780 5538 5117 5480 5178 5759 5579 5478 5398 5561 5438 5477 5341 5272 5131 5347 4848 5380 5308 5093 5727 5598 5408 5377 5355 5809 5013 5126 5206 5384 5472 5932 5981 5242 5526 5442 5262 5292 6012 5157 5069 5206 5095 5576 5432 5368 5425 5109 5147 5450 5326 5276 5134 5409 5385 5466 5957 5506 5358 5608 5244 5227 5229 5404 6102 5036 5411 5121 5933 5347 5380 5639 5273 5504 4802 5304 5374 5370 5398 5685 5467 5132 5399 5455 5576 5493 5368 5660 5367 5309 5961 5554 5216 5040 5532 5374 5428 5411 5140 5303 5211 5439 5551 5397 5337 5059 5344 5074 5453 5784 5642 5287 5356 5204 5677 5516 5626 5242 5466 5682 5104 5411 4858 4990 5118 5248 5303 5639 5181 5141 5538 5264 5049 4996 5739
5065 5597 5543 4828 4872 4676 5060 5086 5486 5336 5184 5085 4896 5270 5001 5163 5554 5323 4768 5128 5264 5145 5190 4828 5576 5625 5568 5217 5341 5182 5238 4974 5036 4853 5290 4841 5498 5313 5281 5041 5395 5294 5811 5041 4928 5667 5968 4996 5160 5334 5142 4808 5650 5082 5314 5300 5441 5218 5398 5341 5391 6250 5752 5241 5169 5383 5373 5592 5621 5053 4876 5389 5289 5373 5608 5248 5448 5156 5229 4991 5253 4999 5040 5438 5375 5544 4969 5259 5009 5335 5094 4944 5662 5450 4992 5246 5121 5278 5016 5087 4686 5341 5003 4910 5671 5067 5356 5326 5466 4961 4935 4940 5306 4865 5112 4381 5669 5497 5015 4922 5153 5816 5239 5288 5215 5000 5381 5422 5422 5320 5232 5408 5156 4977 5476 4927 4928 5001 5058 5242 4983 5548 5677 5578 5100 5042 5267 5083 5200 5182 5416 5345 5695 5535 5313 5239 5372 5257 5290 5490 5235 4994 5207 5398 5282 5502 5314 5051 4625 4874 5238 5090 5151 5012 5206 5041 5217 5649 5513 5268 5247 5243 5316 5127 5383 5614 5318 5019 4812 5500 5255 4730 5683 5198 5558 4925 5286 5200 5105 5180 5228 5399 5143 5482 5339 5431 4965 5360 5591 5112 5261 5787 5209 5408 4827 5210 5226 5171 5207 5329 5269 4833 5500 5763 5441 5378 4922 5134 4872 5200 5883 5513 5177 5481 4960 5269 5068 5744 5234 5178 5565 4703 5250 4739 5008 5511 5260 5225 5694 5266 5070 5051 5065 4856 5144 5446
4700 4876 4908 4466 4499 4132 4430 4754 4851 4938 4957 4760 4549 4937 4848 4820 5152 4751 4707 4964 5361 4716 4795 4534 5116 5100 4989 4566 5138 4900 4860 5037 4593 4610 5059 4630 5098 4715 4663 4681 4821 5000 5338 4837 4624 5263 5253 4845 4964 4976 4963 4408 5090 4949 4958 4877 4986 4692 4884 4978 4708 5540 5005 4891 5020 4960 4729 5241 5307 4700 4596 4873 4917 4874 5304 5225 4727 4698 4688 4565 4966 4212 4574 5059 4882 4750 4601 5263 4669 4993 4688 4480 5160 5269 4440 4891 4639 4830 4810 4842 4558 4847 4501 4940 5298 4814 4752 4781 5422 4788 4574 4747 4739 4568 4764 4209 5353 4709 4487 4525 5066 5283 4746 4680 4931 4287 5067 4906 4855 4884 4964 5078 5005 4830 4770 4562 4989 4628 5108 4934 4555 5166 5389 4927 4678 4762 5143 4325 4534 5103 5019 4886 5142 5276 4922 4761 4634 4618 4686 5195 4493 4709 4776 5164 4861 5099 4663 4388 4687 4898 4758 4533 4917 4784 4698 4784 5034 5297 5161 4565 4736 4782 4531 4429 4830 5343 4806 4937 4483 5330 4942 4425 5270 5093 5067 4656 5011 4581 4958 4552 4961 5015 4716 4967 4859 5131 4652 5064 5043 4950 4602 5416 4875 4794 4649 5010 4963 5137 4761 4743 4639 4465 5073 5185 5054 4823 4476 4710 4796 4990 5014 5127 4894 5011 4551 5028 4918 5169 4523 4620 4947 4460 4829 4454 4369 4937 5009 4846 4840 5061 4646 5156 4475 4289 4837 5018
5039 4987 5551 4861 4862 4616 4984 4966 5016 4902 5067 5183 4724 5161 4630 4819 5219 4730 4879 4614 5130 4906 5047 4900 5597 5337 5632 4959 5145 4854 4959 5127 4599 4202 5119 4901 5122 4995 4626 4814 4916 4875 5265 4955 4585 5111 5476 4854 4989 4934 5239 4660 5320 4850 5275 5040 5096 5148 4859 5213 5198 5713 4953 4941 4795 5246 5045 5446 5204 4815 4626 5033 5067 4807 5126 4925 5154 4934 4905 4503 4936 4888 4706 4788 5211 5006 4874 5450 5075 5016 5295 4822 5201 5241 4934 5132 4799 4882 4893 5005 4285 5187 4715 5007 5243 5152 4819 4972 5474 4595 4870 4632 4969 4928 4812 4500 5164 5028 4644 4898 5303 5250 5139 4971 5188 4605 5311 4887 5096 5190 4842 4928 5211 4947 5054 4787 5372 4537 5306 4945 4707 5221 5189 5035 5022 4946 5434 4533 4628 5071 4930 5074 5200 5042 5199 5161 5103 5119 4835 5211 4748 4812 5276 5071 5066 5028 4801 4962 4700 4906 5068 4812 4691 4791 4921 5072 5157 5326 5218 4988 5031 5040 4829 5200 4992 5493 4772 4897 4823 5434 5082 4686 5329 4894 5068 4995 5236 5125 4781 4863 5337 4972 5006 4996 5071 5050 4878 5212 5084 4712 5029 5608 5031 4907 4676 5321 5008 5235 5171 5025 5034 4860 5166 5323 5016 5072 4694 4791 5286 4983 5301 5337 4795 5123 4880 5234 4916 5340 4693 5038 5291 4860 5126 4578 4971 4966 4840 4872 5035 5034 4785 4980 4712 4751 4772 5374
5290 5521 5530 5467 5391 4855 5374 5312 5104 5391 5348 5507 4877 5732 5267 5324 5815 5271 5334 5682 5789 5404 5309 4990 5948 5396 5541 5308 5562 5485 5495 5704 4992 4883 5513 5311 5525 5406 5266 5625 5667 5648 5916 5521 5155 5459 5871 5705 5252 5585 5567 5201 5790 5567 5973 5497 5821 5498 5509 5700 5451 6127 5445 5545 5254 5700 5617 5770 5806 5230 5193 5731 5556 5498 5854 5550 5551 5274 5426 5118 5336 5102 5436 5614 5668 5389 5368 5950 5559 5405 5547 5188 5809 5723 5552 5753 5551 5403 5437 5577 5025 5290 5296 5455 5926 5379 5270 5380 5627 4938 5278 5194 5404 5267 5344 5070 5727 5470 5259 5375 5615 5726 5839 5200 5452 5188 5777 5633 5521 5554 5556 5752 5550 5375 5691 5425 5547 5331 5620 5334 5241 5737 5604 5638 5589 5083 5900 4981 5330 5504 5610 5417 5854 5735 5681 5494 5473 5547 5239 5843 5121 5347 5388 5235 5682 5619 5625 5281 4878 5500 5424 5247 5356 5396 5690 5489 5550 5916 5796 5433 5387 5742 5203 5387 5426 5880 5492 5492 5206 5808 5437 5411 5960 5621 5558 5079 5563 5489 5511 5238 5800 5524 5640 5597 5401 5654 5457 5793 5696 5463 5506 6057 5557 5343 5166 5672 5557 5621 5473 5318 5294 5497 5717 5883 5543 5491 5148 5187 5197 5382 5968 5987 5381 5361 5281 5727 5417 5723 5180 5586 6008 5263 5561 5140 5163 5567 5451 5707 5471 5306 5206 5540 5154 5215 5249 6039
4847 4930 5198 4896 4455 4489 4720 4906 4912 4894 4971 5245 4423 5111 4857 4633 5129 4783 4744 4791 5252 4740 4915 4761 5275 5125 5062 4827 4892 5026 4953 5293 4552 4608 5222 4817 5097 4879 4910 4891 5086 5023 5451 4962 4834 5407 5690 5015 4953 4988 4893 4701 5146 5062 5339 4993 5365 5023 4805 5215 5169 5579 5073 4985 5057 4914 5187 5340 5256 4773 4560 5283 5123 4910 5215 5287 4915 4895 4945 4661 4762 4603 5084 5205 5215 5072 4533 5064 4884 4939 5102 4797 5321 5398 4662 5038 4832 4780 4741 4938 4483 5098 4597 4593 5234 4754 4874 5041 5073 4719 4387 4787 4685 4768 4784 4412 5124 4863 4513 4728 5106 5254 5010 4849 5077 4556 5373 5164 5136 4920 5030 5102 5155 4826 5168 4788 5107 4681 5045 4674 4511 5345 5360 5207 4910 4839 5084 4554 4847 4978 5223 5124 5437 5293 5199 5124 5174 5072 4852 5503 4774 4765 5050 4999 5066 5110 5046 4705 4554 5114 4941 4813 4779 4866 4978 4933 5110 5439 5356 4881 4950 5054 4694 4864 5175 5341 4978 4909 4914 5286 4960 4624 5416 4881 4897 4526 5163 5185 4852 4829 5288 5207 5021 4813 4864 5098 5137 5005 5003 5110 5119 5578 4736 4873 4754 5135 5004 5023 4829 4815 4865 4602 4987 5374 4909 5078 4524 4963 4734 4934 5593 5080 4756 5022 4673 5246 5161 5348 4847 4934 5310 4365 5133 4769 4583 4797 4806 5006 5080 4983 4840 5231 4793 4530 5041 5444
5202 5648 5663 5312 5049 4797 5552 5227 5269 5339 5256 5393 4742 5389 5015 5088 5516 5359 5184 5033 5723 5073 5222 4872 5704 5592 5668 5366 5361 5453 5309 5475 5131 4971 5252 5251 5562 5360 5237 5145 5378 5309 5805 5438 5138 5950 5757 5496 5399 5515 5459 4891 5908 5372 5574 5506 5879 5254 5309 5573 5495 6126 5378 5215 5082 5447 5466 5897 5780 5125 5010 5494 5516 5512 5603 5382 5223 5294 5250 4985 5409 4958 5380 5379 5610 5233 5151 5531 5699 5297 5613 4753 5571 5887 5399 5469 5258 5267 5006 5340 4967 5555 4894 5149 5710 5149 5376 5348 5489 5264 5069 5248 5563 4982 5102 4874 5527 5332 4814 5180 5654 5833 5553 5063 5532 5050 5376 5437 5461 5327 5232 5502 5390 5224 5451 5158 5286 5115 5344 5441 4906 5915 5769 5561 5179 5148 5633 4898 4901 5272 5455 5313 5654 5524 5534 5050 5445 5314 5205 5739 5254 5116 5453 5408 5593 5439 5097 5134 4787 5368 5340 5180 5350 5168 5280 5339 5402 5634 5449 5312 5549 5460 5109 5302 5640 5698 5206 5316 5149 5690 5179 5058 5642 5451 5542 5047 5365 5526 5350 5115 5551 5392 5183 5368 5607 5495 5154 5536 5490 5554 5214 6205 5415 5403 4962 5476 5258 5418 5360 5404 5054 5081 5544 5638 5303 5565 4893 5263 5088 5230 5913 5476 5339 5514 5483 5664 5598 5805 5251 5098 5689 4977 5507 5020 5117 5524 5021 5477 5556 5258 5205 5305 4943 5135 5395 5605
4725 5254 5339 4787 4883 4921 5051 5201 4979 4828 4973 5274 4864 5097 4962 4982 5188 4890 5039 4824 5348 4959 4922 4571 5372 5454 5245 5199 5069 5113 5100 5311 4693 4660 5220 4930 5191 5047 4750 5143 5139 5211 5689 5310 5007 5188 5606 5234 4817 4860 5197 4562 5286 4985 5393 5015 5659 4994 4846 5046 4950 5634 5369 4936 5067 5064 5405 5386 5434 4545 4824 5130 5088 5295 5317 5126 5042 5081 4948 4877 5118 4585 5052 5325 5189 5126 4597 5271 5134 4865 4976 4764 5696 5444 5015 5078 5072 4931 5029 5006 4889 5132 4704 5230 5738 4918 5122 5297 5468 4785 4727 5084 5189 4888 4909 4607 5416 4934 4930 4721 5235 5511 5111 4953 5095 4696 5188 4955 5327 5060 5123 4992 5218 5057 5050 5152 5139 4877 5216 5153 4715 5447 5466 5257 4651 4682 4946 4673 4618 4960 5343 5146 5409 5339 5108 4880 5208 5392 4754 5288 4944 4821 5075 4797 5365 5279 4981 4675 4555 5015 4966 4746 4698 4855 4837 4908 4929 5260 5246 5104 5003 4982 4728 4883 5162 5646 5037 5241 4677 5197 4895 5079 5557 5286 5199 4603 5125 5026 5144 4921 5442 5145 4987 5104 5105 5126 4952 5176 5233 4977 5305 5754 5171 5042 4669 5062 5106 5222 4998 5111 4808 4633 5089 5407 4943 5168 4810 5044 4799 4905 5577 5132 5109 5038 5016 5479 5176 5295 4869 5081 5369 4505 4915 4638 4764 5014 4974 4901 5412 5074 5136 5297 4891 4648 5019 5527
5299 5197 5374 5158 5022 4746 5223 4967 5327 5299 5277 5399 4934 5380 5126 5047 5617 5064 4982 5103 5516 5063 5219 4804 5735 5518 5357 5278 5341 5462 5151 5461 4873 4830 5263 5142 5511 5287 5130 5298 5368 5454 5932 5126 5126 5513 5614 5229 5147 5430 5395 4859 5555 5475 5620 5364 5499 5305 5108 5148 5347 5818 5395 5428 5359 5356 5407 5497 5917 5235 4837 5378 5396 5372 5505 5159 5232 5279 5355 4964 5290 4906 5254 5190 5352 5350 5099 5207 5214 5111 5432 5035 5660 5638 5206 5551 5121 4974 4983 5147 5162 5485 5178 4895 5522 5027 5391 5109 5531 4959 4750 5136 5308 4921 5205 4831 5630 5305 5066 5217 5275 5267 5404 5203 5174 4972 5376 5285 5540 5113 5429 5346 5260 5437 5463 5140 5437 5182 5518 5182 4824 5673 5677 5730 5279 5446 5613 4778 5209 5627 5415 5110 5565 5714 5476 5159 5402 5352 5411 5469 5262 4788 5375 5050 5678 5375 5424 4970 5190 5281 5163 5233 5236 5054 5061 5286 5379 5584 5515 4921 5312 5454 5118 5165 5438 5974 5269 5218 5289 5680 5158 4966 5786 5198 5273 4980 5113 5158 5155 5000 5509 5222 5457 5296 5394 5571 5220 5594 5568 5175 5301 5954 5171 4969 4842 5400 5348 5208 5441 5117 4928 5168 5436 5747 5218 5186 5027 5072 4915 4881 5643 5553 5365 5419 4840 5561 5511 5664 4970 5132 5659 5162 5250 4860 4930 5259 5330 5406 5432 5034 5193 5287 5076 4899 5197 5559
5147 5319 5554 5286 4961 4802 5207 5162 5167 5390 5327 5086 4803 5192 5122 5346 5598 5049 4909 5421 5676 5151 5382 4903 5849 5588 5389 5152 5282 5450 5031 5263 4848 4755 5336 5222 5453 5227 4843 5282 5544 5261 5680 5263 5258 5511 6192 5415 4969 5204 5282 4748 5503 5448 5595 5353 5419 5392 5252 5577 5416 5986 5138 5331 5215 5414 5445 5788 5766 4917 5029 5432 5600 5259 5441 5439 5310 5245 5246 4950 5261 5005 5243 5271 5529 5220 4848 5832 5308 5566 5233 4961 5698 5581 5246 5472 4987 5053 4841 5347 4709 5318 4964 5278 5852 5070 5306 5434 5490 4904 4984 5123 5266 5173 4963 4707 5562 5255 4789 4915 5475 5685 5597 5137 5096 5170 5778 5229 5645 5224 5197 5433 5471 5286 5214 5183 5392 5118 5019 5224 4982 5663 5590 5386 5288 5244 5288 4789 4962 5248 5622 5227 5789 5661 5468 5380 5269 5433 5115 5411 5255 4950 5391 5174 5550 5292 5196 5114 4925 4951 5556 5069 5123 5066 5334 5228 4987 5638 5633 5096 5186 5345 4950 5110 5277 5691 4983 5097 5014 5669 5368 5076 5903 5683 5310 4708 5308 5137 5279 5188 5595 5280 5400 5466 5371 5220 5413 5577 5678 4961 5302 5805 5306 5187 4819 5411 5344 5486 5495 5031 5292 5124 5650 5588 5282 5474 4945 5252 5197 5348 5846 5679 5269 5428 5050 5479 5466 5502 5083 5471 5633 4918 5309 5007 4813 4934 5134 5253 5355 5329 5139 5164 5200 4997 5023 5498
4935 5498 5526 4799 4795 4462 5219 5307 5102 4991 5152 5506 4758 5187 4844 4711 5490 4947 4857 5204 5104 5174 5235 4890 5509 5324 5564 5219 5400 5333 5033 5376 4521 4770 4998 5092 5305 5050 5014 4980 5223 5123 5342 5153 4674 5349 5811 5296 4999 4978 5268 4739 5329 5036 5400 5246 5378 5235 5050 5201 4971 5747 5085 4676 5364 5167 5343 5446 5615 4944 4820 5306 5159 5229 5337 5431 5478 5067 5254 5022 4866 4588 5186 5417 5424 5142 4914 5365 4981 5248 5222 4984 5258 5478 5051 5116 5116 4955 4812 5332 4791 5313 4923 5037 5451 4922 5079 5306 5337 4473 4751 4862 5370 4748 5077 4424 5231 5413 4950 4893 5368 5509 5013 5035 5205 4868 5453 5297 5461 5109 5175 5159 5288 5027 5253 4970 5114 4990 5044 5037 4515 5460 5614 5220 5210 4889 5321 4915 4834 5317 5220 5134 5432 5697 5311 5272 5225 5172 5264 5444 4986 5005 5160 5420 5176 5252 5188 4997 4772 5058 5201 4947 5047 5011 5185 4995 5078 5557 5430 5023 5280 5037 5086 5159 5155 5814 4980 5085 4901 5240 5067 5078 5579 5199 5383 4669 5093 5005 4897 5158 5412 5097 5096 4973 5214 5115 4940 5226 5510 5099 5178 5730 5165 4863 4931 5174 5299 5176 5370 5228 5034 4681 5124 5685 5233 5285 4804 5187 4859 5315 5771 5556 5037 5113 4837 5044 5073 5467 4904 5224 5572 4736 5161 4496 4913 5144 5271 5185 5173 5021 4864 5218 4694 4899 4894 5545
5028 5337 5693 5098 5019 4915 5286 5314 5288 5164 5528 5434 5037 5458 5110 5216 5522 5023 5148 5065 5376 5191 5111 5121 5873 5420 5503 5596 5408 5356 5329 5585 5085 4666 5440 5029 5329 5494 5154 5332 5458 5536 5626 5416 5060 5342 6098 5459 5096 5154 5440 4922 5964 5352 5785 5644 5635 5195 5119 5480 5299 5842 5366 5350 5321 5368 5335 6065 5928 5168 4904 5639 5334 5233 5466 5592 5306 5373 5239 5352 5305 4886 5026 5568 5318 5358 5073 5786 5349 5270 5476 5133 5742 5526 5418 5560 4985 5187 4974 5570 4991 5487 4934 5472 5630 5095 5184 5569 5854 5149 5028 5112 5369 5006 5204 5002 5611 5264 4843 4837 5544 5783 5397 5182 5393 4844 5469 5346 5739 5459 5336 5350 5459 5325 5516 5322 5403 5118 5146 5167 5112 5515 5526 5263 5238 5023 5677 4844 5129 5418 5422 5311 5350 5894 5444 5370 5157 5295 5264 5538 5082 5228 5469 5189 5531 5497 5443 5290 5014 5162 5313 5114 5125 5142 5218 5093 5071 5913 5601 5191 5369 5247 4943 5360 5265 5902 5317 5293 5121 5430 5199 4886 5758 5456 5668 4883 5288 5141 4974 5309 5698 5389 5538 5491 5443 5097 5146 5550 5718 4983 5162 5843 5271 5209 5201 5443 5485 5786 5368 5151 5254 5177 5546 5536 5436 5507 4893 5235 5373 5197 5634 5362 5331 5500 4924 5655 5621 5366 5002 5152 5392 5057 5151 5042 5059 5334 5408 5283 5506 5342 5250 5302 5148 5277 5237 5673
5308 5375 5839 5116 5389 5167 5180 5387 5396 5527 5372 5588 5096 5577 5437 5341 5774 5413 5308 5257 5686 5227 5570 5145 5787 5651 5660 5655 5574 5820 5592 5675 5213 4795 5819 5170 5816 5503 5276 5320 5590 5569 5876 5484 5131 5790 6111 5874 5454 5354 5384 5257 5917 5737 5882 5482 5751 5705 5404 5816 5627 6342 5642 5297 5494 5733 5756 5752 5941 5301 4953 5734 5588 5724 5771 5606 5769 5615 5331 5386 5437 5284 5609 5690 5869 5452 5172 5713 5511 5700 5688 5176 5720 5754 5427 5617 5516 5237 5353 5717 5082 5641 5396 5472 5942 5204 5550 5582 5911 5109 5148 5284 5617 5361 5467 5160 5870 5570 5264 5044 5753 5879 5600 5400 5476 5189 6013 5655 5908 5686 5635 5564 5871 5371 5650 5137 5717 5428 5550 5342 4995 5751 5940 5971 5700 5217 5583 5265 5328 5415 5616 5693 6091 5962 5585 5557 5794 5589 5429 6024 5472 5472 5687 5248 5682 5694 5653 5256 5185 5534 5562 5254 5472 5373 5617 5347 5537 5890 6050 5130 5271 5445 5583 5524 5632 6311 5205 5372 5460 5693 5668 5111 5782 5928 5683 5217 5510 5426 5650 5824 5880 5557 5353 5827 5620 5856 5423 5859 5770 5552 5756 6098 5545 5322 5161 5535 5804 5585 5567 5155 5446 5202 5719 6035 5755 5688 4984 5492 5334 5647 6159 5841 5491 5677 5317 5977 5652 5786 5049 5694 5803 5188 5571 5061 5580 5477 5445 5499 5488 5368 5345 5444 5133 5407 5397 5878
5103 4978 5163 4980 4929 4514 4759 4794 5058 5004 4926 5302 4469 4934 4929 4757 5169 4989 4826 5032 4858 4658 4774 4788 5540 5312 5152 5036 5247 4906 4941 5088 4641 4644 4897 4840 5180 5023 4677 5098 5218 5261 5146 4890 4565 5238 5472 5039 4792 4969 5086 4443 5549 4884 5160 4848 5176 5019 5052 5083 4778 5733 5277 4856 4911 5475 5159 5194 5204 4681 4472 5343 5091 4949 5232 4929 5049 4850 4975 4735 5108 4656 4946 4971 4853 5207 4804 5149 5015 5193 5255 5062 5251 5064 4913 5097 4867 4928 4860 4957 4536 4983 4656 4839 5124 4969 5107 5022 5275 4534 4690 4797 4850 4644 4935 4569 5061 4996 4578 4841 5070 5309 5346 4916 5085 4765 5073 4929 5173 4955 4980 4938 5016 4999 5207 4770 5055 4686 5187 4849 4889 5397 5475 5116 4867 4757 5049 4634 4942 4948 5002 5089 5280 5302 4998 4946 5043 5060 4747 5546 4900 4827 4808 4891 5093 5025 4928 4903 4435 4994 5219 4661 4777 4876 4989 4956 5165 5082 5247 4931 4909 5176 4863 4767 4997 5451 4896 5032 4896 5243 5096 4727 5374 4917 5136 4568 5049 4857 5092 4708 5051 5051 5071 5083 4979 4963 4977 5095 5161 4923 5240 5628 4645 4980 4548 5170 4761 5089 5014 5013 4854 4520 5309 5483 5074 5084 4505 5009 4821 4902 5662 5438 5114 5196 4962 5188 4899 5358 4848 4928 5444 4608 5037 4742 4872 5240 5055 4949 4960 5061 4574 4805 4804 4770 4868 5354
5273 5705 5667 5105 5206 4704 5172 5439 5387 5242 5386 5493 5011 5573 5371 5101 5806 5159 5203 5373 5657 5134 5470 4890 5605 5567 5470 5478 5605 5112 5337 5549 4967 4925 5494 5148 5490 5403 5089 5211 5635 5442 5564 5407 5294 5809 5895 5641 5435 5503 5392 5059 5740 5457 5936 5538 5842 5163 5217 5758 5425 6270 5783 5333 5261 5747 5665 5649 5742 5341 5042 5636 5637 5649 5620 5318 5524 5159 5272 5273 5457 5076 5472 5572 5672 5295 5270 5666 5354 5455 5414 5242 5643 5752 5241 5654 5490 5111 5195 5488 4842 5477 4898 5372 5936 5304 5414 5316 5721 5238 5012 5301 5095 5388 5017 4952 5593 5292 5288 5113 5645 5817 5807 5212 5269 4924 5615 5297 5317 5279 5264 5620 5783 5294 5538 5408 5625 4903 5516 5000 5276 5584 5643 5624 4825 5121 5723 4984 5310 5402 5421 5340 5889 5652 5455 5285 5369 5276 5305 5986 5223 5241 5530 5377 5594 5423 5440 5360 4826 5386 5364 5114 5513 5216 5407 5153 5431 5939 5818 5528 5388 5548 5344 5288 5621 5818 5414 5289 5252 5929 5333 5155 5582 5580 5676 4886 5359 5518 5507 5023 5672 5372 5293 5442 5530 5508 5377 5608 5431 5387 5335 6196 5471 5265 5219 5756 5345 5531 5419 5551 5416 5253 5430 5897 5324 5496 5008 5239 5014 5129 5969 5599 5251 5574 5235 5884 5568 5875 5276 5267 5757 5049 5579 4878 5185 5463 5500 5538 5442 5391 5209 5577 5270 5122 5316 5783
4869 4916 5149 4481 5132 4654 4967 4989 4727 4794 5014 5043 4492 4904 4929 4948 5364 4487 4806 4791 5009 4775 4783 4550 5341 4997 5114 5014 4851 5008 4820 5064 4676 4530 5218 5018 5010 4806 5002 4712 4706 4946 5574 5003 4810 4979 5439 5129 4825 4892 4822 4811 5318 4705 5386 4650 5244 4935 4837 5162 4707 5379 5223 5028 4964 5264 5037 5094 5275 4825 4546 5130 4898 5112 5026 4872 5133 4738 4891 4584 4669 4745 5079 4968 5287 4785 4660 5006 4715 4974 4851 4803 5370 4887 4801 4884 4849 5022 4768 4935 4354 4880 4584 4930 5338 4957 4969 4683 5263 4674 4814 5044 4949 4793 4767 4588 4995 4624 4681 4681 5326 5426 5010 4970 4917 4726 5352 4615 5337 5078 5006 4728 4831 4999 5159 4724 5199 4556 5141 5091 4749 5271 5275 5050 4938 4700 5109 4700 4850 4924 4800 4946 5183 5336 4991 5126 5129 4852 4888 5287 4595 4582 5088 4921 5077 5150 4743 4699 4560 4941 5004 4767 4866 4716 4844 5117 4737 5423 5189 4826 4932 4794 4824 4725 5076 5771 4714 4947 4752 5382 4745 4536 5053 4911 5053 4516 4908 4808 4933 4591 5050 4847 5069 5068 4795 4913 4933 5205 5078 4728 5084 5694 5120 4714 4857 5132 4852 5300 4996 4969 4700 4525 4890 5267 4972 4791 4796 4854 4851 4579 5122 5349 5052 4897 5008 5407 5101 5016 4618 5010 5244 4430 5005 4420 4960 4770 4906 4886 5199 4670 4947 5101 4414 4695 4914 5326
4712 5282 5423 4804 4910 4683 5012 4995 4854 5243 5027 5175 4731 5218 5140 4705 5358 5090 4935 5070 5202 4910 5046 4620 5286 5202 5104 4665 5121 5073 4947 5092 4911 4613 5227 4993 5008 4900 4870 4928 5186 5034 5272 5028 4838 5427 5524 5048 4821 5104 5189 4510 5390 4775 5011 5031 5323 5064 4922 5082 5101 5688 5111 4817 4920 5244 5177 5454 5413 4939 4793 5138 5108 5081 5031 5224 4898 4836 4950 4773 4716 4755 5031 5241 5385 5270 5023 5441 5043 5175 5309 5120 5190 5349 4832 5147 5031 5026 4810 5156 4463 5079 5088 4838 5618 4959 4951 5075 5334 4711 4743 4831 5058 4872 4968 4111 5334 5047 4971 5008 5085 5232 4962 4996 5180 4857 5043 5293 5351 5168 5105 5075 5424 5054 5358 4949 4988 4964 5106 4934 4818 5427 5538 5459 4946 5004 5173 4679 4956 5125 5066 5136 5280 5408 5029 5152 5200 5139 4909 5605 5077 4771 4967 5376 5312 5285 5014 4904 5007 4877 5136 4594 5018 4654 5195 4951 5379 5516 5232 4974 5147 4809 5051 5050 5080 5640 4883 5133 4929 5408 4823 4854 5266 5109 5192 4962 5577 5099 4763 5007 5463 5394 5211 4980 5114 5151 4997 5287 5169 5327 5152 5513 5070 4975 4710 5321 5088 5165 5253 5266 4974 4895 5066 5580 5064 5367 4722 5127 4948 4748 5638 5348 4922 5356 4875 5362 5308 5618 4729 5276 5392 5037 5250 4447 4662 5158 4794 5345 4926 5166 4775 5029 4692 4723 5193 5456
5385 5436 5923 5216 5315 4859 5423 5490 5566 5594 5595 5692 5054 5596 5211 5421 5869 5240 5459 5522 5875 5306 5668 5204 5896 5643 5797 5416 5504 5742 5622 5623 5240 5174 5594 5546 5597 5229 5473 5448 5590 5585 5691 5290 5215 5796 6037 5511 5410 5377 5490 5192 5976 5710 5581 5445 5760 5647 5727 5740 5573 6263 5603 5607 5567 5609 5682 6004 6164 5274 4977 5542 5793 5565 5747 5618 5407 5438 5216 5186 5524 5216 5509 5548 5630 5291 5439 5843 5694 5552 5807 5255 5865 5936 5338 5645 5292 5151 5149 5576 5226 5690 5206 5472 6070 5158 5228 5459 5749 5303 5253 5214 5605 5232 5382 4920 5739 5530 5222 5223 5768 5881 5724 5611 5739 5353 5752 5441 5772 5413 5622 5739 5739 5625 5566 5254 5922 5569 5422 5718 5109 5877 5695 5971 5238 5117 5820 4997 5391 5476 5766 5654 5875 5636 5537 5526 5521 5648 5455 6068 5138 5086 5273 5468 5541 5580 5341 5432 5093 5529 5560 5296 5247 5258 5559 5463 5529 5918 5820 5213 5473 5556 5212 5467 5800 6013 5505 5580 5116 6123 5639 5001 6054 5608 5612 5229 5545 5479 5443 5402 5880 5574 5547 5549 5646 5627 5532 5690 5528 5568 5581 6282 5438 5289 5098 5654 5611 5609 5584 5518 5346 5045 5531 5968 5812 5610 5085 5520 5473 5499 6262 5910 5484 5896 5597 5891 5503 6006 5071 5598 5870 5113 5676 5024 5252 5842 5467 5336 5667 5413 5261 5653 5031 5080 5615 5830
4704 4825 5084 4758 4764 4588 4937 4741 4536 5036 4756 5007 4347 5006 4890 4875 5067 4406 4393 4706 5131 4774 5021 4496 5467 4850 4734 4899 4896 5100 4893 5063 4493 4267 4761 4575 4951 4690 4772 4588 4677 5051 5386 4929 4472 5132 5031 5036 4866 5055 4778 4488 5024 4674 5340 4911 5161 4574 4774 5090 4916 5582 4842 4718 4875 5095 5062 5146 5100 4852 4723 4977 4885 4761 5280 5089 5129 4678 4525 4575 4614 4539 4891 4678 5101 4935 4792 5279 4642 4877 4916 4708 4994 5026 4933 5156 4704 4677 4759 4959 4251 4683 4765 4802 5317 4553 4961 4865 4987 4494 4538 4671 5142 4715 4697 4413 4864 4938 4639 4873 5061 5148 5027 4941 4986 4826 5158 4732 5060 4940 4800 4841 4921 4893 5095 4734 4943 4743 5113 5016 4456 5111 5055 5087 4789 4738 4898 4513 4567 4702 5045 4931 5212 5063 4992 4904 5207 4765 4965 4889 4651 4729 4633 4931 4936 5097 4747 4585 4529 4946 4963 4284 4704 4629 4947 4852 4815 5358 5332 4666 5044 4816 4787 4534 4723 5384 4715 4728 4829 4890 4877 4607 5195 4948 4911 4583 4776 4865 5082 4866 5002 4687 5178 4811 5081 5165 4724 5165 4980 4702 5035 5632 4952 4460 4365 5090 4942 4983 4858 4723 4735 4605 4645 5599 5055 5152 4554 4807 4758 4691 5375 5160 4751 4765 4706 4962 4594 5186 4660 5299 5247 4677 4858 4450 4868 4841 4864 4928 5113 4869 4777 4659 4644 4677 4833 5028
5315 5468 5709 5284 5011 5166 5443 5570 5404 5541 5303 5583 5092 5704 5283 5276 5853 5136 5103 5425 5464 5093 5267 4958 5701 5592 5664 5287 5439 5471 5172 5284 4866 5001 5466 5243 5498 5564 5364 5206 5469 5543 5910 5087 5194 5578 5929 5544 5432 5544 5544 5169 5646 5360 5822 5592 6016 5472 5416 5603 5149 5894 5621 5411 5510 5438 5459 5906 5844 5239 5109 5592 5659 5527 5554 5617 5544 5524 5357 5331 5553 4864 5532 5695 5731 5439 5024 5552 5418 5569 5301 5250 5708 5699 5029 5395 5162 5405 5141 5220 4985 5515 5170 5364 5723 5091 5339 5595 6048 4969 4858 5199 5659 5011 5198 4780 5622 5437 4825 4953 5802 5855 5596 5482 5700 5227 5651 5188 5572 5638 5249 5417 5552 5126 5659 5188 5384 5245 5521 5466 5368 5862 5477 5541 5531 5250 5626 4935 4996 5406 5504 5464 5743 5901 5625 5687 5645 5660 5411 5564 5397 4983 5480 5380 5580 5416 5402 5103 4940 5510 5573 5106 5203 5390 5481 5510 5516 5765 5836 5231 5325 5247 5199 5291 5345 6032 5303 5358 5493 5665 5375 5138 5756 5582 5656 5083 5772 5330 5132 5381 5853 5394 5416 5783 5788 5628 5355 5614 5661 5556 5459 6160 5530 5269 5013 5599 5587 5390 5626 5200 5268 5370 5214 5875 5536 5836 4809 5410 5221 5341 6016 5693 5312 5435 5267 6019 5376 5708 5136 5464 5667 4933 5463 5005 4949 5318 5257 5523 5648 5227 5160 5595 5218 5122 5317 5714
4824 5444 5441 5123 5021 4706 5044 5042 5186 4959 4951 5229 4639 5244 5268 5178 5486 5291 4889 5293 5543 4937 5263 4589 5497 5096 5350 5189 5036 5143 5203 5301 4931 5044 5082 4981 5371 4934 4893 4946 5287 5205 5597 5185 4946 5227 5653 5455 4964 5128 5266 4867 5486 5125 5248 5211 5279 5019 5138 5127 4940 5851 5205 5031 5239 5282 5301 5602 5449 4853 4674 5325 5192 5150 5185 5111 5158 5217 4973 4888 5020 5044 4881 5193 5459 5063 4891 5385 5031 5110 4962 5062 5317 5307 4889 5184 4995 4890 5205 5423 4583 5172 4846 5292 5652 4921 5067 5024 5446 4955 5145 5023 5044 4766 5082 4931 5534 5357 4898 4725 5492 5556 5356 4829 5185 4806 5583 5184 5405 5149 5027 5293 5591 5186 5248 5100 5403 5185 5022 5105 4781 5604 5713 5276 4959 4868 5199 4799 4881 5157 5144 4960 5336 5403 5296 4939 5191 5175 4997 5671 5086 4959 5294 4997 5402 5438 5118 5126 4809 5075 5325 4706 4869 4849 5026 4862 4910 5637 5334 4962 5095 5232 5029 5174 5257 5972 4917 5203 5005 5263 5061 4805 5668 5173 5455 4556 5251 5079 5180 5067 5319 5224 5243 5311 5278 5141 4858 5246 5244 4791 5293 5832 5091 4774 4919 5212 4934 5304 5470 5303 5368 4896 5293 5405 5469 5018 4656 5142 4903 5022 5567 5271 5022 5256 4738 5454 5121 5363 4797 5138 5890 4977 5109 4780 4887 5007 5153 5219 5292 5267 4836 5079 4891 4794 5153 5408
4867 5066 5246 4869 4839 4662 5088 5121 4994 5265 5098 5352 4759 5320 5026 5109 5291 5023 5015 4861 5170 4882 5056 5075 5639 5168 5190 5081 5326 5170 5082 5412 4921 4576 5105 4694 5372 5067 5336 5209 5184 5022 5617 5125 5030 5393 5631 5176 5129 5060 4932 4732 5247 4980 5470 5110 5353 5040 5143 5380 5147 5739 5663 4997 4976 5182 5207 5418 5471 4855 4633 5231 5290 5011 5289 5325 5045 4739 5148 5005 5063 4690 4956 5313 5394 5055 4836 5105 5092 4999 5432 4907 5268 5540 4929 5365 4913 5153 4925 5162 4913 5230 4851 5133 5483 4836 5244 4980 5446 4983 4729 4912 5266 4789 5062 4598 5290 5292 4926 5027 5400 5440 5213 5008 5341 4701 5310 5164 5054 5115 5134 5123 5103 4757 5304 4870 5133 5004 5069 5336 4730 5485 5325 5061 5218 4859 5405 4488 4963 5098 5190 5452 5564 5398 5216 5097 5083 5080 5093 5452 4882 5012 4992 5148 5232 5439 4969 5258 4657 4977 5270 4714 4988 4756 5114 4737 4973 5378 5326 4977 5304 5038 5015 4878 5132 5560 4946 5156 5123 5228 5132 4971 5699 5216 5335 4923 5012 5105 5075 5011 5295 5301 5124 5303 4891 5133 5031 5511 5231 4978 5126 5522 5249 5045 4788 5399 4963 5204 4939 4897 4994 5075 5264 5677 5013 5074 4599 4918 5016 4854 5625 5134 4997 5541 4795 5289 5220 5677 4822 5256 5547 4968 5039 4932 5007 5245 4890 5197 5425 4874 5202 5095 4714 4664 4714 5286
4928 5473 5327 4991 4950 4656 5002 5238 5068 5253 5289 5499 4673 5299 5066 5169 5550 5136 5036 5278 5543 5084 5219 4739 5494 5449 5308 5413 5283 5357 5226 5141 4794 4664 5114 4939 5143 5218 5186 5083 5324 5453 5775 5217 4808 5257 5523 5338 5166 5223 5179 4743 5372 5159 5318 5404 5410 5150 5280 5511 5210 5715 5517 5173 5466 5133 5460 5474 5299 4894 4890 5403 5205 5167 5603 5157 5435 5055 5131 4933 5287 4887 5193 5213 5339 5242 4978 5411 5216 4998 5220 5007 5626 5603 4999 5399 5223 5322 4972 5477 4729 4939 4969 5415 5480 4925 5259 5209 5435 4853 4839 4729 5244 4798 4990 4642 5177 5179 4889 4956 5464 5510 5192 5067 5160 5093 5493 5281 5221 5206 5116 5467 4970 5368 5250 5206 5435 4986 5360 5148 4824 5352 5501 5125 5103 5011 5470 4688 5139 5470 5485 5260 5576 5444 5101 4976 5393 5367 5030 5509 5009 5208 5052 5197 5379 5193 5137 4955 4587 5076 5286 5052 5070 5121 5187 5041 5271 5790 5316 5237 5201 5169 5103 5334 5498 5753 5099 5196 5007 5569 4979 4996 5645 5160 5137 4931 5284 5322 5250 5200 5476 5184 5239 5111 5131 5374 4868 5586 5202 5034 5422 5706 5328 5195 4898 5170 5392 5350 5221 5250 5034 4988 5164 5695 5603 5413 4764 5228 4973 5111 5514 5555 4955 5279 5146 5313 5283 5394 4944 5081 5653 4731 5068 4785 4916 5039 5309 5361 5172 5369 5055 5217 5107 4871 4973 5567
4992 5210 5476 4707 4901 4708 4930 5320 5286 5055 4884 5517 4947 5380 5131 5343 5525 5165 5106 5027 5618 5021 5308 5070 5572 5411 5396 5268 5262 5189 5261 5416 4792 4759 5155 4779 5347 5361 5139 5231 5349 5404 5678 5212 5049 5645 5526 5331 5020 5177 5166 4665 5729 5389 5590 5564 5535 5198 5378 5381 5213 5658 5271 5272 5400 5431 5237 5570 5415 5137 5063 5521 5289 5233 5293 5586 5203 5229 5305 5006 5058 4897 5161 5352 5643 5371 4691 5305 5214 5035 5050 4910 5429 5578 4982 5249 4958 5082 5076 5347 4700 5322 4766 5136 5988 4939 4954 5049 5426 4975 4784 4998 5134 4964 4998 4528 5420 5232 4776 5031 5458 5660 5529 5117 5346 4950 5478 5089 5311 5234 5448 5142 5087 5312 5235 5121 5202 4868 5389 5207 4643 5577 5714 5362 5050 5129 5434 4669 4897 5368 5615 5134 5439 5517 5490 5338 5115 5390 5168 5643 5004 4882 5314 5048 5443 5368 5098 5001 4771 5014 5109 4901 5225 5310 5136 4970 5132 5464 5648 5198 5273 5237 5035 5184 5400 5973 5275 5080 5036 5512 5173 4674 5598 5465 5376 4919 5087 4991 5206 5052 5557 5320 5193 5314 5262 5353 5361 5556 5360 5184 5171 5809 4965 5106 4757 5100 5200 5322 4994 5044 5138 4938 5296 5482 5284 5296 4864 4865 5227 4750 5661 5407 5245 5322 4886 5588 5306 5446 4939 5015 5588 4925 5207 4898 5088 5310 5109 5212 5548 5109 5003 5264 5033 4763 5104 5247
5273 5421 5777 5033 4924 4837 5418 5205 5329 5487 5445 5494 4841 5749 5223 5220 5658 5178 5206 5189 5540 5080 5292 5149 5577 5568 5661 5277 5182 5273 5469 5543 4880 4809 5565 5194 5477 5429 5507 5240 5411 5628 5961 5362 5269 5487 5849 5398 5310 5399 5299 5025 5612 5228 5839 5381 5870 5212 5260 5700 5439 5944 5659 5340 5262 5304 5758 5974 5740 4919 4872 5587 5222 5383 5679 5536 5531 5527 5286 5045 5298 5256 5264 5559 5646 5619 5213 5627 5272 5405 5246 5249 5730 5712 5240 5466 5020 5094 4967 5375 5032 5385 5161 5291 5721 5270 5336 5281 5629 4860 5206 5090 5442 4889 5097 4862 5697 5493 5176 5232 5545 5828 5640 5234 5461 5075 5472 5301 5722 5169 5222 5465 5494 5397 5536 5123 5583 4927 5385 5495 4844 5860 5738 5460 5253 4877 5487 4875 5387 5231 5464 5531 5817 5639 5210 5319 5451 5269 5347 5654 5214 4899 5429 5429 5439 5430 5255 5361 4910 5351 5326 5094 5216 5208 5433 5446 5280 5880 5687 5373 5563 5219 5031 5123 5438 6005 5250 5412 5285 5750 5182 5037 5668 5396 5501 4963 5451 5235 5282 5207 5726 5451 5396 5337 5596 5587 5290 5680 5717 5259 5511 6014 5277 5222 5135 5542 5525 5471 5442 5387 5282 5080 5463 5954 5345 5046 4932 5194 5329 5321 5735 5459 5230 5598 5096 5756 5441 5522 4914 5337 5921 5049 5300 4920 4905 5328 5215 5388 5596 5361 5125 5277 5029 4984 5448 5704
5195 5541 5592 4994 5100 4744 5258 5242 5310 5704 5289 5705 4930 5919 5219 5288 5661 5264 5247 5082 5677 5205 5435 5188 5712 5558 5463 5492 5435 5175 5348 5210 4958 4825 5464 5082 5554 5392 5289 5284 5139 5445 5729 5322 5063 5863 5686 5490 5681 5428 5370 5236 5816 5098 5762 5307 5682 5155 5614 5624 5472 5969 5521 5014 5596 5382 5574 5911 5588 5334 4908 5253 5332 5336 5448 5303 5251 5508 5298 5192 5409 4951 5125 5437 5759 5122 5492 5338 5309 5400 5373 5020 5586 5661 5351 5456 5205 5320 5167 5557 5008 5510 5095 5058 5828 5060 5316 5244 5509 4986 5095 5105 5288 5110 5197 4831 5702 5732 5235 5270 5532 5686 5210 5065 5496 4929 5832 5586 5464 5313 5678 5433 5547 5393 5661 5602 5463 5050 5455 5351 5054 5568 5871 5480 5074 5177 5876 4828 5339 5631 5466 5558 5887 5729 5499 5226 5457 5351 5381 5924 5240 5345 5643 5449 5600 5793 5252 5297 4986 5174 5330 4849 5377 5067 5379 5242 5353 5824 5774 5298 5642 5406 5381 5227 5456 5888 5451 5402 5011 5683 5272 5071 5593 5486 5537 4915 5391 5322 5393 5052 5686 5330 5246 5354 5167 5365 5365 5772 5391 5468 5396 6295 5439 5376 4946 5431 5341 5476 5661 5382 5307 5034 5585 5718 5453 5181 4898 5165 5268 4983 5969 5577 5514 5423 5188 5563 5440 5499 5218 5385 5892 5114 5318 4869 5163 5565 5449 5473 5670 5272 5164 5429 5175 5384 5391 5907
4898 5173 5433 5145 5070 4622 5246 4962 5267 4893 5056 5162 4557 4860 4849 4801 5327 4970 4357 4976 5329 5135 4866 4754 5615 5259 5040 4999 5264 5060 5017 5275 4775 4563 5196 4967 4954 5184 4723 5034 5332 5004 5470 4869 5037 5377 5726 5167 4822 4998 5273 4747 5227 5070 5372 5176 5190 4872 4968 5196 4917 5567 5108 4904 5046 5255 5249 5150 5766 4807 4607 5401 5304 5168 5318 5075 5054 4726 5022 4781 5152 4799 4930 5111 5239 5274 4817 5248 5011 5264 4938 4910 5458 5210 4596 5397 4801 4693 4818 5153 4681 4984 4870 4875 5242 5062 5214 5190 5415 4775 4781 4961 5109 4739 5250 4675 5313 5173 4674 4821 5262 5348 5552 4969 5151 4702 5474 5031 5295 5128 4872 5105 5437 5047 5044 5062 5238 4399 5127 5032 4702 5238 5563 5182 5112 4757 5164 4597 4545 5026 5094 4832 5354 5240 5024 5024 5060 4961 4970 5290 4964 4999 5280 5106 5249 5299 5046 5096 4647 4995 5117 4825 4949 4811 5095 5159 5144 5265 5158 4793 5121 5144 4973 4854 5183 5475 4715 5143 5033 5193 5217 4830 5575 5239 5554 4826 4962 4993 5091 4753 5588 5067 5033 5399 5185 5116 4997 5202 5171 5013 4880 5730 5167 5096 5042 5327 4976 5035 5289 5007 5083 4990 5079 5492 4980 5107 4818 5128 5202 4949 5600 5116 5060 5111 4983 5230 5025 5307 4760 5031 5433 4915 5069 4460 4734 4914 5237 5086 5416 4850 4977 5178 4988 4682 4816 5295
4521 4629 4705 4487 4229 3865 4562 4541 4626 4683 4486 4538 4220 4682 4601 4366 4775 4495 4459 4537 4835 4361 4606 4311 4808 4908 4716 4657 4575 4559 4530 4617 4293 4197 4740 4296 4845 4288 4495 4577 4955 4585 5065 4651 4411 4777 5019 4666 4817 4519 4486 4298 4670 4534 4815 4425 4587 4401 4532 4947 4492 5287 4632 4460 4531 4629 4518 5021 4958 4463 4214 4833 4646 4732 4527 4684 4422 4461 4608 4194 4645 4152 4331 4461 4792 4521 4362 4618 4526 4747 4757 4595 4591 4681 4505 4726 4403 4401 4524 4418 4229 4491 4542 4540 4803 4347 4438 4361 4852 4285 4148 4429 4454 4246 4568 3981 4602 4666 4264 4689 4748 4934 4784 4423 4540 4144 4934 4565 4798 4658 4672 4931 4792 4424 4688 4753 4746 4545 4554 4526 4500 4890 5132 4724 4471 4228 4739 4136 4412 4723 4571 4594 4848 4835 4453 4468 4733 4695 4512 4892 4343 4419 4573 4536 4791 4699 4554 4206 4440 4661 4697 4342 4553 4497 4458 4405 4852 5049 4853 4530 4511 4474 4551 4606 4604 5207 4626 4621 4515 4757 4506 4152 4583 4811 4444 4272 4729 4758 4386 4451 4822 4484 4597 4745 4361 4696 4471 4935 4760 4445 4714 5114 4578 4523 4462 4932 4709 4702 4680 4556 4309 4455 4624 5139 4618 4332 4053 4508 4646 4521 4974 5036 4409 4792 4360 4801 4549 4764 4219 4446 4822 4556 4604 4039 4403 4606 4478 4673 4744 4523 4375 4578 4216 4390 4538 4923
5049 5247 5325 4990 5016 4653 5202 5074 5260 5079 5034 5245 4780 5191 5003 4880 5590 4980 4925 5132 5468 4976 5092 5026 5404 5330 5446 5012 5246 4910 5240 5022 4785 4790 5179 5084 5271 5038 5036 5153 5227 5261 5764 5287 4746 5558 5549 5276 5188 5291 5328 4767 5653 5077 5510 5437 5247 4986 5052 5457 5317 5825 5138 5077 5335 5094 5174 5529 5483 5113 4758 5341 5275 5078 5300 5153 5320 5103 4936 5003 5395 4657 5088 5295 5537 5281 5077 5372 5102 4944 5142 4759 5494 5430 4960 5235 4754 4879 4983 5242 4629 5051 4788 5228 5439 4788 4880 5131 5311 4843 4824 4983 5025 4960 4952 4675 5349 5252 4842 4960 5244 5459 5320 4886 5119 4843 5502 4916 5352 4984 5266 5226 5557 4973 5284 5187 5458 4823 5260 5115 4907 5408 5410 5396 5006 5124 5273 4542 4853 5228 5259 5123 5278 5503 5409 5077 4965 5028 5290 5612 5047 4897 5350 5163 5271 5177 5119 4869 4811 5172 5038 4980 5093 4815 5066 5122 5491 5509 5579 4808 5288 5020 5126 5053 5270 5407 5170 5115 5093 5431 5098 4577 5523 5186 5351 4884 5178 5192 5392 5059 5382 5335 5014 5188 5302 5354 5057 5553 5133 4879 5159 5818 5162 5192 5102 5395 5321 5048 5224 5065 4830 4951 5180 5602 5105 5552 4744 4932 5230 5122 5479 5360 5218 5324 5057 5498 5231 5406 4853 5286 5399 4791 5152 4763 4683 5017 5108 5122 5330 5094 4932 5260 4912 4881 4957 5424
4907 4999 5258 4948 4845 4721 4927 4894 5060 4849 4929 4970 4729 5305 5267 4851 5574 5132 5078 4980 5386 4894 5099 4803 5435 5244 5046 5111 5038 5069 5137 5091 4861 4740 5191 4909 5167 4939 4922 4991 5199 4970 5332 4986 4984 5349 5768 5186 5084 5025 4977 5170 5143 4800 5228 5055 5412 4888 5003 5239 5329 5602 5239 4947 5280 5163 5258 5267 5305 4764 4644 5287 5385 5215 5247 5212 4875 5235 4948 4831 5075 4879 4907 4957 5376 5362 4780 5091 5089 5208 5076 4780 5519 5391 4970 5167 5021 4800 4615 5118 4503 5157 4858 5166 5436 5051 5138 5276 5406 4434 4863 4755 5049 4864 4959 4589 5407 5012 4687 4800 5377 5252 5036 4811 5071 4803 5430 5155 5193 5128 5166 5245 5124 4897 5181 4988 5148 4861 5272 5037 4890 5567 5520 5528 5132 4866 5187 4802 4851 5213 5210 5150 5454 5460 4919 5068 5265 5236 5027 5562 4898 5010 5068 5078 5418 5315 5001 4767 4847 5175 5125 4648 4827 4990 4975 5071 5381 5517 5228 5048 5111 5260 4954 4854 5138 5575 5064 5027 5090 5236 5087 4878 5539 5235 5135 4706 5162 5203 4948 4851 5464 5169 4957 5373 5368 4967 5124 5117 5188 5130 4955 5895 5057 4973 4636 5389 5199 5237 4901 4998 5070 4781 5270 5342 5072 5083 4762 5063 4910 4681 5492 5318 5172 5026 4807 5326 5207 5278 4885 5035 5193 4830 5116 4558 4714 4887 4837 4971 5166 5088 5007 4912 4904 4862 5060 5551
4675 4819 5143 4747 4822 4783 4929 4782 4898 4806 5089 4892 4485 5170 4897 5025 5522 4778 4916 4995 5316 4754 5269 4528 5223 5268 5174 4976 5074 4957 5056 5210 4429 4688 5044 4829 4974 5037 5035 4768 5037 4869 5247 4723 4817 5078 5459 4866 4942 4849 4893 4745 5299 5019 5338 5025 5240 5006 5032 5220 5269 5430 5073 5056 5309 5223 4986 5336 5189 5195 4706 5086 4994 4975 5423 5030 5061 5025 4986 4751 5061 4608 4899 4981 5085 4940 4876 5196 4905 4773 4617 4705 5254 5142 4695 4917 4967 4796 4607 4872 4850 5331 4575 5161 5479 4731 4715 5008 5101 4830 4773 4709 4990 4639 4849 4421 5256 5152 4635 4921 5085 5233 5085 4838 4792 4423 5139 4795 4978 4954 5157 5235 5086 4864 5264 5008 5141 5000 5059 4889 4715 5056 5274 5103 4750 5049 5261 4366 4834 5166 5206 4938 5434 5516 5187 4867 5241 5112 4892 5319 4492 4922 4991 4882 5067 5158 4916 4883 4449 4778 4978 4631 4648 4925 4789 4976 4623 5267 5514 4864 5060 5062 4993 5012 5223 5604 4807 4964 4925 5204 5016 4626 5447 5369 5177 4740 4986 4858 5022 4912 5071 5114 4955 5021 5037 5376 4977 5208 5114 4592 4973 5802 4903 4788 4616 5222 5124 5056 5075 4970 4919 4852 5127 5039 5076 4952 4342 4676 4724 4812 5264 5330 4901 5186 4694 5172 4864 5081 4872 5005 5318 4699 4869 4449 4614 5021 4707 4900 5277 5004 4877 4923 4576 4696 5184 5197
4858 4803 5159 4820 4979 4415 4834 4672 4985 4952 5251 4920 4641 5032 4613 4606 5177 4673 4582 4753 5065 4487 4543 4512 5430 5151 5007 4780 4990 4896 4791 5116 4381 4513 5172 4816 5110 5006 4749 4746 4941 4875 5441 4961 4685 5283 5548 4868 4804 4802 5015 4644 5034 5062 5209 5070 5348 4968 4733 5077 4900 5318 4893 5051 4745 5003 5007 5189 5424 4914 4737 5238 4782 4958 4957 5008 5166 4638 4917 4801 4939 4664 4953 4976 5084 5018 4645 5329 4823 4843 4872 4675 5317 5070 4717 5283 4931 4701 4582 4710 4523 4852 4796 4693 5155 4882 4895 4973 5134 4284 4620 4809 4867 4520 4753 4346 5109 4901 4788 4851 4960 5206 5116 4750 4890 4605 5070 4880 5111 5012 4845 5098 5294 4903 5304 5028 4958 4615 4997 4786 4615 5332 5252 5110 4855 4732 5019 4308 4769 4924 5059 4915 5304 5114 5083 4925 4864 4875 4649 5235 4851 4490 5002 4814 5002 5258 4905 4641 4560 4890 4852 4699 4782 4836 4861 4748 4899 5230 5470 4825 4876 4648 4848 4790 5074 5495 4846 4880 4739 5016 4784 4662 5272 5018 4803 4558 5062 4733 4738 4620 5172 5169 4870 4929 5246 4988 4734 5207 5079 4813 4836 5457 4957 4835 4509 5200 5009 4958 4931 4766 4698 4701 5188 5494 4763 5016 4568 4715 4733 4805 5128 5139 4948 5032 4887 5184 4956 5329 4786 4801 5354 4892 5112 4260 4751 4857 4667 4906 5075 4831 4697 4830 4578 4423 4947 5270
5345 5637 5753 5065 5201 4775 5334 5320 5400 5081 5333 5375 4953 5471 5078 5120 5720 5117 5236 5157 5841 5069 5377 5002 5566 5540 5734 5326 5435 5324 5403 5581 4988 5079 5330 5229 5556 5143 5326 4854 5550 5563 5712 5107 5391 5613 6106 5490 5484 5610 5484 5080 5742 5276 5844 5473 5770 5328 5293 5497 5378 5841 5710 5237 5434 5417 5343 5983 5840 5595 5039 5409 5435 5309 5488 5581 5344 5514 5633 5404 5379 5048 5261 5366 5769 5552 5142 5606 5474 5264 5441 5077 5715 5795 5128 5579 5255 5214 5236 5504 4930 5382 5047 5429 5649 4945 5418 5416 5522 5091 5166 4945 5238 5149 5040 4991 5593 5316 5286 5219 5720 5946 5688 5227 5438 5101 5710 5542 5655 5399 5542 5355 5384 5273 5710 5279 5779 5246 5486 5549 4890 5447 5768 5686 5379 5060 5413 4762 5376 5494 5623 5488 5719 5696 5811 5389 5388 5415 5390 5973 5223 4926 5452 5452 5656 5714 5581 5030 5075 5399 5290 5087 5118 5173 5516 5188 5246 5915 5569 5407 5378 5199 5257 5620 5523 6126 5479 5293 5091 5712 5414 5127 6016 5503 5777 4956 5537 5485 5355 5333 5525 5529 5401 5439 5636 5659 5477 5582 5436 5505 5572 6039 5523 5320 4947 5673 5244 5574 5274 5419 5347 5148 5670 5770 5302 5361 4871 5047 5092 5369 5844 5705 5400 5714 5501 5783 5460 5698 5187 5452 5757 4965 5099 4878 5212 5505 5042 5597 5406 5666 5377 5260 5243 5317 5316 5853
4958 4874 5157 4680 4868 4555 5011 5023 5118 4936 4994 5238 4674 5082 5002 5250 5283 4808 4721 4862 5110 4823 4952 4547 5341 5187 5291 5002 5224 5045 5038 5185 4624 4621 5084 4925 5314 5343 5078 4885 4991 5129 5563 5117 4706 5136 5542 4914 5011 5147 5008 4722 5400 5111 5567 5060 5011 4921 4930 5169 5024 5426 5090 5094 4871 5175 5124 5179 5204 4780 4474 5305 5030 4808 5171 5015 4809 4899 5150 4797 5216 4625 4811 5176 5071 5152 4640 5055 4985 5011 5220 4799 5369 5343 4900 5342 4738 5127 4739 5051 4591 5148 4481 4798 5332 4772 4894 4870 5154 4884 4696 4727 5103 4919 4955 4481 5134 5042 4565 4746 4944 5293 5438 4796 5116 4812 5102 5070 5246 4835 4910 5123 4843 5002 5361 4853 5286 4729 5134 4973 4869 5198 5422 5013 4870 4882 5498 4671 5051 5017 5264 4980 5366 5538 5112 4945 5055 5139 5113 5322 4864 4891 4958 5039 5186 5367 5139 5221 4552 4976 4880 4780 4850 5060 4886 4965 4999 5433 5333 4903 5049 4978 4834 5229 5256 5429 4891 5059 4795 5557 4857 4505 5474 4875 5089 4625 5023 4905 5028 5148 5215 5155 5123 5223 5078 5249 4959 5484 5021 4812 5144 5606 5178 4740 4897 5075 4940 5190 4874 5193 4657 4901 5066 5392 5115 5250 4803 4674 4943 4804 5577 4983 4993 5256 4878 5291 5012 5362 4774 5077 5411 4592 4849 4706 4942 5113 5144 5141 5194 4885 5006 4947 4493 4635 4792 5256
5056 5347 5545 4980 5178 4811 5197 5198 5167 5175 5137 5205 4807 5082 5116 4827 5469 4838 4856 4964 5230 4993 5290 4651 5554 5397 5300 5007 5119 5396 5242 5226 4993 4684 5065 4783 5310 5028 5214 4926 5195 5181 5644 5220 4864 5364 5508 5232 5047 5223 5427 4610 5419 5156 5548 5124 5343 5152 5097 5310 5158 5733 5143 5111 5082 5126 5163 5566 5390 5146 4819 5154 5216 5143 5546 5261 5100 4968 5051 4985 5034 4974 4977 5317 5557 5126 4880 5476 5069 5032 5200 4947 5478 5452 5256 5254 4860 5086 5065 5252 4635 5162 5211 5190 5500 4811 4962 5155 5350 4919 4842 4938 5082 4867 5037 4698 5089 5393 4952 5132 5472 5506 4910 5049 5286 4857 5438 5196 5349 5139 4995 5041 5452 5034 5309 4858 5241 4803 5399 5105 4862 5365 5678 5378 5227 4828 5455 4859 4926 5182 5184 5221 5525 5600 5259 4861 5246 5016 5314 5515 5013 4876 5022 5204 5284 5399 5023 5089 4826 5001 5264 5110 5003 4741 5203 5147 5195 5635 5306 4984 5285 5085 5022 5140 5339 5652 4926 5193 5112 5519 5027 4872 5556 5082 5384 5094 5289 5214 5197 5097 5465 5442 5236 5049 5367 5148 4932 5584 5393 5021 5225 5749 5205 5000 4939 5387 5062 5529 5153 4894 5043 4909 5254 5502 5244 5024 4699 4883 4933 5285 5705 5166 5082 5227 5101 5337 5105 5655 4783 5378 5339 5015 5002 4460 5103 5245 4999 5111 5347 5238 4805 5004 4696 4708 5215 5383
5078 5477 5521 5099 5113 4976 5204 5376 5117 5181 5283 5506 5008 5476 5007 5284 5612 4841 4894 5234 5348 4955 5211 4621 5561 5356 5388 5287 5302 5181 5150 5442 4743 4847 5156 5306 5561 5319 5473 5207 5319 5290 5914 5348 4856 5454 5857 5504 5235 4898 5346 4719 5470 5296 5775 5423 5283 5253 4981 5479 4960 5853 5570 5176 5270 5357 5243 5476 5399 5104 4808 5378 5348 5362 5469 5353 5362 4939 5524 5102 5276 4739 5158 5400 5362 5293 5171 5467 5202 5298 5299 5109 5626 5585 5277 5558 4936 5391 4795 5338 4808 5284 4898 5335 5533 5065 5162 5122 5559 4840 4807 4854 5239 4954 4885 4565 5337 5189 5226 5005 5234 5538 5538 5259 5063 4931 5367 5223 5387 5267 5354 5099 5332 5168 5548 5185 5367 4828 5129 5212 4946 5730 5539 5104 5240 5189 5479 4798 5145 5406 5392 5407 5646 5367 5430 5194 5299 5260 5098 5580 5203 5098 5468 5205 5332 5398 5386 4900 4759 5176 5100 4945 5261 5041 5363 5148 5422 5674 5634 5100 5321 5202 4922 5087 5488 5832 5088 5303 4977 5663 5253 4959 5629 5445 5479 5091 5340 5320 5309 5156 5489 5513 5117 5091 5259 5419 5190 5657 5406 4905 5451 5867 5341 5264 5092 5280 5493 5547 5151 5376 4964 5290 5259 5654 5270 5286 4976 4858 5154 5034 5794 5536 4833 5486 5291 5464 5450 5515 5060 5342 5785 4895 5218 4946 4941 5218 5277 5153 5334 5016 5267 5296 4727 5109 5043 5524
5231 5565 5698 5125 5195 5146 5456 5501 5227 5399 5491 5555 5002 5463 5440 5441 5863 5319 5396 5219 5651 5254 5477 5141 5891 5630 5606 5214 5632 5208 5236 5581 5101 5069 5747 5219 5892 5370 5249 5410 5516 5572 5973 5498 5449 5759 6031 5466 5377 5490 5720 5084 6015 5285 5959 5454 5452 5324 5353 5633 5487 5911 5684 5384 5416 5617 5633 5838 5648 5214 5255 5616 5615 5511 5733 5366 5323 5372 5417 5010 5487 5265 5276 5541 5655 5275 5355 5490 5411 5654 5544 5260 5828 5630 5408 5593 5170 5369 5301 5311 4889 5748 5114 5418 5870 5230 5414 5452 5884 5033 5121 5360 5353 5227 5374 4924 5624 5597 4944 5202 5818 5828 5510 5463 5719 5091 5678 5601 5448 5358 5552 5306 5556 5562 5713 5301 5429 5124 5513 5469 5085 5703 5919 5547 5182 5201 5541 5034 5101 5472 5423 5508 5874 5953 5520 5806 5260 5450 5587 5710 5283 5411 5698 5517 5647 5580 5274 5355 5085 5381 5435 5275 5291 4893 5325 5485 5566 5838 5894 5323 5669 5397 5251 5332 5489 5989 5451 5254 5281 5954 5411 5191 5965 5464 5608 5071 5657 5680 5428 5117 5406 5469 5600 5365 5627 5499 5449 5923 5666 5290 5378 6026 5776 5219 5302 5514 5478 5604 5384 5585 5317 5019 5477 5784 5432 5462 5116 5221 5043 5474 6022 5617 5101 5465 5161 5627 5629 5650 5074 5270 5618 5205 5456 5248 4939 5222 5280 5524 5546 5495 5266 5497 5012 5181 5548 5923
4923 5427 5718 5122 5082 4688 5198 5497 5165 5344 5256 5657 4981 5373 5164 5143 5568 5218 4919 5383 5392 5024 5318 4895 5670 5458 5445 5269 5455 5499 5312 5175 4954 4800 5327 5330 5396 5289 5045 5199 5590 5180 5767 5270 4905 5350 5917 5384 5085 5229 5119 4970 5455 5070 5571 5344 5734 5291 5169 5638 5073 6030 5383 5099 5351 5290 5276 5545 5485 5108 4954 5356 5681 5345 5494 5476 5323 5294 5035 5180 5380 5077 5244 5471 5412 5091 4958 5275 5101 5299 5119 4866 5535 5612 4884 5571 5242 4872 5104 5000 4695 5463 5022 5161 5650 4853 5239 5430 5634 4968 4676 5071 5169 5051 5184 4497 5388 5274 4943 5020 5353 5315 5399 5066 5247 4961 5432 5418 5495 5139 5274 5470 5263 5485 5400 5234 5357 5001 5359 5188 5146 5587 5703 5593 5223 5116 5469 4748 4962 5368 5247 5187 5591 5677 5513 5177 5154 5286 5485 5639 5240 4850 5450 5310 5360 5398 5357 5099 4625 5276 5311 5279 5143 4991 5475 5183 5198 5698 5449 4936 5259 5287 5142 5165 5381 5634 5161 5156 5242 5520 5211 4841 5795 5368 5550 4864 5310 5316 5151 4915 5769 5483 5200 5328 5134 5412 5106 5360 5638 5077 5207 5644 5095 5189 4933 5365 5421 5653 5228 5248 5140 4964 5325 5525 5316 5412 4844 5243 4997 5236 5785 5468 5351 5572 4966 5738 5422 5649 5166 5317 5606 4436 5131 4954 5150 5102 5348 5234 5081 5065 5192 5021 4955 4936 5120 5774
4879 5231 5413 5025 4788 4642 4976 5130 5085 5342 5492 5124 4932 5107 4946 4904 5695 5015 4750 4950 5030 4720 5199 4919 5578 5411 5531 5308 5287 5355 5158 5380 4830 4458 5166 4903 5337 5113 5053 5104 5211 5116 5564 5059 4728 5420 5683 5299 5157 5262 5292 4698 5526 5060 5439 5170 5687 5198 4981 5231 5160 5699 5369 5032 5056 5290 5472 5695 5575 5004 4680 5284 5338 5169 5513 5246 5356 5257 4975 4979 4875 4690 5006 5320 5345 5068 4838 5429 5136 5047 5189 5151 5556 5275 4998 5268 5087 5227 4985 5135 4875 5159 5067 5184 5524 5139 5427 5129 5498 4766 4892 4906 5076 4836 4973 4478 5496 5072 4847 5160 5060 5659 5149 5135 5222 4764 5490 5059 5473 5220 5189 5365 5151 4941 5564 4924 5381 5019 5357 5052 4860 5435 5701 5474 5114 5263 5308 4728 4974 5239 5219 5064 5573 5562 5106 5104 5304 4972 5019 5422 5115 4879 5154 5257 5239 5230 4947 4996 4852 5038 5132 4998 5130 4978 4974 5041 5122 5585 5487 5103 5208 4975 5016 4834 5195 5504 5056 5193 5318 5349 4805 5017 5394 4919 5100 4740 5118 5027 5146 4905 5549 5332 5147 5280 5101 5438 5165 5265 5454 4973 5080 5796 5250 5044 4825 5328 5468 5359 5276 4891 5090 5237 5411 5336 5170 5337 4746 5141 4875 5059 5624 5495 5136 5284 4705 5479 5242 5551 4947 5176 5480 4775 5309 4671 5016 5466 5189 5101 5405 5176 4893 5300 4802 4720 5091 5795
5074 4854 5311 4830 4951 4476 4937 5050 4939 5240 5118 5265 4491 5116 5062 5006 5392 4957 4909 4976 5364 5052 5135 4643 5360 5403 5328 4937 5096 5148 5003 4923 4607 4627 5147 5110 4884 5099 4879 4920 4943 5332 5518 4959 4865 5289 5624 5116 5087 5299 5034 4906 5193 5048 5376 5070 5324 5082 5119 5155 5215 5614 5095 5132 5193 5448 4930 5415 5234 5081 4782 5095 4979 5315 5275 5250 5148 5127 5019 4930 4889 4662 4811 5133 5175 4950 5002 5264 5030 4905 4938 4681 5355 5357 4994 5289 4804 4857 4741 4926 4758 5287 4740 5102 5389 4957 5124 5161 5358 4682 4816 4594 4977 4887 4812 4585 5162 4898 4840 4911 5360 5150 5161 4955 5281 4801 5593 5258 5152 4860 5053 5171 5036 5077 4998 5229 5359 4860 5144 5110 5008 5596 5335 5292 5296 5214 5688 4310 4866 5370 5140 5231 5191 5398 5219 4993 5326 5031 4905 5372 4965 4769 5174 5042 5092 5156 4924 4810 4500 5019 5155 4740 4850 4735 5134 5066 5036 5501 5397 4869 5139 5094 4988 4905 4965 5482 4967 5215 4889 5421 5155 4794 5591 5295 5153 4706 5198 5246 4897 4995 5308 5223 4952 5143 5087 5429 4825 5186 5084 4865 5105 5671 4903 4811 4621 5556 4980 5363 5030 5130 4852 4710 5106 5489 5172 4999 4673 5003 5161 5040 5547 5314 5113 5120 4853 5162 4843 5288 4772 5251 5498 4495 5051 4760 4775 5068 4946 5024 5488 5022 4754 5041 4783 4915 4960 5653
4713 5024 5240 4537 5047 4626 4913 5052 4990 4795 4774 5190 4716 4788 4724 4824 5087 4691 4616 4618 5040 4845 4815 4463 5419 5188 4990 4605 5009 4837 4821 5059 4469 4336 5059 4454 5010 4740 4663 4840 5143 5059 5646 4847 4764 5076 5488 4915 4643 5206 5156 4195 5241 4878 5322 4975 5341 5114 4760 4933 4956 5604 4980 4766 4809 5214 5095 5173 5260 4749 4408 5020 4938 4794 5282 4947 4659 5006 4717 4924 4817 4735 4738 4894 4847 4835 4790 4994 4478 4987 4870 4873 5267 5094 4875 5036 4579 4659 4620 4915 4431 4874 4708 4744 5381 4976 4881 5034 5522 4449 4631 4813 5130 4817 4766 4299 5161 4922 4666 4892 5144 5220 5082 4859 4800 4553 5090 4734 5003 5080 4813 4760 5173 4736 4988 4919 5169 4621 5048 5041 4724 5222 5003 5017 5013 4693 4922 4611 4574 5218 4924 4662 5197 5291 5026 4872 5085 5168 5032 5302 4822 4394 4993 4952 5256 4885 4886 4993 4479 4674 5165 4732 4775 4638 4508 4614 4678 5107 5021 4839 4862 4695 4922 4858 4911 5459 4855 4637 4938 5081 4612 4652 5186 5023 5146 4620 4992 4979 4907 4686 5393 4812 4763 4964 5083 4914 4744 5395 5168 4697 4928 5539 5129 4824 4558 5276 5168 5033 5149 4802 4866 4823 5106 5530 4694 4860 4587 4683 4758 4851 5366 5309 4963 5089 4679 5299 4988 5131 4476 4888 5129 4505 4734 4581 5045 4891 4841 4930 4938 5061 4669 4844 4740 4599 4775 5285
5062 5159 5527 4775 5100 4834 5136 5122 5091 5119 5073 5375 4828 5394 5328 5024 5431 5214 5216 5177 5637 5059 5188 4744 5499 5614 5211 5159 5519 5199 5194 5160 4794 4717 5235 4999 5414 4994 5092 5021 5431 5337 5813 5239 4934 5658 5599 5480 5214 5176 5302 4826 5457 4956 5646 5197 5483 5200 5255 5541 5323 5938 5589 4985 5274 5328 5386 5685 5465 4906 4829 5375 5451 5149 5483 5434 5199 5247 4995 5017 5185 4980 4851 5409 5526 5181 5249 5396 4973 5180 5289 5017 5619 5226 4880 5265 5155 4832 4975 5449 4504 4909 4941 5250 5688 5093 5227 5442 5626 4926 4956 5312 5128 4689 4948 4629 5510 5125 5139 5055 5373 5345 5298 5053 5296 4806 5653 5396 5190 5161 5202 5256 5208 5099 5325 5485 5421 4986 5308 4770 4978 5305 5502 5304 5129 5043 5304 4682 5271 5450 5395 5193 5544 5509 5085 4978 5174 5117 5270 5779 5137 5228 5177 4907 5408 5348 5305 5187 4827 5181 5072 4479 5211 4948 5186 5074 5323 5579 5495 5114 5217 5391 5134 4798 5184 5704 5073 4996 4955 5490 5157 5135 5445 5512 5556 4865 5258 5372 5034 5001 5386 5371 5187 5189 5199 5228 5351 5450 5288 5231 5305 5999 5578 5097 4907 5441 5233 5306 5424 5160 5041 5186 5347 5637 5172 5105 4733 5018 5032 5110 5467 5353 5413 5390 5166 5599 5517 5562 5032 5318 5529 4912 4908 4833 4953 4998 4939 5353 5271 5168 5340 5288 5056 4781 5057 5510
4995 5085 5202 4755 4768 4526 5105 4920 5056 5097 5088 5205 4442 5033 4726 4969 5278 5095 4983 5000 5110 4984 5039 4926 5408 5279 5520 5126 5162 4908 5140 5136 4995 4608 5174 4981 5209 5208 4753 4956 5072 5061 5703 5206 4814 5418 5587 5176 4943 5170 5054 4559 5626 5101 5378 5217 5265 5002 5012 5371 5085 5740 5252 5108 5030 5290 5404 5622 5578 5038 4694 5148 5188 5175 5274 4823 5096 5156 5080 5001 5123 4814 4945 5154 5445 5229 4953 5294 5235 5185 4936 4715 5342 5414 5027 5121 4810 4898 4651 5322 4581 5107 4844 5005 5481 5002 5202 5015 5342 4707 5129 4996 5107 4799 4981 4498 5167 5218 4979 4943 5214 5347 5153 4791 4915 4762 5453 5219 5357 5196 5006 5240 5006 5000 5451 4840 5012 4873 5102 5004 4706 5360 5672 5332 5052 4834 5221 4380 4729 4982 5193 5029 5412 5340 5292 5076 5087 5084 5196 5388 5011 4868 5374 5202 5386 5024 5124 5164 4318 4843 5146 4762 4920 4834 5069 4729 5001 5332 5555 4913 5186 5102 5176 5086 5278 5478 5027 5022 5056 5409 5045 4746 5454 5114 5365 4770 5035 4916 5040 4955 5318 5123 4880 5249 5303 5459 4903 5476 5309 5045 5155 5611 5126 5103 4777 5165 5035 4991 5220 4927 4953 4793 5277 5845 5095 5277 4683 4773 4813 5292 5592 5225 5116 5268 4783 5335 5209 5506 4856 5120 5302 4650 4886 4618 4984 5195 5017 5298 5455 5138 5071 4876 4707 4688 4805 5292
4975 5155 5423 5123 5001 5053 5295 5074 5126 5267 5222 5402 4968 5400 5005 5071 5566 5135 5129 5095 5706 4832 5148 5246 5625 5355 5464 5285 5488 5269 5286 5169 4888 4803 5304 5140 5477 5023 5189 5018 5083 5378 5829 5254 4933 5255 5710 5315 5054 5415 5421 4790 5384 5071 5575 5200 5606 5094 5168 5282 5279 5815 5401 4914 5257 5258 5013 5602 5510 5061 4939 5439 5386 5006 5342 5270 5433 5233 4980 5025 5041 4808 5346 5397 5411 5266 5076 5266 5492 5179 5345 5018 5646 5326 5102 5347 5191 5228 4978 5369 4722 5149 5161 4950 5682 5109 5141 5290 5644 4785 4970 4998 5348 5177 5367 4490 5504 5556 5062 5238 5476 5574 5398 5350 5446 4884 5417 5320 5591 5432 5367 5249 5405 5068 5511 5304 4982 5149 5263 5310 4970 5509 5590 5171 5483 4942 5400 4809 4905 5447 5145 5188 5445 5589 5511 5165 5223 5108 5344 5591 4883 5013 5209 5226 5290 5268 5407 5009 4827 5103 5278 4905 5027 4950 5219 5194 5450 5691 5263 5148 5299 5048 4921 5008 5041 5809 5180 5294 5200 5510 4953 5052 5715 5071 5477 4701 5564 5174 5274 5187 5397 5437 5246 5650 5528 5381 5045 5542 5348 5171 5333 5851 5236 5096 4949 4945 5408 5029 5192 5187 4827 5102 5237 5651 5157 5489 5009 5238 5019 5091 5781 5470 5076 5538 5136 5566 5337 5814 4822 5287 5804 4966 5161 4770 5012 4962 5013 5255 5311 5389 5183 5611 5062 5002 5056 5602
4626 5062 5123 4562 4797 4314 4611 4758 4802 4825 4850 5254 4476 4953 4685 4875 5035 4637 4555 4783 5163 4584 4935 4473 5061 5191 5035 5010 4969 4840 4866 5028 4452 4560 4932 4714 5100 5079 4760 4884 4789 5228 5189 4805 4718 5090 5367 5027 4680 5043 4965 4638 5296 4866 5207 4916 5161 4794 4866 5239 4861 5297 5076 4690 4908 4885 5071 5274 5257 4591 4634 4982 4696 5008 4880 4947 4941 4813 4667 4846 4834 4674 4671 4946 4925 4992 4727 5033 4873 4773 4810 4729 5161 5000 4710 4955 4969 4797 4625 4928 4501 4971 4498 4877 5038 4697 5012 4911 5073 4613 4686 4686 4732 4794 4811 4388 5230 4961 4575 4874 5230 5257 4978 4673 4897 4481 5149 4767 5117 4951 5145 4908 4704 4795 4933 4811 5028 4714 4884 4707 4515 5440 5186 4871 4976 4547 4988 4470 4884 4972 5121 5031 5184 5315 4984 4857 4897 5048 4789 5318 4994 4702 5277 4911 5089 5064 5024 4880 4477 4848 4869 4486 4652 4625 4818 4877 4943 5232 5139 4831 4979 4781 4748 4867 5186 5377 4986 5013 4686 5179 4861 4748 5088 5035 5250 4659 4711 4871 4932 4836 4988 4820 5081 5096 5056 4994 4766 5282 4834 4937 5064 5433 5011 5022 4558 5032 4808 5101 4962 5081 4766 4612 5155 5116 4891 4803 4375 4697 4831 4716 5373 5025 4904 5140 4536 5325 5064 5034 4528 4727 5094 4630 5144 4311 4663 5072 4869 5154 5146 4856 4654 4860 4514 4456 4538 5445
4714 4945 5425 4917 4742 4483 5251 4966 5034 5142 5319 5157 4709 5017 5259 5037 5459 4923 4508 4826 5424 4821 5097 4855 5600 5257 5163 5200 4971 5077 5095 5168 4639 4560 5145 5038 5129 4961 4940 4967 5253 5282 5437 5163 4932 5075 5791 5367 4882 4970 5048 4591 5311 4925 5444 5219 5275 5124 5102 5354 4905 5562 5044 5089 5252 5230 5159 5096 5281 5042 4656 5225 5391 5360 5251 5195 5065 4980 5019 4948 5081 4835 5037 5115 5280 4988 4632 5337 5134 4767 5015 4905 5347 5473 5013 5404 4878 4955 4746 5220 4531 5166 4786 5168 5317 4612 5004 5226 5531 4772 4801 4703 5185 4917 4889 4764 5245 5008 4728 5129 5369 5380 5169 5004 4976 4818 5326 5213 5294 5235 4908 5182 5187 5025 5172 5204 5231 5066 4998 5091 4831 5406 5388 5135 5022 5018 5063 4545 4884 5260 5420 4954 5168 5320 5371 4946 5258 4803 5129 5364 5053 5187 5095 5133 4988 5376 4839 5141 4769 5155 5231 4728 5264 4861 5168 4687 5276 5497 5504 4800 5108 5134 4983 4812 5081 5578 4921 5211 4979 5011 5001 4698 5662 5333 5372 5128 5170 5050 5112 5209 5219 5169 5006 5257 5103 5389 4910 5292 5206 4952 5284 5438 5221 4826 5009 5354 5061 5253 5057 4836 4903 4817 4975 5402 5059 5450 4675 5067 5102 4814 5537 5446 4974 5284 4747 5213 5468 5279 4679 5149 5628 4846 5003 4639 4825 4958 5016 5388 5286 4901 5037 5140 4815 4669 4909 5432
5183 5000 5719 4985 5131 4845 5071 5035 5016 5139 5270 5518 4775 5449 4958 5151 5429 5031 5018 4883 5526 4857 5299 4808 5611 5433 5505 5201 5252 5306 5222 5134 4754 4847 5119 5137 4986 5296 5132 5137 5384 5526 5706 5316 4944 5384 5814 5365 5148 5259 5111 5025 5332 5152 5908 5175 5525 5517 5290 5400 5457 5933 5280 5087 5197 5354 5186 5803 5508 4879 4959 5374 5242 5435 5456 5266 5039 5370 5119 4913 5083 4917 5154 5133 5145 5138 5149 5724 5160 5175 5401 5094 5478 5449 5297 5812 4851 5122 5099 5267 4712 5039 5197 5042 5620 5080 5243 5218 5421 4992 5027 4903 5232 5029 5035 4636 5384 5304 4886 4899 5479 5447 5211 5082 5225 5017 5395 4945 5331 5230 5236 5300 5154 5179 5125 5087 5405 5114 5340 5225 5118 5618 5424 5225 5215 4832 5430 4688 5210 5487 5576 5326 5398 5407 5546 4979 5355 5320 5142 5663 5207 4923 5370 5268 5407 5369 5330 4840 4988 5497 5242 5035 5025 4925 5178 5062 4980 5538 5612 5050 5553 5108 5140 5129 5081 5952 5061 5129 4995 5549 5308 5175 5721 5431 5352 4753 5338 5172 5008 5069 5738 5186 5187 5161 5497 5470 5014 5655 5606 5321 5513 5883 5316 4913 4779 5509 5159 5456 5398 4978 5152 4984 5129 5553 5125 5321 4815 4849 5166 5458 5444 5634 5406 5248 5226 5793 5046 5409 5147 5395 5520 4895 5147 4601 4966 5247 5094 5209 5344 5231 4965 5078 5170 5092 5161 5671
4785 5068 5138 4672 4484 4501 4944 4838 5064 4727 4933 5136 4621 4991 4832 4792 5351 4689 4427 4605 5126 4614 4943 4760 5236 5376 5157 4903 4903 5101 4919 5058 4271 4343 4787 4526 5093 4941 4799 4719 5072 5001 5383 4817 4761 4948 5413 5049 4847 4884 4860 4292 5001 4968 5424 5066 5153 4775 4791 5043 5008 5517 4987 4890 4855 5034 4865 5122 5011 4617 4681 5060 5063 4885 5222 4663 4927 4830 4734 4556 4860 4707 4977 5038 5201 4898 4538 5001 5052 4733 4877 4719 5138 5390 4756 5269 4541 4859 4723 4947 4481 4977 4694 4767 5267 4540 5014 5070 5265 4552 4502 4678 4917 4731 4729 4357 5028 4829 4589 4916 5016 5127 5144 4774 4770 4542 5133 4879 5013 4854 4752 4952 4941 4549 5065 4677 5003 4630 4955 5062 4593 5160 5032 4708 4866 4772 5113 4512 4745 5000 5010 4882 5329 5181 5035 4738 4894 4924 5040 5067 4707 4916 4621 4690 4997 5063 5079 4746 4573 4831 5217 4770 4650 4914 4790 4950 4900 5109 5188 4680 5074 5024 4750 4780 4876 5695 4722 4976 4922 5183 4777 4538 5251 4866 5095 4766 4716 4823 5017 4838 5067 4871 4754 4890 5312 5076 4672 5357 5137 4758 4677 5276 5090 4808 4586 4972 4854 5119 4842 4360 4962 4862 4854 5430 4775 4954 4407 4800 4786 4847 5413 5115 4812 5079 4681 5173 4812 5156 4695 4959 4994 4738 4818 4545 4544 4702 4809 5019 5162 4892 4931 4802 4599 4435 4538 4867
4980 5102 5477 5064 4798 4763 5089 5217 5186 5215 4951 5206 4608 5208 5132 4945 5531 5183 4850 4901 5149 5093 5359 4601 5251 5293 5357 4950 5014 5454 5180 5311 4840 4751 5130 4831 5511 4942 5054 5140 5104 5229 5774 4968 4949 5390 5773 5485 5106 5072 5148 4687 5385 5078 5694 5347 5556 4968 5178 5481 5198 5679 5173 4966 5207 5264 5432 5664 5416 5151 4736 5219 5291 5265 5340 5214 5269 5032 4860 4833 5186 4733 5240 5115 5335 4842 4927 5357 5079 5410 5047 5257 5321 5557 4869 5350 4961 5171 4823 5191 4463 5191 5022 5183 5564 4666 4947 5213 5511 4697 4805 4671 4926 4786 5100 4719 5261 5146 4829 5222 5446 5360 5496 5192 5332 4865 5641 5235 4881 5056 5055 5410 5281 5085 5239 5039 5327 4642 5010 5083 4681 5372 5524 5343 5140 5207 5457 4828 5051 5242 5260 5286 5748 5577 5293 5176 5332 5095 5247 5566 4819 5219 5334 5114 5225 5180 5325 4963 4669 5142 5168 4946 4996 4884 5484 5044 5118 5685 5369 5042 5458 5070 4917 4998 4910 5571 5038 5080 5108 5467 5105 4708 5476 5155 5483 4769 5103 5411 4843 4970 5245 5510 5297 5117 5278 5342 5243 5590 5220 4906 5064 5765 5389 5009 4818 5467 5180 5172 5124 4761 5148 5136 5188 5472 5292 5212 4671 5088 5066 5281 5726 5410 5180 5364 5097 5504 5198 5184 4886 5333 5469 4937 5151 4600 4680 4918 5251 5032 5365 4906 4989 4951 4877 4753 5127 5534
4725 4981 5331 4575 4637 4596 4945 5008 5009 4968 4840 5013 4706 5211 4985 4936 5322 4981 4735 4689 5231 4991 5149 4789 5169 5279 5197 5140 4908 4685 5079 5103 4567 4602 5000 5011 5102 4733 4727 4915 5030 5164 5539 4775 4683 5351 5594 4942 4764 5142 5149 4684 5300 4843 5433 4932 5227 4690 4975 5102 5249 5620 5158 4929 4970 5230 4775 5578 5053 4805 4521 4922 5087 4969 5267 4953 4939 5086 4753 4686 4890 4817 4734 5240 5223 5189 4929 5005 4961 4740 5225 4932 5309 5162 4734 5057 4713 4775 4891 4989 4554 4816 4601 4953 5373 4689 4949 4782 5291 4625 4726 4953 4833 4701 4461 4256 5170 4976 4780 4683 4900 5333 5052 4904 4953 4680 5209 4934 5225 4642 4918 5092 5124 4851 4930 4813 5081 4702 5217 5199 4907 5389 5213 5052 4992 4838 5072 4369 4829 5187 5177 4858 5282 5201 4831 4702 5051 5198 5095 5384 4931 4648 4935 4859 5366 5089 5002 4944 4789 4979 4859 4661 4622 4547 4786 4837 5102 5358 5377 4986 5085 4775 5075 5011 5092 5477 5106 4862 5120 5291 4977 4790 5158 5057 5130 4740 5044 4861 5017 4905 5461 5038 4835 5151 5066 5153 5031 5231 5171 4867 5021 5545 5214 4685 4631 5202 4902 5223 4895 4963 5065 4853 4942 5378 4854 5052 4765 4791 4791 4939 5308 5301 4961 5335 4935 5288 4673 5381 4786 4964 5284 4708 4915 4585 4837 4924 4692 4943 5168 4817 4730 5155 4589 4663 5009 5492
4869 5251 5207 4918 5076 4870 5012 5217 5231 5201 5119 5004 4827 5199 4918 5235 5408 5181 4908 5297 5373 5113 5239 4672 5504 5187 5321 5062 5155 4712 5239 5426 4633 4797 5060 4812 5506 5151 4980 4929 5170 5438 5378 4890 4451 5254 5676 5116 5031 5232 5246 4668 5522 5089 5301 5226 5427 4963 5056 5325 5305 5550 5270 4783 5120 5379 5120 5576 5467 5056 4663 5201 5340 4925 5331 5170 5518 5225 4900 4970 5105 4681 4696 5199 5269 5225 4893 5325 5026 5059 5111 4809 5270 5200 4698 5213 5151 5151 4950 4928 4763 4853 4920 5171 5567 4920 5114 5028 5214 4775 4785 4821 5182 4823 4717 4398 5511 5036 4786 4857 5206 5548 5329 5010 5072 4811 5343 5085 4986 5180 5202 5169 5212 4960 5558 5056 5327 5047 5353 4953 4969 5360 5302 5022 5176 4785 5378 4765 4861 5068 5352 5113 5811 5351 5203 4909 5158 5054 4954 5498 4890 5032 4975 4967 5256 5407 5064 4979 4694 4732 5129 4757 4967 4870 4997 5103 5233 5384 5323 5025 4963 5209 4932 5102 5320 5345 4960 5054 4937 5250 4984 4899 5409 5406 5175 4758 5209 4958 4872 5074 5542 5082 5179 4974 5327 5188 5300 5309 5427 4738 5132 5660 4930 4968 4850 5082 5089 5055 4936 5236 4988 5041 5441 5057 5060 4837 4591 4914 4847 4898 5598 5359 4930 5223 4812 5265 5355 5522 5080 5176 5358 4839 5023 4867 4934 5246 4842 5150 5392 4959 5109 5293 4851 4720 5113 5303
4852 5328 5592 4952 5162 5050 5003 5234 5175 5200 5093 5376 4773 5367 5154 5404 5561 5060 5280 5166 5640 5012 5302 4654 5642 5806 5182 5393 5278 5331 5233 5462 5053 4755 5369 5146 5400 5313 5175 5072 5607 5238 5650 5135 5234 5620 5649 5589 5309 5149 5227 4877 5450 5406 5644 5648 5319 5085 5036 5385 5459 5827 5202 5043 5218 5505 5273 5788 5722 5085 4774 5493 5418 5217 5211 5246 5118 5212 5284 5278 5257 4860 5169 5405 5658 5158 5077 5467 5125 5158 5152 5068 5526 5445 5068 5352 5098 5168 4989 5561 4712 5351 4824 5329 5731 4936 5379 5136 5824 4885 5016 5026 5231 4978 5043 4791 5600 5398 4918 5049 5528 5944 5211 5239 5134 4972 5754 5366 5102 5147 5269 5430 5497 5207 5264 5247 5362 4962 5336 5210 4760 5719 5609 5697 5265 4923 5455 4682 4855 5243 5430 5396 5884 5623 5428 5059 5163 5546 5160 5713 5132 4929 5455 5136 5411 5378 5152 4951 4716 5009 5230 4981 5400 5018 5074 5356 5246 5623 5363 5077 5252 5562 5240 5171 5472 5771 4920 5320 5404 5589 5271 4992 5762 5595 5552 5068 5252 5486 5352 5240 5436 5557 5091 5211 5328 5525 5277 5701 5443 5168 5339 5828 5256 5259 4880 5554 5468 5276 5464 5073 5057 5137 5459 5918 5283 5227 4864 5235 5051 4967 5917 5505 5184 4994 4946 5608 5489 5784 4917 5223 5632 5037 5058 4931 4962 5263 5108 5301 5217 5345 5159 5291 4838 5040 5096 5541
5176 5732 5939 5443 5236 5308 5338 5573 5393 5246 5335 5472 4813 5512 5356 5239 5759 5302 5213 5427 5741 5319 5644 5004 5941 5579 5788 5289 5593 5660 5547 5687 5151 5044 5702 5336 5770 5350 5538 5250 5504 5534 5974 5469 5225 5831 6458 5762 5437 5466 5481 5015 5736 5198 5747 5693 5611 5325 5575 5682 5262 5891 5419 5212 5376 5681 5781 5733 6063 5594 5116 5703 5694 5567 5952 5730 5406 5516 5374 5102 5293 5103 5306 5637 5843 5542 5005 5671 5574 5695 5339 5331 5890 5999 5574 5688 5230 5762 5370 5401 5014 5378 5296 5705 5700 5239 5564 5568 6046 5117 5368 5195 5604 5093 5512 4745 5887 5285 4973 5196 5728 5861 5476 5615 5585 5120 5576 5285 5707 5818 5520 5556 5588 5526 5701 5116 5577 5215 5578 5292 5190 5731 6062 5589 5617 5357 5749 5217 5312 5317 5590 5391 5830 6061 5907 5734 5720 5609 5680 5877 5270 5166 5670 5634 5948 5622 5431 5224 5102 5797 5707 5288 5354 5384 5792 5440 5535 5651 5669 5228 5561 5278 5270 5361 5401 6054 5312 5597 5423 5839 5491 5157 5881 5678 5397 5244 5513 5568 5407 5479 5674 5441 5495 5638 5562 5545 5291 6060 5579 5305 5611 6077 5786 5270 5172 5557 5718 5769 5296 5595 5251 5084 5626 5877 5621 5800 5068 5404 5394 5331 6043 5806 5291 5704 5433 5928 6096 5661 5143 5633 5859 5175 5400 5417 5102 5591 5374 5463 5461 5521 5375 5411 5084 5180 5470 6100
4783 5233 5327 4750 4798 4568 4870 5028 5063 5133 4984 5184 4736 5098 5031 4949 5495 5144 4906 4941 5635 4988 5299 4733 5255 5501 5283 4974 5255 5137 4984 5298 4694 4468 5390 4997 5354 4879 5142 4980 4759 5243 5600 5007 5044 5255 5631 5301 5131 5195 5229 4462 5451 5124 5258 4984 5443 5059 5055 5165 5013 5923 4898 4972 5099 5425 5167 5393 5620 4756 4740 4864 5131 5194 5235 5198 5195 4969 5049 4833 5019 4918 4844 4953 5263 4971 4934 5368 5168 5086 5129 4800 5424 5445 4714 5290 4796 4894 5243 5180 4489 5011 4921 5004 5261 4920 4785 5175 5397 4835 4739 5053 5230 4665 5023 4559 5294 5176 4768 5074 5565 5545 5219 4917 5041 4836 5236 5253 4939 5011 5115 5065 5076 5117 5413 5034 5316 4980 5261 5154 4711 5289 5438 5433 5036 5027 5297 4602 4744 5054 5318 5092 5301 5319 5308 5024 5190 4927 5012 5531 4809 4769 5267 4974 5157 5018 4858 4819 4821 4767 5017 4766 4852 5011 4800 4906 5121 5405 5220 4850 4768 5179 4843 4895 4971 5571 4995 4952 4639 5358 5009 4770 5562 5425 5245 4742 5147 5089 4818 4925 5419 5185 5161 5269 5274 4885 5056 5390 5259 4737 5018 5509 5069 5008 4884 5134 5093 5379 5142 5046 4649 4676 5290 5289 5209 5002 4800 4959 5139 4967 5420 5266 5020 5246 4853 5161 5281 5477 4864 4855 5303 4907 5079 4870 4866 5067 4906 5174 5330 4951 4713 5247 4678 4865 4873 5354
4948 4696 5386 4909 4782 4677 4813 4953 4866 5112 4938 5253 4370 5285 4787 4765 4852 4826 4759 4848 5001 4459 4862 4721 5455 4974 5007 5050 5026 5040 5078 5298 4808 4763 5019 4770 5044 4793 4769 4929 4820 5186 5370 4786 5003 5431 5479 5258 4796 4955 4932 4680 5331 4844 5449 5131 5121 5060 5008 5129 5237 5406 5201 4640 4975 5016 4971 5377 5473 4795 4630 5080 5165 5104 4883 4912 4918 4841 4949 4893 5007 4584 4973 5039 5295 4901 4916 5266 4987 4969 5122 4747 5324 5221 4796 5228 4665 4741 4688 4843 4807 5185 4544 5062 5625 5141 4734 5080 5264 4387 4712 4593 5281 4629 5019 4621 5222 5031 4750 4835 5207 5105 5068 4871 4745 4560 5343 5197 5323 5141 5072 5161 5309 4988 5045 4779 4891 4592 4888 4806 4744 5384 5340 5342 4989 4877 5116 4438 4864 5049 5123 5068 5192 5289 5057 5191 5033 4790 4942 5396 4774 4780 5277 5054 5301 5293 4914 4877 4787 5174 4978 4887 4798 4541 4959 4839 4948 5206 5329 4720 4962 4908 4997 4921 4687 5209 4830 4867 5083 5097 5223 4746 5397 5280 5056 4761 5179 4799 4799 4791 5275 5030 4963 5033 5177 5376 4876 5319 5046 4950 4987 5495 5021 4668 4712 5151 5170 4896 5059 4624 4857 4785 4993 5362 5034 5297 4631 4883 4902 5051 5188 5059 4792 5064 4761 5327 5279 5184 4834 5127 5225 4741 4899 4359 4742 4723 4668 5242 5060 4614 5022 5083 4744 4692 4825 5278
4860 4823 5334 4947 4737 4614 4751 4911 4838 4761 4860 5243 4518 4975 4650 4968 5385 4612 4638 4783 5171 4608 4967 4476 5382 5170 5121 4912 4883 5105 4772 5201 4542 4418 5033 4903 4864 4885 4771 4976 4802 4730 5105 4943 4721 4831 5194 4954 5131 4853 4938 4608 5196 4868 5282 4906 5245 4846 4835 5287 5094 5384 4948 5005 4946 5039 4896 5332 5213 4856 4496 4964 4948 4886 5049 4865 5024 4584 4805 4659 4699 4434 4878 5016 5200 4735 4786 5150 4878 4699 4806 4620 5291 5037 4634 4880 4892 4742 4945 5047 4349 4790 4655 5075 5305 4869 4818 4822 5176 4717 4838 4668 4974 4685 4720 4390 4893 4828 4605 4872 5233 5377 5072 4606 4726 4581 5087 4676 5118 4846 5075 4923 5219 4877 5071 4863 5342 4755 4926 4865 4886 5268 5239 4980 4809 4807 5021 4511 4712 4727 4883 4906 5097 5218 4875 4902 4891 4895 4998 5260 4668 4729 5183 4812 5075 4935 4948 4734 4583 4796 4887 4620 4789 4965 4795 5069 4783 5148 5131 4539 4820 4798 5081 4678 5017 5585 4712 5195 4644 5289 4749 4412 5225 5054 5127 4643 5026 4768 4919 4774 5145 5158 5001 5065 5070 5109 4988 5151 5166 4946 5053 5234 5155 4720 4973 5363 4895 5196 5163 4796 4760 4767 4964 5282 4891 4881 4605 4796 4930 4734 5213 5298 4717 4910 4646 5544 4845 5167 4630 4864 5387 4670 5088 4245 4561 5097 4796 4977 5280 4596 4839 5004 4609 4622 4773 5156
4663 4740 4960 4772 4740 4406 4719 4684 4691 4552 4835 5040 4345 4978 4778 4696 4917 4578 4957 4694 5044 4633 4819 4656 5086 4925 4990 4851 4709 5029 4802 4758 4371 4316 4829 4552 4947 4741 4884 4545 5032 5019 5352 4791 4594 4632 5197 4677 4567 4717 4545 4167 5118 4699 5104 4822 5084 4810 4614 4960 4664 5269 4901 4730 4771 4952 4820 5131 5166 4605 4327 4857 5100 4788 5062 4852 4664 4787 4711 4589 4752 4293 4620 4780 5001 4963 4680 5017 4730 4646 4977 4749 5052 5136 4760 4666 4595 4532 4597 4748 4331 5010 4646 4846 5220 4628 4853 4791 5396 4287 4766 4908 4885 4733 4822 4408 5079 4907 4561 4694 4961 4913 4971 5013 4805 4322 4863 4749 4949 4917 4630 4951 4867 4935 4802 4784 5124 4723 4837 4808 4544 4937 4876 5096 4887 4559 5075 4430 4723 5029 4950 4841 4924 5237 4988 4721 4805 4966 4691 5280 4547 4547 4896 4627 5128 4887 4878 4711 4423 4667 4880 4642 4480 4686 4787 4611 4745 5098 5095 4839 4875 4570 4547 4865 4812 5261 4759 4740 4502 5116 4885 4583 5071 4827 4868 4424 4832 4759 4466 4829 5052 4931 4925 5088 4920 4990 4708 5209 4957 4613 4853 5322 4756 4710 4546 5044 4926 5130 4967 4543 4773 4926 4938 5270 4790 5025 4384 4695 4698 4804 5439 4904 4729 4993 4738 5172 5099 5217 4168 4804 5024 4848 4714 4443 4556 4946 4589 4930 4857 4823 4675 5167 4455 4464 4532 5143
4867 5080 4940 4675 4697 4493 4732 4931 5003 4900 4719 4941 4597 4732 4982 4828 4974 4887 4914 4747 4999 4673 4567 4623 5263 5071 5133 4694 4796 4739 5030 4855 4516 4400 5197 4603 5171 4832 4738 4898 5062 5108 5166 4689 4737 5352 5470 4957 4730 4640 5048 4315 5273 4988 5313 4738 5045 4960 4774 4981 4751 5558 5012 5023 5019 5252 4937 5291 5294 4441 4400 5081 4703 4936 4940 5017 4782 4731 5035 4770 4913 4348 4750 4876 4897 4975 4540 5200 4781 4817 5094 4780 5239 5145 4914 5085 4624 4584 4574 4889 4486 4922 4575 4883 5217 4612 5050 4916 5082 4450 4536 4820 5227 4645 4550 4324 4731 4774 4548 4518 4903 5037 5059 4461 5029 4508 4757 4812 4929 4903 4888 4892 4957 4556 5035 4720 5129 4632 4869 4769 4504 5174 5213 5179 4829 4743 5175 4344 4595 4886 5226 4860 5019 5159 5048 4719 4984 4959 4861 4902 4731 4737 4946 4749 5008 4996 4740 4616 4612 5023 5010 4449 4789 4945 4737 4824 4947 5217 5458 4852 4793 5101 4834 4558 5099 5244 4658 4818 4882 5273 4788 4423 5303 5156 4950 4712 5245 4817 4863 4792 5248 5245 4661 4937 4942 5043 4669 5105 5221 4898 4869 5306 4854 4607 4620 5156 4727 4708 4465 4681 4656 4813 5059 5374 5046 4751 4772 4825 4996 4816 5255 5108 4832 5012 4582 5029 4979 5195 4621 4782 5130 4761 4598 4374 4821 5141 4615 4728 5133 4618 4838 5152 4475 4444 4652 5265
4893 5224 5304 4810 4736 4737 5008 5009 5378 5110 5019 4961 4804 5108 5013 4830 5364 4974 4858 4829 5155 5041 4924 4694 5520 5567 5391 5079 5065 5051 4936 4922 4566 4700 5060 4882 5165 4899 4934 4748 5218 5150 5405 5104 4766 5211 5513 5108 5146 5025 5085 4643 5436 5055 5247 5264 5170 5202 4969 5258 4883 5583 5026 4979 5158 5174 4886 5392 5347 4876 4569 5269 5357 4872 5329 5152 5154 5185 4688 4718 4951 4764 4832 5289 5321 4826 4746 5170 5002 5142 5192 4798 5277 5133 4802 5010 4857 5040 4904 5113 4622 5040 4750 5159 5397 4700 4888 5102 5587 4795 4860 4885 5055 4617 4612 4615 5489 5134 4732 4875 5336 5602 5048 5162 5270 4637 5338 5067 5018 5019 4894 4979 5402 5078 5269 5006 5472 4895 5112 5146 5023 5456 5417 5212 5112 4750 5190 4763 4887 5168 5140 4958 5387 5534 5117 5048 4829 4988 4963 5266 4950 5002 5058 4951 4970 5221 4918 4879 4659 4858 5254 4822 4865 4891 4964 5006 5237 5359 5174 4684 5036 4971 4873 4862 5253 5541 4825 5113 4985 5265 4906 4712 5556 5173 5272 4889 5132 4965 5075 5031 5299 5031 5070 5253 5293 5117 5076 5158 5532 4882 5110 5654 5043 4986 4705 5337 5144 5094 5095 4971 5117 4573 5187 5515 4918 4954 4506 5145 5233 5198 5515 5268 5017 5270 4750 5259 5277 5322 4465 4967 5334 4844 5166 4409 4861 4871 4929 4984 5271 5008 4959 5266 4875 4606 5133 5206
4799 5080 5438 5011 4946 4549 5014 5074 5207 4934 5294 4971 4738 5051 4826 4918 5491 5102 4894 5112 5253 4809 4817 4518 5568 5353 5289 4919 5143 5107 5083 4940 4738 4541 5078 4921 5163 4886 4871 4932 5021 5216 5412 5244 4821 5132 5672 5103 5117 5220 5038 4791 5531 5182 5385 5027 5443 5313 5177 5184 5148 5629 5136 4935 4993 5015 5371 5240 5614 4689 4866 5227 5088 5174 5320 5071 5079 5085 4796 4994 5122 4597 4906 5072 4839 4996 4975 5271 4829 4929 5036 4605 5539 5230 5092 5192 5150 5074 4706 4899 4680 5026 4684 4969 5373 4729 4996 5206 5552 4949 4693 4889 5403 4799 5126 4461 5572 5135 4644 4927 5106 5278 5162 4968 4925 4647 5239 4965 5205 4995 5204 5206 5115 5010 5080 4950 5315 4921 4964 5055 4803 5309 5252 5170 5192 4979 5315 4743 5048 5172 5308 5069 5452 5474 5179 4934 5302 5052 5164 5144 4845 4794 4919 5158 5297 5270 5081 5115 4686 5071 5159 4845 5008 5015 5020 4997 5105 5176 5475 4703 5067 5173 4792 4816 5289 5422 4927 5080 4789 5174 4747 4599 5565 5105 5385 4935 5127 4885 5053 4992 5224 5241 5182 5188 4782 5141 4915 5109 5358 4922 5310 5783 5123 4955 4743 5398 4929 5049 5133 5008 4800 4963 5064 5636 5231 5383 4627 5069 5000 4798 5547 5348 4963 5170 5058 5367 5166 5204 4870 5102 5707 4432 5020 4730 4911 5068 5103 4835 5217 4996 4981 4911 4881 4709 5050 5419
4847 5019 5124 4507 4696 4371 4957 4974 4816 4852 4797 5010 4587 4965 4586 4861 5100 4842 4725 4672 5038 4606 4800 4654 5088 5046 4881 4931 4852 5034 4877 5243 4518 4569 4768 4947 4964 4786 4825 4744 5196 5038 5204 5042 4846 4952 5348 4976 4819 4846 4826 4591 5433 4839 5204 5126 5156 4924 4746 5160 4730 5168 5360 4672 4854 4798 4907 5423 5260 4715 4404 5044 5148 4786 4790 4960 4898 4770 4813 4780 4642 4593 4714 5019 5041 4773 4707 4975 4698 4992 4995 4489 5068 5250 4717 5069 4582 4701 4829 4834 4457 4909 4534 4814 5127 4743 4743 4821 5300 4703 4489 4546 5012 4394 4704 4430 5124 4664 4711 4731 5314 5231 5276 4762 5015 4593 5031 5030 5207 4941 5015 4814 4948 5048 5111 4868 5116 4447 4960 4936 4515 5428 5344 4990 4818 4705 5200 4391 4534 4983 4964 4946 5326 5076 4966 4685 4718 4933 4606 5168 5040 4517 5011 4966 5049 5054 4789 4796 4539 4966 5074 4582 4783 4536 5087 4692 5069 5488 5221 4931 5074 4768 4746 4971 4717 5202 4703 4933 4659 5094 4926 4555 5232 5075 5155 4377 4770 4664 4893 4650 5003 4934 5078 4938 4823 5020 4998 5111 5125 5147 5160 5492 4747 4557 4681 4993 4849 4813 4851 5025 4580 4672 5049 5455 4664 4736 4446 4976 4850 4499 5327 4964 4983 5279 4464 5329 5281 5023 4429 4644 5462 4358 4860 4521 4869 4933 4913 5132 5073 4808 4743 4815 4634 4595 4668 5225
4781 5491 5800 4902 5419 4788 5232 5296 4894 5351 5235 5319 4775 5194 5070 5113 5654 5144 4809 5089 5366 5050 5332 4561 5569 5652 5252 5283 5297 5318 5182 5241 4866 4622 5268 5031 5178 5008 5153 4982 5179 5324 5296 5277 5110 5375 5543 5340 5169 5244 5315 4637 5594 5009 5804 5232 5434 5010 5073 5529 5305 5776 5335 5067 5030 5466 5382 5601 5553 5120 4903 5436 5347 5269 5404 5414 5235 5470 5130 5294 5110 4918 4888 5297 5445 4932 4962 5455 5149 5278 5026 4867 5485 5414 5121 5426 5084 5129 5109 5354 4732 5193 4871 5380 5778 5192 5086 5046 5631 5214 5007 4996 5297 5095 5434 4710 5482 5089 5061 4944 5519 5475 5195 4990 5111 4821 5525 5280 5324 5285 5000 5546 5330 5187 5556 5011 5402 5098 5229 5268 4760 5590 5618 5406 5188 5051 5491 4765 4884 5113 5411 5130 5748 5543 5420 5138 5126 5127 5325 5587 5191 4926 5398 5300 5496 5153 5244 5183 4656 5378 5328 4859 5362 5058 5249 5263 5154 5767 5385 4935 5264 5247 5203 5133 5106 5880 4992 5136 5045 5530 5043 4851 5321 5564 5533 4997 5171 5057 5161 5015 5350 5294 5352 5474 5445 5545 4782 5338 5464 5224 5267 5962 5417 4999 4911 5459 5364 5453 5431 5399 5110 5189 5221 5490 5189 5325 4624 5090 5196 5165 5836 5443 5151 5218 4965 5704 5042 5472 4598 5244 5770 4707 5113 4710 4863 5326 5062 5252 5227 5366 5092 5189 4843 5124 5152 5594
5181 5493 5374 5460 5296 5182 5317 5467 5530 5540 5422 5672 5156 5772 5119 5469 5767 5136 5238 5327 5792 5278 5395 5207 6051 5748 5872 5437 5509 5415 5706 5829 4913 4790 5852 5580 5963 5552 5488 5308 5386 5715 6024 5367 5292 5795 5987 5640 5621 5408 5602 4883 5959 5376 5994 5584 5954 5426 5460 5542 5305 6089 5599 5123 5410 5925 5648 5726 5851 5234 5214 5572 5626 5406 5946 5591 5600 5569 5353 5344 5336 5172 5298 5490 5898 5854 5387 5537 5383 5599 5581 5179 5707 5939 5494 5693 5287 5556 5228 5357 5016 5622 5048 5399 5731 5290 5323 5563 5911 4788 5132 5255 5681 5363 5183 4700 5875 5402 5358 5410 5726 5804 5814 5194 5249 5044 5554 5584 5692 5700 5493 5517 5503 5351 5850 5275 5580 5164 5790 5516 4967 5745 5723 5539 5569 5314 5648 5197 5323 5726 5470 5460 6106 6025 5664 5456 5694 5526 5440 5934 5271 5255 5672 5349 5656 5647 5327 5513 4977 5340 5381 5216 5331 5491 5499 5360 5775 5929 5846 5263 5483 5581 5155 5140 5615 5895 5292 5453 5527 5702 5464 5273 5883 5578 5501 5284 5431 5376 5596 5463 5848 5412 5565 5428 5797 5423 5421 5872 5630 5440 5510 6136 5346 5447 5160 5617 5661 5561 5395 5412 5106 5177 5507 5948 5291 5577 4965 5185 5408 5195 5958 5614 5656 5635 5362 5995 5636 5747 5189 5948 5871 5003 5373 5340 5550 5369 5406 5693 5666 5256 5430 5623 5113 5255 5251 5851
4777 5411 5592 5049 5328 4662 5274 5466 5159 5292 5171 5391 4806 5437 5108 5017 5650 5310 4967 5237 5366 5064 5147 4765 5570 5341 5455 5162 5308 5465 5254 5512 4878 4840 5285 5051 5554 5092 5094 5018 5462 5364 5671 5351 4962 5551 5768 5285 5173 5383 5521 4747 5912 5100 5558 5503 5641 5041 5169 5573 5433 5837 5633 5070 5186 5354 5578 5416 5715 5167 4625 5338 5455 5484 5788 5374 5461 5145 4976 5180 5430 5146 5105 5168 5451 5220 5123 5597 5154 5344 5260 5001 5779 5659 5217 5605 4938 5167 5108 5036 5015 5402 4891 5158 5551 5071 4942 5376 5613 4922 4722 4948 4963 4974 5084 4763 5519 5222 5061 5274 5331 5384 5449 5153 5339 4842 5531 5265 5191 5280 5361 5352 5375 5291 5456 5012 5704 4823 5229 5462 4758 5742 5802 5201 5039 5149 5485 4787 5022 5411 5053 5382 5701 5617 5155 5297 5341 5008 4960 5573 5428 5143 5407 5198 5629 5571 5110 5291 4999 5340 5265 5225 5099 4845 5335 5221 5241 5434 5681 5425 5444 5326 4982 4905 5316 5643 5237 5290 5135 5606 5230 4988 5394 5421 5366 5024 5254 5423 5121 5005 5331 5272 5429 5148 5286 5364 5185 5505 5511 5047 5192 5830 5452 5281 5026 5444 5397 5458 4997 5331 4977 5199 5306 5790 5216 5379 4749 5364 5203 4915 5724 5544 5437 5245 4959 5621 5236 5564 4797 4958 5575 5162 5240 5114 4906 5185 5240 5280 5421 5382 5145 5110 5301 4995 5034 5690
5070 5297 5577 5057 5008 4930 4986 5192 5382 5178 5101 5388 4604 5324 5115 5223 5550 5036 4818 5218 5392 5081 5255 4774 5752 5575 5485 5220 5178 5093 5034 5459 4931 4818 5288 5008 5766 5237 5149 5195 5370 5288 5821 5042 5089 5450 5610 5222 5136 5272 5258 5051 5473 5071 5501 5436 5628 5133 5048 5601 4890 5710 5141 5133 5184 5184 5302 5625 5637 5013 4924 5290 5325 5190 5453 5271 5342 5394 5339 4968 5200 4706 5251 5238 5529 5344 4930 5770 5041 5214 4964 5143 5716 5573 4920 5165 5117 5084 5070 5440 4672 5384 5057 5035 5716 5146 5066 5154 5572 4969 4841 5215 5466 4899 4964 4663 5611 5448 4855 4801 5273 5349 5394 5021 5193 5069 5526 4956 5425 5215 5214 5111 5541 5129 5381 5043 5357 5086 5274 5067 5119 5716 5617 5255 5005 4923 5171 4693 5051 5201 5141 5175 5637 5490 5215 5289 5158 5439 5421 5410 4895 5164 5470 5206 5625 5432 5253 4894 4883 5253 5482 4764 5142 5133 5176 5352 5206 5547 5710 5087 5228 5058 5163 5322 5205 6047 5140 5076 5160 5668 5158 4827 5683 5408 5399 4802 5191 5239 5116 5053 5468 5429 5145 5410 5529 5292 5255 5303 5389 5138 5264 5722 5293 5098 4896 5434 4938 5360 5625 5214 5355 4903 5513 5450 5286 5210 4854 5320 5277 5185 5635 5508 5445 5465 5190 5560 5218 5613 5048 5298 5595 5317 5097 4664 4846 5127 5145 5448 5152 5084 5008 5016 4767 4829 5325 5502
4954 5294 5429 5130 4954 4606 5418 5167 5077 4800 5289 5220 4724 5237 5363 5070 5503 5074 4951 4999 5475 5151 5191 4927 5558 5492 5570 5161 5538 5285 5260 5238 4796 4878 5178 5181 5231 5363 5186 5046 5347 5295 5737 5136 5242 5484 5762 5234 4945 5493 5166 4840 5505 5127 5610 5149 5542 5122 5205 5348 5339 5794 5336 5202 5496 5588 5220 5495 5670 5249 4990 5616 5445 5235 5487 5291 5210 5057 5344 4899 4825 4842 5064 5332 5652 5269 5188 5466 5329 5048 5261 4967 5466 5502 5067 5358 5117 5018 5075 5432 4655 5327 4943 5048 5702 5303 5094 5211 5500 4944 5069 4758 5243 4825 5220 4712 5411 5338 4961 4762 5479 5518 5267 5043 5173 4917 5340 5273 5528 5068 5129 5231 5258 5196 5327 5209 5292 4919 5118 5397 5074 5582 5475 5506 5306 4940 5605 4675 5015 5218 5276 5405 5460 5590 5265 5169 5255 5176 5074 5369 5103 5124 5246 5048 5424 5403 5225 5045 4953 5246 5090 4807 5192 5088 5472 5428 5278 5682 5423 5330 5457 5432 4949 5197 5111 5758 4788 5149 4944 5620 5459 5144 5576 5185 5292 4657 5351 4945 4787 4970 5417 5390 5193 5434 5383 5335 5209 5151 5591 5255 5179 6070 5247 4961 5000 5446 5278 5269 5142 5350 5133 4768 5136 5495 5200 5204 5051 5307 5080 5146 5603 5398 5124 5294 5128 5259 5268 5440 5047 5293 5604 5152 5230 4661 4859 5209 4932 5267 5310 4974 5044 5224 4926 5019 5241 5559
5232 5524 5710 4989 5181 5186 5263 5469 5644 5502 5720 5694 5052 5549 5393 5093 5814 5363 5310 5568 5724 5523 5435 5021 5758 5896 5780 5508 5524 5648 5415 5547 5116 5026 5740 5208 5632 5535 5474 5593 5399 5758 5962 5398 5248 5740 6036 5468 5525 5546 5587 5242 5734 5510 6013 5702 5735 5608 5611 5953 5420 6041 5748 5507 5614 5481 5542 5869 6166 5589 5220 5755 5477 5538 5825 5602 5494 5330 5448 5363 5454 5106 5129 5713 5635 5408 5143 5720 5425 5571 5469 5141 5981 5907 5236 5595 5090 5400 5020 5627 5100 5555 5281 5353 5958 5267 5463 5330 5893 5082 5129 5407 5653 5200 5359 4985 5860 5711 5246 5272 5613 5888 5559 5270 5697 5053 5497 5405 5592 5658 5433 5623 5675 5604 5664 5345 5530 5069 5566 5509 5179 5921 5871 5771 5379 5307 5847 4752 5185 5695 5766 5563 5811 5726 5691 5582 5243 5459 5397 5947 5331 5347 5632 5540 5827 5493 5712 5238 5320 5515 5485 5135 5332 5249 5467 5473 5440 5929 5764 5354 5617 5454 5346 5450 5520 6138 5476 5297 5307 5920 5367 5193 5914 5700 5733 4998 5540 5319 5344 5230 5740 5533 5433 5695 5882 5777 5434 6050 5661 5384 5591 6076 5617 5431 4984 5466 5533 5333 5641 5422 5218 5369 5695 5902 5670 5585 5122 5418 5284 5378 5986 5688 5588 5930 5381 5823 5766 5590 5174 5409 5827 5176 5506 4932 5180 5332 5386 5699 5529 5469 5423 5613 5140 5241 5495 5902
5109 5374 5631 5152 5107 4950 5212 5381 5227 5561 5271 5205 4890 5333 5117 4984 5597 5080 5030 5154 5557 4999 5153 5043 5732 5407 5434 5472 5257 5306 5281 5585 4900 4767 5218 5230 5461 5163 5068 5006 5626 5150 5667 5054 4937 5488 5795 5440 5214 5184 5200 4926 5551 5133 5518 5313 5694 5019 5238 5546 5194 5965 5623 5143 5244 5433 5074 5430 5714 5173 4818 5472 5680 5234 5565 5351 5258 5325 5033 5116 5186 4819 5144 5394 5635 5200 4970 5454 5083 5321 5143 4873 5589 5651 4942 5165 5190 5249 5116 5146 4795 5476 4916 5112 5733 5012 5305 5139 5695 4835 4869 5013 5057 5037 4909 4732 5453 5147 4996 4946 5518 5664 5377 5364 5196 4909 5441 5256 5319 5336 5330 5495 5466 5416 5445 5349 5492 4733 5514 5291 4969 5574 5917 5460 4870 5093 5579 4873 4940 5556 5229 5402 5730 5680 5271 5369 5430 5054 5212 5563 5147 5093 5420 5253 5325 5505 5138 5112 4790 5404 5291 4869 5274 4970 5237 5366 5289 5692 5629 5150 5257 5236 5137 4983 5454 5840 5005 5294 5103 5651 5184 4887 5603 5404 5344 5054 5426 5151 5329 4992 5453 5332 5243 5474 5292 5511 5252 5518 5634 5203 5164 6071 5402 5085 4963 5464 5216 5265 5454 5116 4952 4983 5253 5696 5382 5139 4970 5310 4966 5086 5648 5733 5437 5256 5196 5594 5342 5643 4770 5202 5553 4604 5360 4674 5093 5359 5378 5053 5454 5133 5329 5508 4905 4773 5409 5576
4824 5161 5307 4826 4780 4631 5012 4914 4934 5104 5158 5097 4641 5146 4931 4668 5275 5043 4788 4962 5313 4952 4941 4750 5275 5261 5341 5274 5073 5137 5345 5080 4851 4855 5170 4895 5159 5338 5083 4991 5260 5079 5245 5146 4947 5406 5730 5222 4689 4903 5252 4469 5653 4889 5325 5052 5431 5149 4986 5216 5075 5345 5368 5037 5105 5007 5327 5376 5427 4741 4787 5427 5255 5124 5342 5014 5008 5194 4909 4877 4946 4878 4946 5246 5219 5012 4725 5380 4974 5031 5191 4851 5544 5409 5058 5124 4833 5178 4651 5051 4898 5168 4741 5328 5504 4728 4885 5282 5441 4725 4911 4846 5161 4828 5017 4629 5726 4982 4787 4839 5412 5560 4759 4698 5024 4798 5292 5007 5334 5144 5039 5209 5149 5058 5461 4752 4854 4953 5103 4944 4658 5240 5459 5196 4997 5068 5230 4532 4955 5180 5286 5316 5514 5605 5196 5003 5128 4867 5183 5480 4821 5140 5141 5259 5361 5002 4729 5208 4706 5078 4977 4909 5160 4859 5187 4654 4901 5368 5312 4976 5135 4976 4732 4853 5077 5320 5028 5041 5058 5244 4901 4692 5553 5237 5385 4801 5257 4932 4937 4748 5255 5110 5029 5204 5310 5120 5067 5329 5339 5116 5341 5515 5141 4981 4888 5108 5084 5143 5059 5049 4804 5096 5139 5459 5209 5403 4602 5181 4762 4912 5393 5184 4995 5163 4797 5355 5278 5236 4851 5146 5531 4706 5211 4641 4549 4986 5435 5211 5428 5261 5026 5030 4913 4583 5062 5539
5059 5421 5684 5277 5281 4999 5345 5188 5481 5200 5515 5369 4849 5560 5344 5325 5697 5412 5365 5317 5625 5361 5488 5251 5862 5468 5615 5327 5249 5477 5478 5152 4975 4838 5691 5060 5570 5357 5496 5454 5366 5510 5874 5363 5263 5640 5833 5401 5237 5234 5799 5049 5726 5219 5806 5514 5542 5102 5400 5698 5580 5846 5406 5451 5461 5451 5659 5747 5929 5130 5006 5381 5766 5358 5704 5395 5623 5294 5287 5124 5154 4896 4936 5701 5855 5322 5223 5733 5157 5237 5450 5208 5564 5536 5434 5507 5360 5236 5243 5504 4935 5575 4949 5241 5870 5266 5473 5218 5734 5332 5150 5394 5253 5257 5128 4872 5505 5506 5144 4980 5491 5550 5207 5123 5424 5137 5857 5485 5562 5371 5485 5663 5587 5285 5425 5274 5501 5238 5585 5278 5110 5756 5576 5533 5512 4932 5745 5139 5222 5721 5419 5288 6070 6045 5274 5279 5367 5408 5209 5571 5217 5223 5466 5260 5489 5605 5170 5457 5052 5419 5519 4946 5346 5100 5295 5526 5291 5904 5819 5236 5563 5469 5221 5349 5318 5853 5274 5284 5235 5505 5370 5128 5936 5640 5636 5078 5230 5260 5303 5191 5615 5460 5527 5498 5479 5308 5065 5668 5713 5258 5436 6043 5401 5407 5225 5677 5442 5632 5446 5149 5216 5250 5637 5871 5571 5264 5062 5056 5213 5330 5954 5646 5424 5373 5061 5708 5506 5632 4936 5116 5699 5401 5080 5022 4895 5457 5214 5366 5704 5271 5263 5503 5177 5096 5352 5970
5438 5463 5695 5274 5062 4814 4933 5448 5183 5307 5155 5449 4900 5258 5073 5108 5850 5077 5064 5457 5626 5212 5353 4951 5633 5327 5732 5352 5351 5205 5209 5316 5157 4614 5492 5158 5429 5248 5039 5029 5292 5327 5717 5368 4947 5384 5979 5422 5109 5263 5382 5094 5640 5398 5608 5620 5511 5341 5195 5339 5222 5932 5321 5111 5510 5376 5325 5573 5714 5034 4839 5524 5422 5269 5556 5411 5421 5202 5105 5145 5057 5013 5219 5331 5448 5022 5280 5588 5185 5180 5177 5214 5425 5519 5196 5421 5114 5315 4953 5166 4666 5152 5130 5277 5830 5227 5223 5417 5694 4782 5176 5135 5284 4928 5066 4530 5476 4925 5164 5259 5455 5599 5380 5127 5346 5097 5615 5252 5437 5276 5412 5295 5596 5369 5580 5369 5380 4885 5107 5121 5182 5492 5874 5427 5414 5155 5644 4880 4993 5416 5431 5210 5585 5558 5506 5195 5295 5149 5456 5573 4992 5016 5661 5404 5668 5345 5411 5144 5058 5139 5292 5197 5293 5002 5295 5156 5343 5853 5812 5045 5245 5217 5039 5175 5205 5822 5347 4996 5200 5632 5265 4866 5409 5367 5537 4920 5513 5150 5165 5104 5619 5430 5320 5451 5338 5366 5133 5691 5667 5226 5279 5986 5151 5153 5013 5415 5330 5368 5490 5105 5142 5107 5525 5862 5269 5435 4864 5523 5212 5197 5839 5387 5214 5471 5008 5631 5374 5695 4939 5203 5606 4697 5365 4756 5248 5176 5541 5513 5422 5177 5164 5112 4857 5003 5158 5682
4786 4893 5275 4798 4544 4532 5017 4673 5084 5044 5071 5154 4415 5246 4914 4809 5184 4904 4788 4687 5243 5078 4902 4749 5235 5214 5396 5323 5043 4918 5297 4924 4592 4567 5002 4926 5045 4968 5204 4903 5275 5122 5374 4885 4712 5250 5430 4952 4871 4918 5145 4637 5222 5058 5247 5131 5236 4857 4932 5201 5046 5606 5220 5091 5116 5205 5155 5426 5318 4902 4523 5107 5151 4848 5433 5045 5162 4924 5175 4806 4891 4537 4886 5018 5185 5120 4755 5429 4698 4945 4868 4958 5125 5212 4931 4924 4894 4941 4752 5150 4527 5063 4727 4887 5305 4749 5038 4821 5292 4605 4627 4635 5051 4531 4834 4233 5318 5135 4556 4560 4948 5358 5126 4775 4922 4737 5269 4831 5086 5105 5036 5125 5014 4754 5341 4746 5080 4806 4849 4809 4876 5362 5045 4930 5074 4916 5288 4397 4753 5156 5234 4920 5502 5419 5004 4771 5084 5167 4841 5107 4965 4905 4928 5110 4959 4991 4831 4965 4389 4832 5117 4688 4660 4808 4902 4930 5002 5399 5384 5076 4928 4956 4829 4987 5157 5321 4774 4542 4884 5042 4908 4991 5480 5238 4976 4596 5078 4915 4965 4885 5200 5218 4856 5242 5039 5152 4805 5133 5028 4964 5083 5520 4793 5075 4654 5110 5060 4960 5030 4497 4931 4883 5243 5362 5111 5098 4658 4949 4723 4836 5576 5326 4648 5261 4711 5286 5022 5088 4863 4807 5360 4812 4703 4513 4673 5085 5010 5033 5180 4885 4799 5042 4747 4771 4936 5381
4932 5266 5305 5074 4660 4523 4795 5055 5142 5015 5045 4959 4613 5186 4970 5001 5466 5029 4817 4853 5321 4590 5068 4892 5535 5487 5219 5101 5069 4868 5073 5290 4694 4653 4826 4812 5279 4800 5022 4862 5234 5327 5302 4799 4845 5201 5721 5161 5075 5079 4899 4587 5301 5076 5373 5092 5277 5100 4903 5319 5113 5556 5121 5029 4986 5211 4883 5405 5563 4932 4657 5320 5236 4888 5309 5209 5074 4794 4952 4817 4789 4669 4992 5181 5454 5044 4914 5201 5135 4839 5084 4968 5343 5378 5072 5192 5220 5167 4714 4863 4413 5151 4743 5072 5266 4779 4976 4925 5215 5006 4638 4875 5078 4721 4939 4451 5274 5143 4667 5024 5379 5495 5224 4915 4939 4712 5265 4933 5335 4957 5111 4914 5192 4917 5368 4889 4999 4970 5153 5043 4730 5393 5071 5038 5091 4902 5549 4678 5129 5286 5160 5263 5443 5499 5239 4798 5057 5002 4963 5439 5042 4847 5029 5146 5028 5155 5131 4733 4609 5021 4928 5105 4875 4848 5306 4830 5051 5576 5188 4913 5197 4930 4891 4926 5022 5376 4965 4965 5216 5574 5030 4587 5452 5065 5161 4781 5136 5171 4914 4865 4925 5190 5034 5264 4911 5325 5134 5172 5036 5140 5176 5761 4860 4807 5003 5061 5127 5093 4875 4801 4833 5042 5176 5618 4884 5268 4484 4916 4845 4774 5415 5349 4923 5484 4951 5341 5351 5449 4851 4877 5374 5076 5198 4874 4917 5043 4736 5114 5244 5141 4750 4918 4695 4882 4571 5296
5124 5507 5773 5023 5016 4987 5286 5333 5477 5401 5441 5506 5000 5722 5260 5121 5848 5246 5269 5272 5796 5275 5492 5002 5716 5680 5668 5329 5442 5299 5393 5423 5169 4940 5354 5138 5724 5205 5418 5263 5372 5518 5684 5283 5189 5581 6129 5504 5484 5353 5245 4925 5753 5389 5697 5429 6062 5278 5587 5814 5461 5840 5936 5186 5275 5335 5377 5739 5889 5397 4971 5354 5668 5484 5713 5390 5434 5460 5430 5411 5509 5063 5117 5553 5637 5525 5438 5407 5605 5358 5376 5194 5795 5748 4981 5426 5327 5185 5050 5309 5054 5411 5123 5443 5804 5250 5128 5533 5804 5052 5007 5370 5563 4859 5125 4550 5794 5549 5088 5201 5634 5911 5582 5418 5300 4934 5660 5423 5535 5270 5352 5457 5257 5174 5483 5426 5402 4999 5412 5333 5188 5390 5550 5623 5357 5239 5587 4923 5297 5407 5457 5473 5806 5658 5539 5222 5408 5176 5465 5741 5032 5044 5402 5556 5750 5319 5414 5457 4850 5527 5460 5025 5409 5250 5428 5079 5597 5625 5504 5174 5607 5486 5233 5292 5489 5582 5311 5709 5227 5768 5186 5042 6097 5549 5926 5025 5553 5374 5291 5083 5818 5532 5279 5662 5795 5315 5603 5663 5640 5335 5503 5868 5473 5455 5068 5545 5428 5678 5556 5224 5164 5383 5750 5756 5240 5309 4811 5411 5316 5341 5889 5436 5243 5555 5447 5808 5724 5806 5341 5328 5513 4918 5236 5040 5136 5407 5512 5593 5740 5389 5663 5459 5070 5114 5300 5668
4899 5063 5003 4616 4501 4386 4606 4978 4966 4760 4452 4660 4749 4765 4851 4749 5411 4841 4667 4906 5145 4844 4737 4704 5019 4955 5029 4632 5090 4879 4847 4637 4426 4324 4724 4542 5067 4851 4834 4875 4825 4815 5235 4721 4601 4886 5198 5019 4936 4790 4708 4455 5134 4746 5197 4913 5190 4618 4863 5022 4933 5349 5072 4781 5007 5046 4991 5130 5107 4925 4439 5004 5224 4818 5023 5112 4820 4690 4612 4613 4773 4730 4511 4825 4955 4693 4954 5035 4974 4801 4865 4492 5002 5030 4779 4940 4591 4648 4611 4956 4288 4798 4194 4758 5139 4917 5038 4908 5016 4606 4556 4432 4969 4593 4813 4164 4982 4936 4407 5086 5147 5056 4969 4571 4656 4493 5178 5002 4995 4705 4987 4983 4843 4795 4841 4792 4958 4845 4748 4911 4589 5140 5195 4833 4811 4703 4923 4250 4505 4900 4978 4848 5309 5139 4910 4956 4605 4772 4763 5158 4763 4792 4979 4928 4838 4914 4698 4567 4450 4739 4914 4427 4953 4681 4663 4458 5012 5247 5305 4789 4934 4888 4579 4895 4754 5123 4594 4885 4513 5158 5093 4634 5332 5273 5254 4427 4845 4742 4631 4906 4850 4783 4791 5135 5015 4925 4804 4959 5176 4864 4663 5441 4855 4883 4485 4809 4982 4990 4837 4756 4655 4704 5193 5232 5054 4795 4508 4662 4768 4903 5309 5003 4923 5039 4763 5023 5109 5203 4513 4641 5130 4537 4804 4604 4425 5052 4521 4948 5157 4769 4678 4651 4372 4557 4606 5082
4755 5032 5486 4597 4948 4460 4983 4767 5091 5078 5006 5082 4792 5160 5066 5273 5424 5055 5020 5197 5443 5014 4966 4428 5448 5473 5015 5137 5164 4719 5081 5208 4730 4636 5108 5199 5319 4834 4850 4854 5042 5399 5504 5078 4906 5256 5832 5145 4984 4810 5102 4700 5308 4943 5467 5311 5227 4946 4862 4931 5190 5561 5278 4815 5181 5137 5088 5476 5239 4890 4764 5258 4788 4823 5017 5067 5076 4936 4829 4865 4977 4846 4782 5078 4944 5008 5032 5317 4849 5006 5068 5107 5305 5192 4960 5257 4970 4964 4866 4941 4738 4883 4561 5256 5599 4863 5000 5009 5494 4720 4838 4717 5228 4756 4979 4282 5484 4990 5017 4983 5228 5335 5091 4781 5074 4846 5229 5116 4954 5064 5267 5051 5255 5086 5119 5118 5209 4743 5165 5131 4948 5381 5232 5123 5107 4973 5441 4616 5097 5242 5186 5125 5444 5438 5104 4894 5237 5212 5009 5587 4864 5011 4999 5283 5410 5301 5117 4971 4747 4752 5030 4647 4994 4671 4937 5013 5284 5439 4956 4850 5153 5071 4963 4758 5051 5302 4966 5125 4945 5471 5229 4769 5480 5315 5407 4843 5187 5359 5143 4954 5176 5246 5043 5127 5047 5336 5062 5324 5192 5018 5138 5679 4958 4714 4765 5450 4872 5236 5273 5251 4998 4899 5371 5368 5262 5049 4603 5192 4746 4669 5492 5052 5069 5023 4897 5245 5230 5263 4760 5015 5559 4912 4784 4723 4860 5041 4914 5037 5133 5005 4927 4943 5012 5102 5100 5545
4868 5390 5285 4792 4884 4648 5038 5255 5058 5019 5205 5181 4506 5221 4771 4807 5509 5272 4741 5050 5465 4941 5071 4600 5394 5518 5618 5310 5179 5332 5022 5188 4682 4831 5271 5095 5284 4940 5188 4817 5357 5316 5445 5204 5015 5305 5759 5322 4896 4841 5077 4683 5518 5162 5513 5230 5200 4947 4859 5346 4941 5685 5393 4852 5088 5072 5372 5228 5585 4847 4598 5235 5244 5112 5447 5015 5337 5173 4834 4939 4961 4699 5091 5355 5366 5141 4732 5386 4804 5259 4955 4871 5521 5531 4977 5174 5116 5312 4731 5061 4690 5138 4764 5328 5398 4724 5055 5176 5503 4939 4736 4932 5165 4912 4770 4487 5343 5040 4872 4635 5318 5583 5230 4928 5168 4734 5192 4789 5211 5071 5140 5167 5237 5130 5316 4832 5260 4701 5290 4978 4588 5588 5502 5073 5013 4847 5387 4951 5090 5300 5237 5339 5443 5439 4943 5019 4963 5003 4816 5579 4809 4730 4756 5259 5240 5142 5050 4890 4480 5128 5162 4881 4810 5126 5243 4914 4858 5501 5400 5116 5212 4968 4907 5061 5224 5579 4953 4954 4722 5449 5022 4777 5501 5463 5004 4758 5095 4866 5197 4842 5361 5055 4892 5231 5259 5148 5169 5165 5243 4838 5456 6015 5188 4996 4742 5206 5030 5092 5081 5129 4989 4790 5157 5709 5280 5077 4597 5241 4935 5070 5471 5570 5004 5334 5034 5475 5180 5232 4642 5158 5388 4653 5130 4679 4862 4910 5220 5151 5353 5053 5035 5034 4848 4713 5307 5148
4972 5299 5486 5018 5168 4725 5213 5231 5181 5342 5247 5370 4614 5208 4937 4946 5353 5062 5047 4905 5237 5110 5210 4835 5440 5450 5429 5223 5197 5097 5291 5227 4805 4844 5231 5141 5222 5000 5142 4959 5150 5354 5505 5039 4822 5290 5730 5224 5142 5323 5366 4775 5602 5005 5533 5196 5361 5179 5157 5414 5266 5580 5319 5033 4950 5265 5334 5477 5677 5300 4869 5400 5184 5263 5375 5218 5419 5123 5082 4828 5208 4902 5191 5384 5431 4957 4947 5462 4961 5068 5256 5413 5469 5471 4994 5328 5179 5212 4824 5139 4746 5460 5150 5023 5695 4828 5441 5075 5516 4592 4998 5024 5080 4884 4928 4440 5307 5010 4917 4951 5351 5445 5336 5409 5294 4893 5303 4987 5480 5314 5299 5363 5290 5171 5396 4891 5418 4896 5184 5310 4889 5315 5547 5347 5155 5105 5452 4809 5091 5174 5294 4998 5638 5723 5274 5021 5287 4986 5396 5392 5077 4970 5171 5178 5300 5623 5088 5000 4991 5158 4825 5130 5051 4831 5257 5024 5074 5642 5583 4698 5255 5080 5001 4991 5282 5736 5049 5221 5077 5321 5164 4955 5627 5321 5223 4708 5421 5257 5273 4978 5361 5344 4971 5257 5248 5441 4961 5548 5064 5012 5164 5589 5257 4892 4982 5387 5270 5398 4942 5066 5316 4671 5176 5596 5315 5361 4767 5214 5101 5018 5718 5485 5099 5335 5253 5531 5369 5375 4840 5260 5423 4823 5053 4933 5084 5348 4967 5257 5180 5170 5164 4949 4877 5016 4695 5647
4840 4906 5177 4883 4588 4303 4701 4961 4680 4937 4849 4949 4456 5151 4927 4793 5148 4870 4681 4649 5161 4725 4993 4527 5395 5140 4986 4835 5308 5102 4701 5153 4622 4605 4913 4689 5066 4991 4910 4543 4902 5138 5361 4619 4722 5179 5622 5159 5022 5218 4929 4522 5119 4970 5402 5371 5184 5064 4902 5000 5027 5484 4842 4784 5117 5182 4770 5384 5464 4929 4667 5047 5181 4884 5204 5078 4861 4885 4872 4765 5000 4741 4984 4796 4986 4802 4970 5431 5053 4907 5053 4898 5135 5245 4738 5221 5190 4671 4672 4937 4236 4756 4720 4636 5361 4907 5002 5161 5410 4824 4363 4854 4905 4606 4765 4370 5298 4977 4415 4764 5262 5103 5075 4872 5121 4613 4961 5006 5234 4698 4840 5021 4974 5021 4920 5025 4854 4671 4877 4725 4595 5217 5190 5250 4822 5091 5028 4547 4971 5035 5243 5079 5150 5532 4988 4755 4984 4864 5085 5257 5030 4890 5000 4987 4909 5143 5133 4806 4557 4931 4949 4820 4936 4723 4899 4763 4859 5580 5348 4698 5136 5254 4865 4683 4777 5332 4752 4717 4689 5325 4936 4856 5396 4740 5027 4522 5081 4913 4757 4849 5133 4838 4911 5264 4818 4984 4911 4896 5006 4969 4963 5620 4824 4703 4487 5109 5106 5100 5243 4607 5051 4618 5033 5366 5012 4974 4648 4642 4792 4954 5344 5146 4923 5245 4693 5225 5215 5455 4979 4675 5189 4639 4972 4640 4756 4901 5008 5132 5011 4746 4779 4992 4795 4661 4797 5295
4932 5512 5410 4828 4841 4936 5342 5197 5259 5166 5279 5462 4741 5551 5155 4757 5674 5285 5299 5060 5474 5259 5197 4985 5371 5559 5289 5269 5371 5098 5541 5256 4853 4944 5201 4905 5775 5178 5077 4996 5465 5291 5825 5318 4821 5439 5753 5191 5258 5438 5219 4893 5560 5258 5679 5502 5612 4936 5377 5419 5535 5873 5489 4972 5272 5082 5377 5581 5641 5112 5089 5448 5325 5137 5524 5156 5247 5212 5087 5206 5328 4838 5027 5468 5403 5082 5187 5179 5079 5241 5185 5017 5598 5563 5059 5234 5320 5487 4969 5300 5044 5119 4917 5300 5774 4648 5101 5256 5595 4980 5106 5065 5171 4843 5258 4523 5719 5367 4926 5104 5335 5465 5445 5117 5170 5062 5400 5292 5226 5268 5327 5117 5279 5063 5472 5184 5288 4766 5272 5256 5069 5327 5769 5085 5188 5069 5467 4964 5279 5403 5100 5242 5764 5836 5387 5006 5423 5371 5209 5708 5061 5084 5278 5206 5371 5564 5311 5196 4894 4964 5231 5041 4904 4836 5459 4940 5407 5665 5426 5183 5507 5212 5066 5363 5316 5740 5335 5301 5097 5396 5077 4852 5732 5080 5463 4825 5289 5159 5316 5049 5476 5310 5163 5301 5141 5286 5165 5497 5366 5233 5328 5966 5379 5258 4857 5379 5174 5148 5317 5099 5146 5210 5324 5643 5068 5381 4783 5091 4870 5299 5752 5513 5131 5542 4939 5644 5526 5395 4936 5300 5845 4847 5041 4968 4839 5055 5346 5182 5376 5175 5152 5415 5128 5000 4964 5563
4723 5224 5493 4885 4996 4790 5094 5147 5126 5139 5267 5292 4615 5190 5063 5044 5550 5131 4864 4974 5428 5014 5027 4796 5423 5648 5101 4896 5188 5193 5105 5408 4729 4823 5050 4973 5362 5272 4923 4641 5107 5239 5338 5115 4752 5466 5720 5210 5176 5101 5292 4598 5499 5212 5833 5244 5291 5237 5106 5495 5228 5520 5398 4976 4952 5350 5082 5508 5456 4942 4630 5393 5359 5208 5594 5130 5355 5124 5078 4828 5342 4923 5111 5186 5314 5124 5001 5273 5030 5313 5317 5106 5397 5697 5004 5194 5135 5034 4923 5183 4775 5129 4896 5187 5337 4827 4966 5292 5591 4936 4757 5067 5186 4592 5036 4901 5512 5218 4497 5030 5331 5595 5376 5202 5232 4683 5308 5087 4991 5050 5112 5090 5279 5130 5377 5216 5224 4759 5215 4960 4672 5352 5448 5246 5186 5014 5376 4737 4826 5217 5389 4991 5667 5526 5439 5043 5201 5189 5180 5297 5007 4957 5255 4885 5374 5361 5067 5017 4921 5076 5059 5048 5152 4958 5303 5109 5064 5267 5436 4701 5125 5321 4940 4986 5335 5678 5109 5233 5055 5417 5203 4709 5697 5402 5447 4977 4934 5239 5055 5009 5235 5215 5255 5127 5196 5438 4937 5431 5353 5055 5168 5695 5195 4969 4808 5243 5387 5289 5180 4801 5042 4915 5208 5494 5304 5183 4711 4920 5107 4978 5673 5444 5053 5350 4899 5619 5175 5422 4993 5206 5811 4963 4910 5161 4789 5038 4986 5066 5162 4855 4948 4969 4863 4821 5095 5485
4877 5167 5140 4730 4886 4628 4963 4964 4785 4777 4955 5069 4553 4976 4830 4830 5107 4709 4800 4929 5097 4562 4959 4665 5490 5036 5035 5235 5122 5000 4924 5256 4683 4623 4869 4634 5214 4963 4942 4904 5270 5139 5252 4887 4499 5111 5419 4858 5062 4954 4832 4627 4992 4887 5254 4967 5088 5059 4837 5134 5211 5322 5134 4811 5040 4978 5138 5263 5498 4698 4615 5254 5119 5134 5341 5116 5072 5090 5097 4619 4925 4317 4779 5037 5196 5004 4739 5376 4955 4876 5105 4775 5288 5182 4757 5109 4764 4913 4670 4936 4620 5156 4940 4907 5314 4698 4999 4782 5053 4636 4672 4809 4952 4619 4834 4162 4799 4885 4598 4685 4824 5083 5147 5042 4580 4523 5077 4977 5196 5133 4962 4857 4880 4783 5127 4828 5049 5040 4870 4821 4722 5476 5307 5141 4971 4630 5271 4373 5003 5230 5080 5019 5555 5375 4782 4887 4795 4941 4780 5150 4737 4833 4937 5046 5230 5239 5030 4642 4664 5018 4878 4700 4980 4853 4866 4816 4999 5358 5288 4862 4864 5203 4904 4820 5233 5387 4722 5059 4735 5231 5131 4468 5150 5209 5106 4762 4894 4952 4995 4627 5057 4904 5080 5035 5039 5309 4674 5201 5172 4753 4960 5543 5002 4926 4689 5026 5130 5087 4878 4814 4665 4777 5131 5419 5226 4998 4598 4857 4690 4793 5251 5023 4602 4858 4682 5104 5120 5196 4945 4957 5305 4940 4769 4597 4851 5040 4852 4819 5110 4833 4752 4929 4974 4674 4754 5389
5252 5349 5507 4807 5035 4617 4963 4889 5404 5325 5326 5239 4956 5205 5106 5164 5584 4977 4968 5258 5472 4901 5063 4652 5732 5347 5343 5202 5006 5249 4943 5312 4625 4802 5243 4570 5190 5405 5165 5219 5000 5003 5595 5089 4976 5568 5702 5236 5333 4958 5417 5016 5494 5109 5360 5290 5535 4956 5089 5552 5084 5884 5225 5246 5292 5222 5383 5537 5623 5034 4901 5321 5433 4922 5454 5542 5193 5051 5037 4730 4926 4883 5046 5516 5493 5153 4938 5496 5013 4958 5055 4888 5420 5373 5177 5386 4824 4974 4791 5369 4697 5318 4755 5048 5561 5182 5134 5018 5415 4798 4902 4939 5063 4815 4928 4771 5370 5275 5133 5050 5260 5606 5367 4955 4970 4792 5612 5005 5199 5046 5327 5413 5378 5005 5194 5428 5517 4938 5419 5035 4924 5690 5489 5319 5089 5115 5528 4618 5023 5191 5222 5038 5449 5690 5177 5046 5183 5073 5091 5467 4997 4760 5253 5071 5554 5316 5306 5117 4774 4948 5037 4748 5338 5134 5215 5268 5198 5463 5682 5281 4988 5280 5066 4929 5236 5509 5283 5261 5118 5399 5447 4923 5588 5401 5515 4674 5085 5161 5093 4781 5425 5433 5036 5350 5338 5164 4866 5375 5321 5052 5042 5784 4950 5028 4980 5584 5387 5289 5175 5161 5166 5085 5473 5359 5307 5251 4900 4904 5045 4850 5747 5190 5221 5200 4761 5529 5019 5450 4860 5205 5572 4967 5269 4801 5072 5170 5049 5247 5080 5155 4791 5234 4997 4955 5087 5517
4942 5523 5522 4854 5294 4953 5282 5437 5052 5397 5008 5202 4756 5528 4889 5317 5488 5287 5073 5141 5660 5134 5285 4893 5478 5623 5276 5141 5419 5312 5225 5183 4926 4833 5305 5209 5432 5051 5082 4687 5291 5389 5791 5131 4930 5560 5811 5246 4991 5300 5238 4811 5467 5147 5692 5179 5633 5232 5004 5285 5399 5897 5544 5112 5087 5557 5444 5721 5327 4942 4812 5352 5371 5267 5238 5213 5672 5336 5084 5217 5343 4995 5403 5224 5402 5108 5260 5696 5095 5063 5013 4958 5600 5519 5119 5295 5015 4897 5079 5290 4694 5439 5073 5134 5769 5200 5088 5420 5554 4671 4638 5152 5192 5257 5039 4375 5211 5097 5046 4984 5562 5545 5451 5304 5212 5007 5828 5398 5250 5191 5427 5306 5250 5219 5204 5224 5348 4848 5155 5178 4920 5453 5721 5383 5334 5363 5454 4821 4971 5297 5061 5211 5751 5711 5448 5368 5215 5299 5341 5707 4845 5041 5468 5240 5221 5027 5172 5137 4513 5163 5230 5108 5131 5016 5176 5228 5454 5897 5456 5089 5186 5144 5040 4952 5170 5481 5300 5210 5074 5661 5158 4913 5549 5309 5295 4857 5415 5463 5093 4859 5448 5573 5188 5334 5497 5303 5133 5299 5405 4849 5265 5851 5305 5295 5074 5376 5214 5493 5259 4996 5203 5068 5386 5715 5405 5243 4836 5272 5043 5238 5646 5574 5178 5377 5336 5407 5249 5594 4917 5323 5707 4733 5281 4914 4876 5122 5127 5249 5289 5172 5099 5369 4925 4736 5132 5766
4962 5280 5507 4964 4883 4829 5084 5264 5186 5272 5577 5269 4658 5308 5392 4977 5470 5249 4990 5264 5578 5358 5574 5035 5513 5622 5456 5430 5265 5531 5344 5497 4894 4877 5541 5150 5366 5335 5218 5234 5594 5477 5753 5262 5047 5606 5904 5197 5052 5151 5574 4794 5514 5323 5433 5516 5441 5021 5366 5390 5591 5995 5305 5351 5470 5296 5419 5738 5700 5184 4917 5512 5546 5347 5779 5409 5534 5273 5161 4736 5095 4813 5310 5282 5736 5412 4991 5578 5287 4970 5302 5313 5641 5750 5016 5545 5256 5180 5062 5488 4810 5124 4998 5445 5587 4948 5475 5184 5678 5063 5148 5116 4902 5001 5137 4685 5611 5338 5051 4930 5211 5538 5239 5201 5516 4960 5528 5652 5486 5120 5330 5575 5366 5542 5362 5285 5580 5307 5216 5163 4857 5559 5597 5400 5285 4975 5453 4646 5197 5570 5600 5259 5578 5603 5174 5168 5328 5372 5455 5492 5028 5158 5147 5097 5664 5548 5363 5077 5007 5131 5251 4992 5101 5061 5215 5199 5252 5572 5596 5194 5411 5334 5196 5333 5240 5849 4955 5241 5259 5629 5379 5082 5512 5340 5466 4849 5423 5310 5084 5096 5563 5248 5378 5364 5249 5676 5227 5629 5410 5040 5298 5953 5535 5158 4759 5619 5429 5275 5474 5111 5342 5113 5313 5735 5429 5369 4960 5215 5255 5094 5756 5587 5111 5370 4965 5553 5525 5444 5017 5371 5751 5064 5145 4914 5036 5219 5293 5324 5398 5449 5058 5258 5048 4893 5242 5521
4924 5379 5372 4818 5205 4806 4887 5126 5353 5278 5302 5534 5011 5273 5144 5163 5821 5309 5054 5077 5355 4990 5125 4980 5656 5557 5456 5179 5423 5563 5297 5343 5035 4734 5339 5047 5672 5458 5146 5056 5310 5295 5555 5151 5279 5648 5865 5334 5330 5148 5519 5017 5682 5241 5555 5359 5510 5184 5222 5806 5267 5875 5515 5488 5240 5571 5598 5458 5694 4969 4952 5196 5400 5461 5496 5428 5132 5279 5280 5077 5191 5001 5094 5341 5268 5277 5175 5750 5471 5374 5572 5203 5658 5592 5159 5537 5011 5163 5218 5206 4862 5348 4720 5318 5694 5278 5221 5248 5814 5274 4877 5106 5217 5239 5157 4872 5429 5325 5029 5353 5446 5379 5623 5186 5364 4897 5726 5345 5282 5259 5218 5583 5427 5233 5469 5192 5419 5028 5523 5326 5253 5560 5656 5426 5148 5054 5763 4879 5179 5343 5397 5351 5767 5717 5376 5125 5376 5485 5139 5806 5102 5017 5375 5468 5465 5580 5292 5199 5001 5464 5506 5065 5217 5138 5095 5315 5315 5893 5698 5021 5404 5307 5098 5426 5336 5834 5188 5330 4842 5703 5406 4974 5970 5565 5590 4825 5306 5294 5417 4982 5658 5198 5244 5460 5354 5540 5274 5582 5443 5366 5480 5779 5219 5527 4939 5765 5197 5600 5467 5376 5143 4909 5458 5694 5509 5357 4909 5235 5164 5105 5855 5538 5428 5635 5105 5619 5297 5653 5045 5365 5611 4974 5231 4858 5198 5288 5227 5602 5438 5371 5138 5220 4894 4979 5141 5898
5207 5599 5748 5234 5134 4909 5368 5365 5304 5373 5499 5497 4800 5608 5257 5229 5723 5291 5187 5104 5850 5182 5605 5259 5704 5722 5419 5369 5355 5180 5342 5524 4956 4905 5430 5242 5521 5244 5457 5372 5727 5501 5915 5437 5360 5563 5770 5380 5280 5616 5429 4852 5497 5379 5719 5449 5628 5342 5399 5920 5515 6075 5591 5307 5395 5299 5513 5828 5867 5410 5015 5844 5615 5467 5617 5427 5560 5529 5248 5007 5170 5161 5145 5349 5826 5240 5256 5468 5273 5367 5258 5195 5854 5748 5070 5461 5358 5235 5022 5604 5072 5604 4973 5236 5712 5129 5477 5442 5989 5000 5088 5045 5403 4881 4972 4700 5876 5244 4707 5002 5469 5614 5365 5381 5253 5007 5496 5282 5569 5282 5324 5355 5529 5441 5652 5159 5680 5048 5344 5281 5098 5767 5708 5561 5154 5219 5523 4953 4978 5433 5415 5430 5975 5767 5239 5316 5393 5366 5663 5577 5144 5179 5413 5312 5685 5484 5437 5216 4898 5702 5579 5230 5266 5305 5503 5408 5475 5990 5725 5205 5544 5322 5215 5458 5409 6089 5187 5518 5398 5858 5339 4929 5788 5430 5604 5035 5636 5600 5325 5206 5604 5559 5312 5479 5649 5576 5285 5556 5628 5425 5422 6054 5465 5428 4876 5786 5453 5485 5610 5109 5344 5088 5421 5879 5218 5361 4933 5200 5031 5537 5822 5735 5259 5495 5111 5775 5436 5705 5207 5259 5719 4926 5301 4845 4917 5342 5324 5338 5583 5241 5267 5269 5228 4967 5543 5791
4907 5102 5392 4767 4943 4614 4974 4823 4980 5424 5205 5204 4770 5205 4922 4990 5088 5100 4931 5274 5180 5018 5221 4874 5246 5487 5568 4983 5444 5338 5038 5318 4591 4484 5456 4945 5507 5280 5031 4864 5098 5096 5407 5154 4873 5519 5882 5153 5189 5082 5433 4513 5327 5068 5502 5282 5614 5125 5071 5106 5260 5660 5206 4827 5163 5492 5351 5417 5409 5187 4649 5179 5254 5263 5184 5189 5363 5139 5393 4896 5124 4652 5034 5146 5398 5110 4899 5309 5206 5098 4978 5142 5515 5144 5181 5213 5329 5117 4928 5191 4558 4974 4827 5386 5406 5140 5024 5196 5523 4999 5083 5128 5122 4905 5058 4487 5481 5114 5105 5056 5247 5549 5330 5116 5146 4683 5383 5074 5363 5004 5165 5201 5305 5087 5471 5239 5212 4969 5299 5203 4908 5421 5427 5494 5289 4894 5460 4800 5106 5214 5096 5174 5497 5437 5370 5186 5112 5210 5230 5447 4857 4859 5360 5200 5191 5096 5144 5023 4637 5177 4925 4887 5123 4940 5370 5075 5399 5574 5404 4926 5211 5306 5287 4949 5317 5678 5215 5170 5057 5637 5251 4718 5516 5154 5476 4983 5318 5025 5099 4834 5340 5269 5047 5405 4951 5315 4988 5507 5140 5228 5399 5679 5322 5080 4935 5494 5350 5374 5173 5100 5003 5018 5416 5560 5181 5313 4812 4962 5180 5114 5777 5523 5068 5335 5139 5600 5502 5440 4859 5461 5693 5062 5070 4595 4890 5440 5119 5311 5191 5044 4903 5094 4906 4885 5082 5575
4959 5296 5601 4937 4818 4751 5139 5039 4979 4999 5011 5289 4702 5107 5024 4673 5534 4877 4903 4938 5343 5045 4872 4758 5598 5290 5493 5087 5240 5041 5075 5052 4773 4438 5161 4928 5293 5226 4786 5034 5180 5104 5424 5108 4708 5272 5414 5238 5022 5376 5238 4761 5637 5023 5630 5397 5629 5035 5139 5159 5222 5800 5012 4915 4889 5115 5318 5422 5246 5049 4840 5188 5357 5244 5507 5195 5182 5309 4793 5076 4968 4669 5025 5065 5223 5232 5128 5350 5207 5166 5169 4944 5235 5303 5023 5241 4931 5036 4838 5051 4459 5205 5074 5052 5704 5116 4912 5095 5458 4580 5148 4812 4765 4850 4886 4481 5316 4907 4779 5133 5425 5257 5292 5246 5046 4746 5316 5134 5346 5093 5046 5207 5451 5016 5167 4906 5127 4723 5311 4968 4866 5004 5379 5264 5081 4940 5202 4679 4779 5191 5127 4748 5383 5489 5049 4904 5230 4956 5095 5453 4772 4877 5243 5037 5421 4990 5111 4947 4745 4978 4923 4870 4992 4848 5123 4933 5348 5401 5283 4935 5087 5165 4800 5156 5225 5349 5132 4831 5013 5408 5048 4873 5635 5033 5401 4756 5254 5080 5122 4960 5578 5060 5237 5269 5387 5312 5189 5351 5286 5141 5147 5685 5113 5118 4920 5266 5203 5394 5180 5008 4965 4861 4963 5222 4929 5450 4911 4924 4734 5155 5762 5460 4848 5212 5075 5302 5036 5331 4981 5228 5355 4758 5060 4531 4976 5077 4942 5143 5380 4866 4912 5178 4951 4903 4939 5506
5160 5268 5455 4878 4771 4590 5143 5205 5176 5081 5200 5131 4818 5430 5067 5146 5675 5200 5238 5305 5449 5075 5235 5022 5584 5339 5475 5018 5138 5139 5134 5351 4857 4854 5200 4790 5255 4983 4867 4838 5207 5378 5529 5164 4809 5022 5652 5110 4892 5371 5363 4569 5519 4981 5500 5405 5143 5160 5115 5233 5184 5868 5291 4881 5434 5143 5248 5512 5505 5023 4797 5350 5312 5161 5424 5206 5302 5280 4935 4841 5185 4877 5081 5073 5375 5150 5039 5172 4969 5201 4974 4902 5515 5541 5031 5363 5141 5033 4853 5047 4752 5354 4734 5124 5488 4840 4948 5254 5691 5140 4820 4926 5307 4839 5139 4721 5742 5152 4641 5055 5751 5433 5268 4789 5030 4819 5179 5350 5394 5069 5169 5268 5364 5322 5580 5205 5200 4997 5205 4851 4722 5289 5487 5270 5190 4863 5429 4633 4916 5567 5295 5279 5484 5456 5267 5109 5180 5124 5054 5335 4914 5200 4917 5126 5318 5234 5369 4972 4774 4944 5242 4937 5134 4922 5166 5087 5049 5460 4985 5112 5014 5286 5092 5329 5170 5468 4997 5044 5102 5472 5415 4788 5493 5272 5467 4867 5268 5146 4990 5052 5238 5168 5552 5314 5362 5204 5342 5418 5377 5104 5171 5573 5030 5004 4847 5177 5154 5219 5190 5047 4955 5243 5356 5351 5398 5349 4857 5171 4727 5110 5629 5196 4903 5560 4778 5304 5548 5556 4951 5218 5398 4999 5000 4886 4746 5186 5093 5429 5059 5416 5109 5159 5129 4930 5371 5337
4426 5083 5071 4575 4563 4475 4798 4731 4848 4878 4928 4991 4408 5051 5003 5022 5313 4841 4814 4864 5188 4628 4864 4625 5346 5082 5043 4897 5169 4849 5139 5184 4600 4706 5001 4684 4974 4728 4748 4666 4695 4875 5070 4970 4582 4974 5561 4719 5186 5245 4922 4732 5122 4542 5285 5063 4961 4926 4942 5195 5147 5712 5179 4819 5026 4841 4876 5257 5196 4701 4763 5147 5222 4933 5393 5071 4881 5024 4678 4713 5143 4553 4678 5283 5016 4858 4637 5139 4913 4851 4908 4638 5274 5570 4900 4967 4709 5020 4561 5018 4648 4966 4838 5131 5377 4614 4760 5019 5394 4594 4793 4866 5077 4591 4961 4368 5447 4889 4704 4952 5416 5225 5151 4874 5069 4626 4786 4924 5066 4757 5163 5086 5135 4932 5085 4857 5046 4965 4891 4843 4877 5280 5391 5072 4927 4807 5390 4426 4709 5358 4864 5013 5265 5355 5093 5111 5003 4985 5117 5399 4745 4919 4967 5005 5229 5062 5121 4721 4846 4840 4915 4433 4873 4641 4991 4592 5088 5405 5171 4783 5079 4892 4765 4800 4774 5404 4877 4854 4767 5292 4903 4671 5398 5110 5163 4695 4879 4788 4858 4876 5110 4711 5045 5325 5370 5052 4779 5419 5087 5090 4859 5494 5060 4804 4779 5114 4993 5031 4855 5064 4676 4946 4964 5234 5081 5267 4639 4722 4772 4598 5359 5258 5011 5349 4681 5226 5050 5038 4726 5037 5147 4783 5304 4786 4502 5116 5093 4936 5031 4855 5069 4985 4519 4741 4722 5113
4741 4981 5224 4744 4730 4850 5200 5231 5056 5067 5082 5292 4608 5234 4739 4913 5384 5129 4833 4934 5455 4838 5215 4788 5299 5271 5033 5086 5204 5044 4857 5031 4700 4777 5074 4962 5219 4962 5066 4818 5355 5187 5296 4949 5037 5130 5649 4998 4937 5015 5342 4475 5443 4939 5325 5186 5326 5122 4891 5321 5229 5472 5141 4911 5243 5081 5092 5377 5523 4823 4566 5077 5186 4935 5249 5008 5161 5163 5017 5090 4971 4826 5005 5149 5013 5117 4926 5345 4972 4961 5174 5041 5455 5184 4698 5251 4875 4941 4952 5059 4475 4866 5111 5054 5448 4919 4957 5068 5620 4869 4893 4910 4958 4732 4874 4366 4963 5053 4835 4897 5155 5000 5092 4962 4945 4655 5257 4953 5658 5331 5129 5035 5174 5076 5363 5112 5190 4798 5005 4980 4770 5220 5432 5154 5102 4933 5393 4744 4938 5259 5016 5009 5330 5576 5131 4981 5218 5093 5108 5519 4840 4780 5395 5224 5344 5232 5208 5006 4552 5027 5147 4897 5034 4606 5029 4915 4941 5550 5471 4836 5144 4983 4938 5094 5052 5622 5005 5099 4802 5411 5149 4644 5596 5251 5109 4542 5313 5110 4966 4957 5389 5112 4981 5281 5080 5140 4944 5205 5094 5054 5238 5507 5019 5151 4934 5134 5205 5315 5269 4839 4922 4853 5153 5488 5096 5161 4620 4694 5012 4944 5572 5417 5061 5298 4972 5575 5207 5625 4627 5005 5652 4831 4824 4608 4806 5123 4862 5215 5177 5140 4786 5013 4810 4647 4934 5402
5120 5262 5417 5044 4870 4608 5111 5340 5365 5338 5265 5235 4986 5226 4978 5134 5449 5115 4865 5074 5353 4984 5182 4887 5576 5315 5457 5330 5358 5159 4996 5293 4805 4785 5270 5101 5297 5332 4976 5281 5207 5393 5528 5040 5048 5558 5934 5151 5189 5178 5286 4756 5586 5003 5374 5246 5460 5149 5253 5253 5375 5904 5309 5193 5278 5484 5298 5532 5667 5073 4688 5230 5497 5216 5519 5357 5301 5083 5049 4923 5120 4967 4951 5351 5421 5307 4896 5445 4978 5287 5272 4931 5460 5508 5030 5398 4941 4923 4876 5171 4743 5140 5081 5133 5735 5041 5029 4895 5503 4806 4679 4947 5166 4909 4798 4539 5449 5058 5004 4996 5084 5520 5352 5078 5163 4895 5601 5270 5281 4999 5021 5329 5242 5063 5213 5238 5524 4829 5355 5303 5099 5464 5545 5542 4885 5122 5438 4731 4820 5253 5295 5037 5397 5386 5281 4925 5125 5050 5288 5581 4887 4909 5173 5255 5240 5136 5010 5115 4747 5006 4930 5164 5312 4909 5110 5031 5121 5837 5511 5105 5208 5183 5051 4947 5295 5573 5116 5006 5021 5470 5220 4900 5697 5290 5365 4587 5072 4958 4939 4845 5448 5456 4928 5237 5243 5115 5120 5368 5285 5050 5305 5880 5261 4969 5091 5567 4991 5364 5118 5358 5257 4868 5208 5425 5151 5270 4599 4884 5044 5184 5786 5552 5089 5243 5160 5389 5146 5521 5110 5043 5599 4699 4958 4766 4920 5113 5333 4986 5442 4824 4985 5165 5043 4746 5013 5509
4722 5109 5233 4746 4697 4735 5085 4990 4908 5197 5129 5087 4803 5149 5023 4938 5404 4945 4777 4750 5295 4927 5061 4838 5568 5373 4970 4903 5217 5274 5068 5133 4614 4536 5239 4833 5319 5018 4825 4923 5089 5295 5492 4928 4730 5268 5779 5115 4971 5200 5164 4675 5297 5001 5408 5312 5520 4826 5076 5178 5255 5697 5043 4889 5067 5323 5025 5171 5443 5022 4648 5141 5388 5107 5474 5227 5111 5044 4731 4888 4943 4938 4928 5238 5250 5079 4725 5095 4983 4952 5089 4869 5373 5662 4922 5262 4849 4793 4870 5175 4770 4999 4936 5114 5333 4684 5179 4971 5420 4818 4730 4818 5044 5178 5053 4336 5604 5019 4815 4963 5133 5283 5117 5000 5164 4531 5094 5111 5081 4966 4987 5318 5016 4991 5067 5059 5125 4764 5175 5082 4897 5292 5164 5241 5123 4915 5360 4752 4969 5120 4943 5027 5389 5428 5142 4966 5196 4969 5079 5342 4801 4779 5056 5123 5081 5382 5003 4761 4790 4939 4925 4884 4916 4774 5225 4907 5166 5423 5428 4815 5198 5352 4828 4798 5077 5580 5080 5151 4913 5419 5005 4769 5757 5315 5206 4697 5074 5006 4818 5045 5414 4957 4977 5427 5133 5252 4867 5322 5109 5111 5027 5597 4864 5004 4716 5091 4912 5326 4783 5010 4829 4858 5070 5475 5125 5241 4637 5046 4768 5107 5752 5267 4925 5202 4825 5396 5175 5572 4875 5271 5558 4910 4956 4786 4821 4842 5209 5262 5176 5027 4747 5164 4879 4668 4903 5418
5095 5525 5338 5093 5116 5159 5239 5396 5083 5265 5173 5347 4844 5492 5155 5232 5577 5242 5263 5121 5980 4999 5469 5041 5577 5541 5406 5246 5747 5431 5356 5501 4878 4954 5686 5263 5675 5312 5343 4986 5201 5366 5737 5309 5234 5673 6060 5440 5538 5367 5282 4898 5716 5450 5715 5465 5464 5264 5044 5412 5409 6089 5539 5342 5362 5558 5513 5823 5705 5156 4818 5538 5502 5439 5645 5401 5409 5386 5287 4915 5235 4864 5511 5279 5849 5343 5233 5524 5175 5491 5478 5099 5610 5752 5157 5275 5255 5303 4989 5268 4954 5642 5132 5234 5576 5194 5308 5591 5683 4993 5067 5192 5365 5089 5287 4733 5718 5303 5052 5151 5481 5828 5497 5382 5227 4943 5576 5556 5684 5264 5543 5643 5437 5405 5701 5237 5371 5320 5335 5372 5049 5832 5686 5803 5304 5117 5534 5053 5323 5212 5455 5470 5812 6022 5529 5315 5482 5279 5448 5639 5203 4989 5413 5306 5592 5533 5397 5091 4887 5554 5394 5182 5110 5112 5151 5419 5738 5957 5853 5210 5470 5262 5039 5304 5350 5760 5277 5229 4904 5722 5437 5091 5761 5362 5456 5176 5510 5487 5180 5332 5623 5284 5440 5258 5283 5687 5089 5650 5443 5267 5560 6058 5413 5225 5255 5585 5464 5519 5233 5550 5067 5094 5444 6021 5492 5432 4967 5123 5358 5302 6019 5499 5147 5414 5092 5585 5494 5896 5155 5530 5699 5111 5343 5027 5156 5476 5318 5689 5401 5352 5582 5533 4778 5094 5412 5653
4850 5061 5135 4823 4751 4591 4872 5174 4814 4892 4854 4900 4562 5119 4850 5022 5132 4700 4778 4692 5264 4828 5006 4719 5497 5367 5049 5050 5101 4893 4695 5214 4669 4689 5326 4776 5174 4977 4985 4666 5135 4994 5305 4679 4913 5303 5604 4800 4916 4879 5104 4591 4994 4950 5250 5038 5191 4967 4941 5161 4849 5401 4724 5011 5143 5093 4911 5412 5442 4785 5051 5212 5026 4908 5218 5230 4975 4857 5020 4519 4900 4734 4646 5279 5261 5003 4607 5462 5042 5046 4897 4955 5279 5369 4860 5107 4842 4867 4707 4955 4288 4984 4737 5164 5153 4592 4984 4687 5382 4818 4445 4802 4850 4978 4820 4275 5141 5069 4424 4701 5045 5364 5137 5074 4980 4819 5198 5048 5284 4986 5317 4901 4929 5044 5112 4871 4850 4741 4979 4915 4876 5219 5353 5374 5072 4775 5282 4494 4816 5133 4851 4965 5459 5551 5322 5201 5280 5284 4861 5133 4871 4560 4973 4958 5129 5137 4828 4655 4641 4997 4954 4891 4764 5122 5132 5123 5025 5651 5399 4735 4928 4882 4608 4855 4903 5435 4910 4882 4785 5498 5051 4526 5340 5172 5137 4653 4947 5054 4829 4847 5214 5021 4959 5266 5020 5050 4921 5090 5143 5034 5037 5717 4915 4864 4705 4876 4940 5065 4732 4938 4813 4924 4936 5322 5180 5081 4377 4823 4793 4958 5555 5424 4876 4950 4955 5183 5146 5214 4772 5032 5411 4956 4805 4772 4476 5010 4843 4960 4898 4841 4686 4874 4670 4874 4970 5417
5101 5738 5736 5215 5310 4828 5286 5446 5510 5582 5563 5659 5008 5446 5386 5157 5961 5471 5365 5349 5678 5006 5427 5162 5900 5827 5597 5647 5484 5651 5512 5700 5345 4987 5355 5182 5666 5513 5482 5334 5742 5626 5690 5318 5272 5750 6210 5861 5248 5371 5560 4855 5957 5453 5815 5374 5838 5437 5332 5790 5415 6106 5727 5312 5345 5501 5577 5991 5823 5378 4909 5626 5578 5541 5649 5633 5524 5430 5551 5422 5399 5047 5273 5529 5738 5417 5032 6003 5419 5399 5481 5390 5663 5842 5388 5727 5332 5470 5042 5531 5017 5714 5318 5505 5826 5332 5674 5507 5996 5379 5291 5443 5331 5388 5161 5006 5712 5467 5315 5423 5867 6097 5554 5427 5613 5042 5552 5440 5582 5441 5547 5532 5740 5206 5520 5288 5476 5403 5599 5308 5123 5700 6028 5582 5565 5482 5854 4983 5234 5604 5493 5557 5758 5876 5762 5360 5708 5288 5396 5819 5414 5328 5549 5591 5633 5584 5431 5439 5121 5403 5365 5180 5466 5220 5688 5206 5435 5924 5659 5579 5638 5402 5113 5294 5546 5990 5351 5451 5263 5853 5462 5016 6089 5733 5905 5191 5587 5793 5588 5252 5777 5649 5512 5653 5465 5828 5322 5776 5636 5288 5331 6026 5212 5504 5307 5606 5439 5651 5492 5450 5336 5437 5612 5738 5550 5581 4829 5405 5418 5306 6087 5764 5646 5727 5220 5657 5562 5970 4942 5435 5889 5234 5791 4950 5429 5626 5442 5594 5525 5587 5207 5349 5363 5029 5194 5958
4722 5220 5279 4595 4625 4551 4851 5031 5113 4931 4886 4968 4699 4938 4809 4703 5319 4871 4829 4650 5221 4753 4843 4525 5276 4940 4945 4935 5159 4806 4791 5067 4533 4344 5228 4543 5187 4906 4893 4759 5129 4789 5077 4958 4802 5144 5459 4744 5092 5059 5167 4450 5108 4690 5162 4956 5152 4738 4895 5089 4738 5439 4982 4933 4868 5199 5257 4950 5224 4851 4497 5060 5068 5012 5033 5103 5089 4913 4852 4468 4855 4595 4864 5015 5068 4573 4651 5169 4747 5004 5103 4559 5154 5225 4652 5237 4954 4927 4728 4915 4329 4800 4729 4998 5141 4650 4726 4850 5250 4760 4693 4659 4833 4852 4957 4243 5107 4722 4665 4742 4962 5262 4921 5036 5029 4557 5041 4919 4890 4569 4989 4976 5278 5031 5063 5086 4917 4706 5300 4933 4552 5134 5413 5085 4920 4971 5191 4631 4821 4942 4841 4824 5314 5324 4938 4977 4949 4707 4803 5303 4734 4801 5053 4975 4883 5005 4920 4613 4602 4864 4751 4948 4925 4710 5061 4805 5029 5314 5368 4804 5100 4806 4679 4871 5061 5267 5016 4652 4640 5433 4925 4483 5444 5019 5349 4496 5112 4835 4508 4784 5268 5053 4963 5096 4875 4770 4922 5246 5271 4906 4804 5530 4791 4704 4810 5288 4871 5448 4795 4966 4787 4584 4899 5215 4735 5009 4482 4641 4806 4889 5302 5145 5068 4967 4934 5132 5197 5540 4581 5093 5425 4718 5178 4410 4479 5033 4822 4831 4992 4868 4582 5076 4665 4586 4566 5374
5283 5243 5337 4963 5148 4960 5147 5115 5235 4973 5107 5325 4705 5288 5076 4903 5615 5217 5212 5114 5502 5087 5181 4698 5593 5220 5236 5115 5219 5180 5152 5416 5034 4777 5000 4778 5425 5173 5046 5241 5650 5341 5703 4955 5100 5335 5905 5267 5028 5123 5314 4835 5708 5082 5715 5301 5478 5099 5216 5224 5272 5658 5297 5132 5104 5424 5476 5459 5818 4717 4784 5229 5287 5266 5455 5188 5117 4867 5231 4914 5297 5083 5040 5244 5307 5175 5034 5560 5235 4947 5416 4974 5512 5514 5051 5229 4986 5013 5095 5282 4737 5178 5038 5167 5650 5063 5063 5369 5581 5085 4908 5301 5282 5050 4977 4586 5457 5218 4891 5056 5386 5412 5326 4938 5335 4962 5406 5194 5462 5421 5347 5260 5252 5076 5134 5025 5132 5000 5329 5095 5005 5526 5794 5404 5366 5022 5565 4850 5043 5238 5350 5246 5527 5472 5373 5214 5251 5253 5245 5519 5190 5191 5273 5119 5530 5539 5093 5279 5123 5121 5307 4879 4952 4741 5253 5138 5225 5505 5395 5060 5266 5527 5058 5043 5167 5873 4939 5096 4832 5387 5416 4976 6045 5306 5577 4922 5027 5104 5194 4945 5591 5141 5252 5354 5304 5189 5327 5423 5414 5127 5145 5887 5334 5046 4831 5304 5058 5300 5200 5186 5118 4993 5544 5467 5220 5099 4935 5235 4929 5172 5720 5213 5403 5299 4933 5361 5590 5550 4974 5099 5656 5072 5234 4988 4791 5249 5002 5490 5602 5220 5077 5205 5097 4878 4937 5596
4809 5342 5678 4699 4999 4586 5060 5177 5161 5180 5067 5266 4805 5204 5041 5088 5489 4978 5028 4930 5392 5109 5090 4976 5384 5403 5331 5219 5370 5400 5497 5273 4750 4790 5540 4917 5504 5016 5239 5094 5220 5175 5565 4981 4779 5330 5894 5204 5154 5262 5082 4745 5436 4923 5661 5377 5400 5142 5187 5435 5198 5799 5160 4991 5069 5432 5323 5638 5601 5068 4669 5418 5409 5373 5208 5389 5223 5285 4998 4940 5415 4919 5034 5159 5491 4858 5239 5306 5183 5194 5214 4860 5357 5437 5282 5041 5049 5258 4976 5439 4641 5370 4701 4980 5630 4680 5099 5067 5339 4859 4789 5317 5061 4977 4993 4520 5466 5436 4602 4960 5412 5707 5437 5160 5094 4881 5294 4950 5285 4954 5099 5266 5388 5065 5008 4970 5378 5113 5143 5215 4864 5311 5467 5463 5004 4973 5331 4539 5029 5489 5247 5180 5557 5700 5156 4972 5134 5067 5116 5630 4906 4893 5293 5071 5315 5141 5165 5160 4620 4936 4945 4859 5033 4813 5016 4777 5200 5471 5548 4919 5215 5080 5057 5099 5478 5426 5178 5067 5177 5557 5242 4845 5584 5588 5422 5070 5256 5364 4972 5147 5422 5164 5109 5249 5238 5330 5083 5675 5231 5155 5020 5755 5477 5170 4978 5269 5399 5451 5246 4826 5002 5078 5184 5478 5309 5527 4729 4945 4888 5127 5606 5346 5150 5357 5124 5536 5213 5473 4845 5398 5200 5019 5118 4990 5112 5463 5028 5046 5148 4897 5061 4908 4762 4948 4938 5496
4610 5283 5268 5024 5002 4823 5144 5088 4947 4813 4912 5150 4566 5171 4906 4945 5286 4887 4861 4778 5483 4756 5133 4563 5390 5327 4925 4942 5116 5098 5036 5200 4808 4373 5256 4914 5237 4955 4959 4937 5378 5114 5646 5176 4898 5302 5634 5146 4859 4800 4916 4596 5286 5023 5341 5122 5167 4828 4751 5245 5016 5738 5243 4809 5169 5064 5099 5226 5354 4874 4854 5258 5158 4928 5287 5186 4932 4793 4803 4898 4678 4480 4984 4964 5376 5206 4853 5290 5243 5003 4798 4747 5394 5085 4775 5178 4982 4780 4696 5233 4635 5135 4778 5117 5330 4726 5033 5109 5153 4970 4823 4903 4920 4975 4782 4391 5044 5125 4931 4748 5092 5165 5108 4776 5178 4671 5122 5074 5213 4979 5044 5011 5141 5076 5247 5016 5157 4692 4953 5065 4913 5147 5306 5071 4995 4478 5305 4573 4798 5005 4767 4927 5328 5244 5235 4946 5133 4961 4880 5450 4786 5065 5018 4889 5226 5031 5237 4891 4694 5134 4915 4544 4892 4678 5055 5051 5023 5409 5197 5022 5011 4918 4816 4796 4942 5425 5067 4919 4690 5446 4933 4931 5416 5017 5115 4620 5026 4994 5053 4984 5166 5440 4992 5087 4985 5248 5062 5320 5037 5004 5264 5797 5003 4948 4877 5237 4724 5160 4968 5184 5002 4909 5078 5688 4899 4953 4705 4847 4695 5068 5434 5293 4745 5047 4869 5406 5440 5359 4762 4985 5479 5034 4982 4718 4795 4861 4803 5222 5179 5037 5019 5248 4800 4868 5000 5201
4857 5298 5599 4899 5130 4740 5089 5227 5325 5066 4910 5122 4928 5269 4821 5059 5430 5047 4895 4747 5643 5202 5152 4839 5887 5294 5260 5086 5189 5236 5239 5417 4895 4704 5173 5111 5478 5076 5047 5156 5048 5243 5530 5143 5058 5610 5967 5236 5114 4998 5190 4702 5409 5070 5326 5079 5378 5323 5011 5308 5348 5728 5268 5061 5418 5506 5540 5524 5624 4928 4989 5320 5157 5282 5422 5402 5299 5318 5214 5056 5005 4974 4955 5032 5198 5222 4938 5592 5124 5137 5204 4961 5507 5399 5051 5458 5027 4790 4916 5348 4709 5285 4725 5463 5675 5152 5189 5172 5727 4786 4680 4918 5365 5051 5123 4600 5413 5162 4701 4965 5524 5489 5260 4990 5065 4982 5497 5184 5387 5163 5065 5272 5256 5166 5144 4975 5346 5114 5195 5046 5043 5531 5404 5609 5326 5089 5129 4815 4778 5255 5363 5123 5445 5479 5414 5137 5398 5477 5074 5114 4887 5164 5529 5356 5372 5314 5339 4897 4868 5228 5277 4973 5039 4877 5051 5143 4982 5685 5486 5012 5307 4949 5063 5187 5241 5832 5046 4963 4980 5433 5135 4939 5698 5434 5421 4848 5313 5293 5114 4929 5233 5235 5290 5322 5411 5219 5090 5247 5515 4992 5196 5537 5120 4943 4825 5319 5298 5666 5119 4794 5296 4927 5363 5550 5327 5234 4712 5242 5059 5035 5392 5538 5252 5244 4996 5573 5239 5684 4755 5116 5445 4798 5194 4765 5015 5110 5126 5106 5173 5133 4965 4878 4818 4871 4961 5564
4775 5301 5315 4745 5009 4453 5115 4886 5227 5101 5299 5121 4648 5230 5130 5022 5273 4786 4706 4666 5204 5220 5167 4813 5468 5301 5087 5115 5057 5063 5131 5336 4708 4695 5082 4860 5391 4905 4971 4810 5175 5299 5652 5164 4901 5277 5797 5133 4992 5230 5159 4480 5350 4933 5371 5160 5232 4844 4886 5208 5012 5700 5120 4887 5140 5330 4965 5293 5582 5062 4814 5189 5291 5225 5541 5288 4978 5291 4667 4903 5022 4702 4920 5214 5107 5030 4977 5340 4929 5223 5364 5069 5356 5181 5190 5387 4972 5042 4870 5229 4718 5192 4665 5141 5639 4766 5155 5079 5584 4830 4963 4877 5013 4778 5101 4689 5466 5131 4561 4861 5176 5331 5273 5337 5135 4801 5169 4889 5259 4948 5102 5012 5185 5250 5097 4896 5087 4769 5378 5309 5064 5180 5293 5162 5115 4884 5169 4802 5114 5219 5210 5016 5442 5399 5266 4993 5265 5281 5304 5463 4831 4914 5009 4954 5388 5409 5169 4992 4961 5074 5204 4928 5020 5031 5096 4974 5449 5483 5412 4672 5096 5096 4738 4995 5148 5823 5169 4891 4876 5432 4963 4742 5336 5082 5320 4667 5223 4885 5014 5161 5365 4992 5189 5122 5182 5176 5028 5331 5287 5177 5159 5765 5449 4816 5077 5356 5237 5211 5101 5019 4897 4830 4958 5408 5025 5357 4788 5013 4778 5093 5645 5478 5130 5516 5012 5592 5304 5272 4691 5198 5505 4820 4934 4687 4860 5103 5104 5061 4947 4965 4909 5142 4643 4704 5066 5423
5001 5248 5492 5165 5031 4820 5204 5091 5093 5364 5173 5551 4617 5548 5120 5098 5396 5200 5251 5140 5383 5133 5124 4817 5844 5199 5530 5507 5390 5244 5017 5491 4745 4785 5079 4944 5333 5265 5097 5266 5100 5584 5596 5174 4758 5319 5555 5089 5291 5452 5355 4965 5752 5170 5423 5245 5518 5382 5112 5293 5460 5792 5257 5114 5369 5358 5269 5490 5510 5074 5103 5508 5329 5150 5347 5230 5285 5278 5133 4948 5077 4753 5286 5571 5263 5329 5050 5455 5058 5182 5290 4940 5605 5437 5232 5268 5420 5294 5039 5242 5003 5419 5088 4993 5906 5345 5043 5243 5744 4833 5067 5158 5339 5144 5205 4744 5437 5342 5000 5272 5239 5515 5414 5195 5221 4801 5357 5249 5609 5101 5323 5353 5530 5056 5318 5307 5126 5123 5516 5118 5040 5500 5542 5394 4838 5031 5399 4713 5209 5211 5476 5444 5504 5756 5278 5161 5268 5362 5214 5426 4887 5190 5326 5351 5548 5327 5486 5062 4908 5040 5188 4787 5331 5093 5200 5479 5055 5593 5770 5225 5449 5178 5226 5157 5317 5787 5191 5233 5146 5653 5106 5163 5744 5249 5265 4816 5567 5019 5319 5155 5799 5167 5338 5176 5186 5290 5200 5486 5396 5315 5195 5881 5101 4854 5156 5541 5328 5436 5364 5203 5139 4847 5206 5792 5282 5416 4805 5050 4967 5166 5770 5287 5183 5436 4989 5513 5163 5938 4919 5283 5722 4976 5397 4732 5118 5222 5093 5261 5414 5090 5031 5473 5058 4876 5221 5479
5059 5161 5602 4888 4938 4755 5140 5142 5213 5106 5059 5544 4757 5221 5020 5204 5230 5060 4972 4838 5381 4785 5093 4915 5595 5474 5532 5325 5275 5430 5091 5222 4802 4591 5215 4758 5432 5215 5083 5086 5198 5313 5421 5287 5085 5253 5736 5388 5007 5035 5118 4845 5487 5163 5493 5123 5465 5166 5183 5262 5259 5647 5395 5041 5332 5305 5324 5505 5667 4997 4852 5310 5303 5298 5199 5476 5175 5074 5149 5035 5013 4696 5134 4999 5386 4854 5013 5700 5230 5120 5450 4921 5370 5202 5220 5489 5040 5214 4999 5374 4804 5309 4927 4941 5675 5289 5154 5229 5357 5005 4972 5117 5208 5037 5213 4549 5226 5134 5007 5052 5255 5375 5353 5326 5258 4735 5286 5187 5548 5157 5196 5187 5146 5280 5326 5128 5206 5184 5192 5231 4890 5540 5612 5533 5219 5105 5319 4574 5136 5318 5348 5334 5495 5765 5171 5119 5030 5158 5021 5648 5120 5003 5085 5218 5359 5215 5119 5061 4905 5184 5106 4921 5086 5122 5126 5188 5197 5765 5514 5194 5170 5065 4913 5164 5159 5520 5119 5268 4919 5440 5352 5043 5554 5422 5573 4728 5293 5056 4946 5131 5394 5191 5272 5230 5335 5357 5090 5285 5271 5222 5106 5734 5109 5079 4832 5289 5064 5259 5149 5179 4890 4964 5254 5782 5386 5116 4766 5082 5091 5030 5730 5305 5192 5324 4891 5576 5295 5635 4920 5275 5602 5120 5294 4842 4841 5162 5033 5311 5448 5018 4924 5099 5092 4862 5165 5455
5363 5505 5585 5200 5378 5110 5447 5196 5619 5484 5530 5656 4819 5572 5447 5348 5883 5324 5257 5383 5802 5525 5464 5041 5853 6027 5735 5522 5452 5629 5527 5672 5025 4953 5702 5286 5409 5415 5443 5276 5638 5754 5877 5521 5406 5835 6122 5636 5371 5612 5692 5022 5973 5537 5943 5676 5719 5627 5600 5876 5619 6082 5603 5324 5535 5706 5434 5827 6082 5680 5164 5700 5677 5440 5933 5823 5585 5238 5073 5294 5218 5151 5333 5789 5894 5372 5071 5944 5459 5457 5594 5342 6141 5878 5491 5648 5384 5686 5028 5413 5044 5420 5490 5603 5818 5195 5461 5535 5796 5215 5457 5415 5490 5075 5432 4807 5755 5500 5296 5462 5602 5956 5356 5404 5623 5146 5663 5580 5826 5477 5748 5466 5580 5586 5772 5491 5834 5275 5470 5536 5154 5896 5565 5590 5626 5266 5907 4869 5208 5538 5619 5672 5985 6052 5836 5480 5476 5439 5553 5885 5546 5133 5486 5587 5725 5706 5607 5291 5259 5744 5381 5177 5453 5201 5699 5504 5465 5822 5893 5249 5658 5685 5214 5300 5545 5731 5429 5582 5345 5715 5555 5245 5964 5852 5801 5172 5627 5382 5357 5392 5837 5727 5558 5618 5783 5336 5721 5818 5653 5525 5714 6262 5441 5538 5176 5840 5499 5632 5186 5454 5245 5313 5676 6071 5702 5589 5074 5432 5625 5361 6302 5768 5248 5726 5448 5742 5666 5832 5333 5545 5932 5407 5796 4938 5161 5683 5342 5548 5793 5665 5329 5566 4987 5326 5627 6027
4997 5288 5455 4806 5095 4889 5263 5212 5041 5095 5082 5208 4796 5123 4862 4890 5436 4834 4847 4811 5512 4528 4878 4693 5470 5605 5247 5101 4958 5164 4961 5179 4653 4656 5302 4779 5240 4989 4885 4956 5084 5157 5598 4921 5104 5431 5696 5274 5064 5079 5093 4749 5328 5058 5570 5283 5635 5201 4977 5159 5077 5671 5348 4945 5088 4860 5393 5546 5312 4671 4898 5241 5177 5190 5073 5053 5276 5061 4748 4984 5025 5034 5187 5314 5476 4925 4939 5331 5211 5117 5161 4727 5727 5380 4875 5320 4829 5041 4638 5241 4604 5117 4868 5021 5766 5002 5067 5054 5462 4686 4678 5038 5103 4793 4851 4710 5312 5036 5047 4979 5342 5574 5358 5038 5161 4988 5350 4922 5130 5074 4980 5299 5072 5169 5239 5309 5435 4681 5223 5230 4813 5440 5446 5408 5096 4977 5150 4645 4772 5124 5225 5096 5270 5511 5113 5118 5295 4999 5169 5402 4902 4704 4920 5150 5251 4980 5030 4951 4643 5017 5008 4781 5081 4911 5212 5084 5188 5346 5591 4946 5144 5052 4984 4902 5058 5385 5183 5204 4932 5283 5063 4882 5513 5295 5562 4761 5164 4934 5103 4873 5255 5318 4842 5230 5349 5205 5169 5254 5426 5157 5135 5775 5252 4915 4899 5203 5094 5038 5195 4938 4862 5048 5035 5668 5167 5201 4673 4754 5075 5069 5549 5038 5277 5221 5116 5506 5061 5396 5071 5233 5365 4793 5102 4589 4687 4947 4805 5086 5326 5127 5110 5224 4861 4855 4861 5308
4824 4952 5224 4748 4797 4613 4796 5102 4992 5141 5133 5150 4395 5290 4981 4645 5167 4957 4907 5059 5275 5063 4996 4869 5561 5302 5048 5229 5205 5077 5145 5118 4566 4664 5034 4736 5240 5058 4846 4854 5174 5162 5384 4757 4498 5025 5313 4958 5055 5117 5061 4775 5144 4966 5375 5243 5258 4965 4926 5246 5051 5357 5342 4865 5257 5056 5162 5284 5103 4884 4826 5144 5231 5043 5403 4944 5111 5239 4889 4747 4883 4608 5042 5008 5132 5247 4825 4924 4947 5279 4722 4931 5257 5511 4811 5204 4971 4981 4667 5157 4736 5399 4831 4763 5379 4753 5432 4913 5294 4426 4744 5045 4607 4859 4835 4507 5333 4984 4799 5069 5281 5109 5355 4873 5236 4557 5137 5030 5037 4881 4941 5119 4849 5154 5363 5003 5232 4830 5451 4933 4734 5336 5430 4982 4796 4637 5274 4373 4697 5137 5413 4965 5648 5358 4914 4655 4947 4946 4787 5401 4754 4772 4956 4965 5009 5174 5146 4727 4557 4773 4850 4815 4665 4852 4925 4954 5032 5397 5216 5006 5132 5233 4873 4873 5171 5575 5203 5043 4984 5290 5013 4746 5667 5045 5087 4760 5039 5007 5268 4759 5327 4867 4885 5210 4829 5175 4888 5421 4976 4845 5002 5410 5071 5061 4688 5173 4951 5275 5069 4810 5048 4462 5175 5529 4904 4976 4698 4879 4534 4788 5538 5241 5036 5073 5073 5080 5087 5220 4784 4795 5292 4824 4740 4754 4948 5039 5070 5014 5123 4957 5042 5006 4851 4584 4654 5221
5012 4968 5296 4921 4822 4755 4875 5028 4999 5095 5211 5273 4368 5171 5056 5061 5315 4879 5011 4977 5338 5057 5113 4780 5437 5428 5505 4763 5058 4984 5074 5258 4859 4622 5118 4907 5271 5112 4980 4696 5010 5321 5658 5041 4888 5250 5623 5187 4954 4997 5251 4575 5421 5101 5221 5054 5001 5172 5211 5105 5135 5732 5379 5100 5003 5356 4966 5477 5681 4858 4924 5055 5394 4964 5300 5123 4799 5010 5059 4642 5075 4718 4709 5224 5163 4956 4954 5197 5127 4794 5217 4954 5269 5456 4998 4942 5043 4901 4854 5165 4702 5091 4641 5129 5566 5091 5262 5338 5435 4922 5094 4852 5114 4816 4860 4612 5290 5052 4809 4697 5193 5292 5309 4762 4876 4649 5049 5178 5225 4995 5250 4978 5084 5043 5274 4987 5089 4986 4752 5028 4794 5304 5207 5138 5061 4829 5583 4681 5122 4939 5247 5401 5362 5410 5243 5199 5035 5146 5182 5469 5125 4918 5194 4821 5255 5139 5273 5088 4753 5013 5214 4736 4927 4960 5159 5114 4984 5453 5316 4908 4982 5403 4918 4842 4974 5626 4824 4965 4891 5520 5299 4977 5536 5157 5284 4928 5572 5005 4862 4992 5318 5014 4949 5246 5244 5156 4916 5436 5111 4808 5311 5571 5176 5137 4502 5220 5157 5146 5302 4851 5026 4602 5272 5397 5252 5150 4887 4931 5094 4943 5587 5184 4930 5228 4830 5237 5385 5522 4780 5262 5640 4904 5131 4935 4919 5365 4990 5066 5055 5068 4845 4844 4633 5098 5065 5397
4783 5483 5227 4974 4949 4482 5180 5119 4985 5034 5148 5298 4637 5172 4967 4869 5317 5158 4806 5091 5100 5116 5289 4747 5426 5160 5272 4940 5162 5069 4994 5327 4626 4755 5153 5081 5397 5116 4968 5092 5322 5109 5661 5266 4918 5357 5671 5314 4819 5092 5315 4536 5537 4906 5366 4883 5507 5047 4939 5112 5180 5835 5117 5030 5231 5430 5268 5376 5616 4841 4510 5281 5413 5076 5278 5216 5146 5059 5077 4986 5023 4612 4989 5207 5235 5120 4946 5584 5284 5262 5220 4868 5547 5321 4910 5264 5061 4813 4990 5124 4640 4868 4622 5132 5551 5278 5002 5078 5578 4957 4863 4826 5089 4551 4888 4702 5186 5096 4702 4899 5074 5259 5168 4820 4957 4788 5398 5014 5371 4996 5034 5348 5134 5161 5161 4896 5084 4672 5152 5124 4955 5509 5555 5323 4974 5182 5155 4912 4798 5087 5238 5086 5266 5495 5046 5182 5211 5372 5123 5436 4798 4955 5149 5110 5413 5302 5085 4847 4784 5071 5002 5014 4949 4774 5138 5065 5507 5733 5364 4918 4981 5142 4982 5116 5155 5586 5010 5046 4917 5549 5042 4876 5483 4972 5262 4676 5099 4984 4895 4946 5312 5148 5167 5110 5238 5150 4974 5293 5407 5267 5190 5714 5314 5216 5053 5258 5113 5462 5352 5139 5030 4960 5286 5263 5158 5533 4725 4930 4779 5251 5612 5537 4983 5295 5149 5317 5059 5326 4868 5180 5333 4634 4912 4736 4673 5086 4943 5149 5185 5124 4705 5058 4637 4722 5151 5460
5243 5236 5436 5114 5330 5107 5331 5200 5269 5425 5245 5229 4674 5395 4996 5057 5579 5063 4952 5010 5531 5152 5106 4969 5684 5275 5285 5147 5412 5235 5363 5547 4836 4978 5087 5209 5657 5002 5141 4917 5303 5437 5686 5160 5125 5581 5879 5185 5518 5493 5211 4921 5583 5033 5536 5256 5500 5249 5232 5433 5309 5676 5506 5053 5125 5512 5455 5545 5736 5108 4924 5301 5512 5523 5462 5281 5252 5310 5256 4956 5174 4893 5277 5428 5228 5176 5086 5391 5192 5535 5272 4952 5513 5790 5049 5461 5211 5308 4962 5035 5041 5403 4990 5191 5599 4828 5097 5256 5792 4823 4914 4904 5451 4886 5202 4670 5594 5298 4784 5394 5513 5539 5625 5337 5279 5159 5380 5369 5247 5283 5293 5410 5375 5487 5379 5363 5376 4953 5325 5470 4849 5789 5698 5558 5094 4952 5342 4909 5144 5220 5248 5311 5937 5869 5375 5325 5115 5150 5314 5594 5061 5166 5529 5378 5397 5545 5262 5081 5006 5363 5108 5092 5170 4867 5529 5322 5267 5774 5639 5059 5409 5141 5078 5222 5107 5648 5211 5202 4752 5629 5236 4896 5837 5391 5263 4870 5285 5141 5090 4952 5573 5312 5525 5499 5360 5265 5276 5644 5580 5378 5200 5917 5215 5088 5023 5442 5267 5536 5385 5322 5020 4787 5149 5622 5256 5511 4789 5073 4972 5132 5741 5587 5231 5497 5283 5678 5403 5785 4830 5389 5745 4995 5375 4678 4653 5335 5269 5527 5468 4960 5117 5318 4932 4937 5470 5575
5028 5322 5315 4936 4892 4936 5166 5179 5304 5396 5187 5408 4746 5178 5252 5011 5514 5159 5171 5203 5326 5005 5136 5069 5461 5592 5431 5156 5243 5244 5131 5211 4982 4635 4966 4754 5324 4811 5133 4825 5170 5214 5878 4969 5088 5522 5761 5443 5033 5358 5346 4713 5639 5057 5833 5264 5482 4996 4932 5304 5101 5835 5727 4775 5149 5135 5059 5429 5412 5208 4580 5300 5319 5230 5252 5082 5158 5081 5248 5107 4886 4872 5394 5278 5477 5272 4989 5042 5213 5236 5335 5227 5463 5615 4967 5218 5013 4889 5067 5275 4405 5235 5048 4931 5470 4882 5359 5312 5415 4917 4771 5039 5430 4892 4948 4645 5433 5174 5073 4969 5551 5467 5394 4989 5186 4845 5353 5268 5215 5259 5164 5052 5193 5082 5529 5155 5392 4797 5411 5251 4697 5292 5521 5222 5149 4864 5248 5009 5017 5138 5262 4948 5390 5474 5400 4962 5126 5132 5443 5431 5008 4957 5276 5178 5362 5106 5419 5089 4699 5294 5210 4858 5291 4938 5377 5142 4869 5485 5467 4979 5268 5353 5184 4981 5056 5793 5057 5255 5185 5396 5112 4973 5807 5149 5261 4840 5253 5164 5073 4982 5406 5447 5031 5353 5494 5131 5182 5244 5125 5067 5263 5891 5299 5152 4870 5156 5361 5303 5228 5233 5137 4818 5300 5667 5235 5170 4899 5046 4977 4989 5708 5417 4934 5377 5003 5361 5361 5339 4882 5270 5608 4632 5081 4631 4809 5344 5226 5246 5228 5177 5111 5272 5131 4845 5223 5421
4880 5016 5277 4954 4638 4809 5001 5089 5181 5036 5334 5318 4876 5348 5092 5176 5362 5098 5041 5013 5319 4955 5058 4865 5611 5285 5503 5344 5264 5000 5135 5206 4784 4671 5335 4930 5236 5287 4977 5181 5129 5366 5644 5191 4848 5409 5846 5364 5072 5164 5228 4780 5440 4969 5608 5278 5334 5338 5196 5327 5311 5911 5110 4975 5317 5390 5233 5423 5457 4991 4713 5413 5067 5403 5427 5235 5160 5213 5149 4956 4980 4812 5150 5241 5183 5158 4800 5494 5290 5122 5304 4927 5484 5447 5305 5550 5192 5100 4877 5244 4586 5188 4657 5169 5578 5027 5261 5172 5451 4734 5023 4905 5333 5222 5014 4683 5319 5102 4778 4849 5307 5389 5334 5004 5139 4731 5089 5070 5317 5378 4994 5182 5155 5092 5464 5045 5267 4954 5176 4947 4858 5373 5379 5192 5074 5046 5244 4770 4974 5297 5351 4932 5250 5480 5215 5228 5200 5077 5056 5540 4819 5044 5511 5115 5245 5385 5304 5264 4626 5225 5000 4663 5096 4965 5073 5114 5362 5580 5330 5114 5284 5166 4999 4951 5203 5457 5006 5241 5328 5512 5250 4837 5630 5440 5448 4947 5293 5352 5121 5192 5384 5325 5410 5225 5476 5373 4978 5569 5329 5017 5457 5849 5172 5018 4944 5285 5260 5084 4930 5049 4860 4927 5209 5548 5077 5386 4939 4748 4994 5036 5705 5635 4923 5483 4825 5327 5533 5481 5103 5434 5499 5024 5088 4686 5100 5130 4858 5377 5211 4997 5052 5407 4708 4944 5113 5346
4951 5224 5290 4834 4989 4577 4987 5029 5171 5115 4838 5191 4897 5168 5083 4979 5467 5015 5104 5217 5435 5145 5139 4866 5540 5191 5470 5211 5265 5008 5084 5153 4643 4573 5092 5031 5230 5001 5055 5180 5085 5337 5685 5027 4947 5282 5806 5123 4858 5247 5221 4629 5419 5195 5432 5294 5389 5126 4908 5167 5056 5650 5484 4842 5182 5466 5152 5450 5378 4905 4706 5522 5346 5303 5315 5445 5130 4824 4988 4800 4766 4915 5047 5139 5436 5146 4823 5133 5132 5227 5201 4880 5228 5456 5028 5377 5031 4973 4902 5208 4511 5244 4572 4991 5422 4963 5131 5284 5475 4755 4844 4666 5272 4947 4909 4543 5456 5099 5009 4972 5251 5441 5425 4934 5103 4696 5413 5134 5291 5109 5186 5133 5143 4831 5171 4933 5233 5022 4969 5233 5044 5674 5236 5434 5257 4977 5116 4849 4826 5471 5233 5131 5173 5586 5278 5079 4958 5179 5093 5537 4983 4723 5136 5365 5223 5318 5225 5225 4651 5068 5293 4800 4969 5146 5233 4869 5093 5506 5595 5141 5013 5196 4992 5010 4965 5528 5030 5018 5036 5237 5243 5019 5616 5480 5491 4672 5132 5107 4866 4926 5604 5378 5123 5275 5250 5191 4914 5577 5146 5081 5257 5757 5056 4993 4791 5402 5407 5521 5167 5122 5108 5104 5287 5362 5028 5264 4661 5121 4840 4817 5551 5379 5069 5195 4991 5446 5227 5401 4788 5308 5591 4689 5185 4759 4783 5192 5044 5135 5231 5069 5033 5201 5074 4906 5056 5451
5324 5544 5676 5242 5123 5006 5538 5390 5524 5646 5290 5427 5066 5708 5246 5225 5864 5240 5154 5174 5732 5555 5481 5201 5823 5650 5703 5615 5396 5351 5410 5605 4860 5062 5576 5315 5692 5331 5540 5604 5587 5581 6052 5436 5299 5738 5905 5613 5348 5777 5608 5040 5941 5426 5860 5524 6069 5336 5543 5693 5646 5902 5601 5399 5413 5554 5576 5957 5927 5564 5042 5639 5570 5454 5740 5376 5597 5535 5266 5452 5258 5290 5308 5438 5773 5576 5120 5556 5223 5722 5381 5291 5579 5819 5504 5574 5226 5571 5249 5462 5239 5584 5365 5054 5944 5276 5292 5384 5728 5303 5276 5150 5495 5384 4984 4788 5611 5402 5156 4988 5509 6081 5444 5385 5469 5340 5690 5328 5610 5333 5429 5449 5550 5182 5770 5199 5586 5280 5845 5641 5322 5784 5707 5695 5207 5438 5714 5108 5388 5720 5599 5392 5960 5809 5487 5474 5517 5444 5437 5773 5249 5331 5315 5470 5544 5483 5474 5341 4963 5387 5584 5250 5409 5264 5441 5309 5121 5682 5808 5609 5567 5161 5528 5740 5536 5870 5522 5374 5607 5864 5306 5119 5832 5578 5643 5244 5508 5715 5410 5347 5757 5641 5536 5876 5606 5637 5542 5945 5463 5422 5524 6210 5450 5144 5108 5513 5479 5513 5593 5326 5391 5358 5622 5949 5454 5400 4860 5221 5155 5293 6030 5645 5541 5395 5240 5899 5518 5789 5242 5342 5745 5122 5448 4953 5331 5434 5412 5509 5884 5582 5219 5393 5410 5147 5414 5795
4954 5018 5154 4604 4734 4098 4632 4897 4715 4838 4929 5086 4407 4888 4705 4692 5296 4969 4534 4852 4973 4663 4906 4563 5252 5026 5345 4976 4844 4763 4668 5212 4467 4594 4766 4591 4953 4862 4490 4565 5150 4976 5230 5007 4599 5054 5497 4850 4816 4793 4751 4493 5083 4783 5244 4877 5103 4761 4777 5203 4654 5228 5104 4838 4972 5025 4867 5259 5325 4795 4518 5012 4882 4926 5129 4817 4876 4851 4841 4540 4789 4618 4783 5136 4864 4894 4589 5206 4783 4963 4823 4967 5128 5412 4807 5052 4934 4733 4526 4853 4519 4888 4661 5066 5177 4637 4744 4634 5273 4640 4641 4383 4953 4473 4981 4304 5234 4987 4745 4800 5046 5129 5088 4752 4793 4548 5014 4886 5050 4673 5131 4975 4847 5057 5143 4883 4884 4556 4729 4870 4487 5216 5373 4929 4459 4676 4872 4351 4986 4899 4849 5033 5176 5092 4874 5128 4638 4767 4580 5273 4787 4754 4885 4914 4992 5143 4881 4734 4548 4938 4742 4691 4605 4956 4862 4542 4718 5247 5180 4968 5083 4749 4792 4868 5002 5527 4744 4750 4735 5239 4972 4498 5336 4929 4940 4497 5126 4879 4881 4575 5199 5039 4929 5037 5098 4996 4870 5259 5191 4923 4964 5341 4783 4574 4430 5318 4662 4805 5040 4969 5023 4716 4993 5337 4988 5036 4384 4803 4749 4758 5228 5216 4736 4948 4925 5242 4898 5107 4445 4840 5266 4713 5171 4245 4620 4877 5225 5108 5018 4753 4838 4994 4832 4663 5027 5154
5033 5656 5672 4900 5313 5240 5331 5332 5304 5252 5366 5356 4967 5456 5342 5205 5681 5536 5160 5267 5637 5277 5226 4817 5697 5829 5377 5462 5484 5389 5174 5635 5290 4764 5651 5244 5469 5381 5190 5152 5562 5664 5578 5422 4937 5722 6031 5378 5435 5305 5412 4966 5795 5380 5677 5598 5667 5451 5445 5734 5578 6227 5629 5332 5392 5531 5679 5720 5955 5288 4844 5610 5744 5343 5514 5461 5567 5475 5143 5175 5358 5075 5107 5791 5743 5421 5003 5567 5407 5571 5325 4826 5882 5897 5098 5526 5364 5246 5195 5500 5108 5257 5138 5554 5958 5090 5300 5449 5748 5284 5063 5255 5458 5014 5273 4715 5857 5257 5168 5074 5383 5909 5624 5263 5477 4960 5575 5452 5305 5511 5456 5537 5589 5052 5630 5469 5527 5298 5392 5348 5111 5911 5640 5734 5292 5258 5823 5015 5043 5557 5422 5465 5845 5731 5495 5498 5346 5386 5256 5857 5100 5400 5170 5392 5736 5511 5641 5166 4890 5187 5390 4773 5280 5142 5523 5314 5440 5623 5588 5061 5324 5250 5573 5142 5467 6151 5233 5360 5231 5734 5242 5138 5805 5865 5635 4797 5416 5356 5413 5113 5628 5507 5474 5482 5671 5616 5265 5671 5697 5403 5562 6078 5589 5266 4955 5601 5480 5553 5638 5154 5218 5261 5875 5636 5434 5657 4792 5447 5219 5168 5851 5561 5113 5498 5213 5877 5606 5564 5070 5541 5822 5173 5404 4931 4971 5321 5291 5271 5696 5275 5314 5479 5384 5203 5349 5629
4738 5229 5495 4816 4816 4797 5073 5108 5231 5173 5100 5353 4871 5143 5093 5081 5399 4943 4944 5099 5308 4983 5070 4833 5721 5252 5359 5055 4916 4931 5230 5188 4825 4677 5143 5112 5394 5046 4814 4975 5338 5258 5550 5224 4954 5105 5689 5103 5224 5108 5057 4740 5476 4933 5374 5034 5252 4849 4922 5196 4953 5734 5357 5147 5382 5257 5053 5435 5640 4673 4923 5165 5194 4864 5207 5004 5072 4900 4933 5071 4905 4627 4821 5263 5175 5101 5151 5262 4812 5064 5139 4987 5246 5293 4927 5258 4900 5026 5009 4975 4720 5205 4833 5174 5631 4900 4984 5151 5627 4994 4977 4919 5219 5081 5232 4452 5244 5298 5081 4937 5184 5585 5064 5068 5070 4911 5216 5177 5158 5193 5271 5069 5139 5214 5412 4936 5083 5000 5295 5415 5076 5592 5525 5182 5351 4797 5402 4790 5267 5262 5153 5120 5419 5485 5346 5109 4946 5063 4934 5488 4988 4959 5063 5233 5333 5263 5274 5103 4996 4974 5121 4804 4741 4861 5107 5129 5026 5505 5311 4877 4975 5129 5159 5112 5074 5711 4986 5008 4694 5660 4809 4867 5639 5159 5446 4826 5363 4844 5010 5051 5544 5198 5367 5325 5348 5245 5042 5472 5317 5012 5116 5606 5181 4950 5023 5502 5064 5363 5314 5178 4938 5051 5269 5597 5265 5374 4852 5098 4725 4974 5621 5425 5131 5134 4948 5496 5457 5472 4616 5154 5595 5023 5212 4764 4737 5126 5080 5069 5440 5082 5030 5326 4858 4763 4968 5236
4971 5116 5470 4947 4684 4642 5124 4941 5028 5066 5164 5193 4888 5438 5149 5066 5390 5027 4942 4854 5267 4911 4977 4655 5370 5323 5302 5006 5278 5093 4998 5189 4703 4320 5155 4723 5361 5142 4933 5163 4950 5055 5500 4947 4908 5287 5721 5375 4877 5094 5395 4641 5611 4815 5366 5154 5534 5108 5042 5298 5280 5795 5222 4835 4966 5161 5115 5424 5527 5156 4598 5121 5157 5153 5228 5002 5002 5206 5107 5014 4912 4934 4968 5251 5079 5044 4968 5195 5072 5094 5262 4834 5462 5321 5313 5392 5206 4933 5031 5074 4506 5042 4765 5137 5191 5103 5103 5038 5814 4851 5023 5021 5136 4949 4812 4831 5294 5003 4610 5152 5159 5473 5306 5189 4986 4551 5256 5105 5411 5194 5024 5195 5130 5075 5283 5088 5178 4684 5291 5030 4694 5375 5601 5285 4945 5022 5233 4814 5168 5251 5394 4994 5407 5457 4949 5172 5210 5139 5148 5302 4982 4759 5244 4993 5492 5307 5062 5106 5206 5051 4909 5042 4842 4646 5288 4996 5073 5489 5335 4953 5131 5147 4679 5078 5190 5557 5227 5101 4854 5430 5059 4762 5719 5054 5410 4728 5027 5053 5032 4920 5378 5114 5249 5078 5044 5137 4930 5394 5232 5052 5053 5947 5006 5102 4670 5318 5276 5358 5000 5058 5064 4824 5231 5375 5079 5066 4898 4724 4827 4847 5629 5397 5306 5296 4872 5472 5141 5414 4857 4882 5505 4640 4952 4693 4869 5105 4805 5353 5131 4852 4842 5107 4938 4849 5070 5501
4830 5084 5690 4815 4900 4862 5070 5247 5044 5504 4972 5599 4924 5332 5232 5142 5638 5203 4975 5170 5656 4898 5326 5074 5899 5605 5424 5291 5291 5263 5240 5203 4886 4696 5380 5017 5425 5332 5068 5171 5318 5331 5657 5118 5005 5299 5608 5187 5367 5050 5162 4817 5625 5366 5870 5420 5447 5124 5111 5479 5032 5862 5544 5123 5044 5343 5005 5767 5645 4854 4929 5320 5407 4933 5410 5354 5333 5007 4966 4929 5224 4926 4793 5220 5406 5166 5092 5221 5162 5186 5434 5137 5508 5751 4977 5498 5049 5145 5034 5111 4398 5124 4688 5103 5734 5161 5079 5133 5515 5103 4664 4999 5170 4992 4761 4755 5333 5315 5213 5191 5431 5548 5400 5026 5193 4689 5413 5216 5355 5209 5250 5378 5246 5287 5271 5194 5258 4905 5396 5158 4809 5417 5569 5174 4934 5319 5444 4576 4916 5431 5608 5090 5463 5597 5184 5163 5155 5318 5228 5705 5268 4927 5302 5325 5236 5562 5141 5001 4804 5155 5242 4935 5191 5356 5109 4872 5253 5745 5508 5033 5282 5406 5122 4872 5566 5788 5047 4851 5001 5358 5262 4685 5666 5376 5375 5214 5163 5026 5254 4924 5603 5148 5191 5229 5300 5512 5097 5626 5425 5010 5013 5917 5182 5076 4833 5309 5280 5305 5365 5302 5044 5116 5309 5458 5355 5203 4756 4878 5151 4979 5560 5320 5083 5221 5010 5530 5342 5547 4884 5113 5620 4823 5224 4906 5013 5310 5263 5062 5431 5082 5158 5326 4960 5144 5179 5297
4414 4966 5131 4503 4365 4542 4804 4806 4692 4778 4709 5002 4611 5025 4804 4763 5081 4898 4676 4755 5230 4500 4938 4482 5370 4859 4935 4609 5092 4963 4762 4611 4216 4396 4917 4693 5063 4753 4750 4647 4751 4876 5254 4799 4677 4961 5126 5144 4917 4812 4854 4688 5227 4739 5312 4907 5084 4814 4913 5033 4944 5391 4889 4503 4918 5064 4921 4974 4910 4677 4532 4839 4947 4862 5086 4895 4871 4775 4784 4856 4553 4774 4847 4941 5175 4683 4973 4847 4748 4673 4888 4707 5098 5141 4758 4886 4843 4562 4648 4957 4421 4946 4654 4745 5221 4535 4831 4895 5251 4521 4516 4495 4966 4844 4595 4262 4946 4807 4770 4499 4950 4961 4823 4535 4798 4501 5155 4738 5041 4848 4955 4964 5000 4735 5066 4886 5088 4520 4524 4774 4431 4965 5271 5019 5031 4631 4797 4540 4993 4700 5023 4710 5157 5378 4840 4793 4939 4576 5055 5153 4725 4802 5070 4835 4929 5016 5069 4714 4577 4748 4710 4436 4762 4630 4882 4559 4825 5163 5228 4599 4980 4860 4747 4840 5109 5391 4642 4886 4618 5112 4905 4444 5438 5106 5079 4594 5017 5052 4932 4607 5089 5106 4839 5130 4644 4847 4737 5127 5192 4896 4752 5277 4931 4779 4572 5157 4887 4857 4840 4751 4811 4636 4794 5397 5260 4894 4490 4675 4651 4809 5291 5034 4854 4898 4823 5013 5138 5103 4659 5035 5335 4538 4637 4363 4886 4684 4805 5031 4795 4675 4746 4882 4572 4684 4822 5360
4718 4973 5042 4533 4663 4742 4682 4953 4725 4961 5037 4910 4585 4921 4675 4940 5044 4638 4798 4868 5125 4868 4856 4562 5257 5108 4877 4690 4954 4812 4743 5118 4531 4539 4901 4922 5022 4921 4768 4885 5174 5099 5421 4914 4459 5155 5467 4915 4759 4824 4882 4356 5235 4734 4865 5031 4985 4588 4755 5015 4925 5307 4980 4749 4871 5291 5106 5052 5264 4611 4726 5004 4916 4872 5070 5048 4593 4720 4780 4671 4880 4580 4792 4961 5081 4676 4661 5231 4778 4824 4761 4914 5149 5188 4836 4835 4850 4943 4661 5225 4646 4955 4506 5191 5234 4675 5209 4688 5244 4602 4745 4545 4985 4767 4546 4201 4955 4572 4566 4527 5060 5159 5037 4864 4604 4754 5009 4796 5044 4887 5014 4956 4584 4814 5053 4921 5003 4743 4803 4888 4627 5376 5315 4899 4847 4669 5180 4447 4877 4980 4866 4871 5100 5318 5098 5030 4947 4951 4820 5284 5045 4810 4968 4942 5072 5226 4662 4857 4552 4512 5023 4654 4736 4619 5118 4856 4886 5322 5276 4665 4874 4980 4695 4790 5113 5490 4864 4953 4864 5258 4926 4813 5403 5228 5017 4648 5002 4732 4956 4790 5045 5136 4658 4730 4740 5148 4892 5346 5105 4852 4868 5460 5011 4569 4455 5113 4975 5019 4767 4894 4867 4629 4885 5500 4953 4887 4625 4722 4834 4644 5572 5400 4695 4697 4615 5081 5386 5186 4613 5062 5368 4722 4745 4741 4566 4887 4742 4823 4786 4807 4663 4930 4629 4623 4698 5284
4551 4739 5033 4634 4610 4174 4567 4612 4761 4824 4931 5051 4581 5066 4832 4715 5027 4852 4602 4591 4873 4467 5040 4441 5130 5001 4985 4681 4981 4859 4503 4721 4205 4139 4933 4293 4800 4715 4519 4216 4541 4803 5214 4831 4581 4918 5246 4746 4704 4665 4913 4435 4938 4539 5036 5170 4866 4433 4789 4969 4831 5268 5035 4701 4779 4902 4889 5052 4895 4803 4512 4876 5101 4664 4926 4679 5079 4650 4734 4343 4502 4512 4597 4898 5161 4724 4520 4956 4677 4663 4634 4712 5031 5185 4622 5086 4583 4679 4625 4645 4287 4880 4384 4770 4761 4631 4706 4926 5225 4525 4344 4407 4884 4320 4662 4358 5023 4926 4683 4495 4942 4852 4563 4746 4867 4415 4919 4846 4687 4763 4935 4997 4832 4932 4867 4977 4768 4377 4886 4717 4377 5014 5185 4737 4470 4521 5004 4360 4641 4928 4921 4972 5106 4918 5049 4676 4845 4763 4758 4920 4552 4380 4687 4708 4992 4690 4814 4543 4563 4811 4678 4532 4928 4558 4848 4580 4747 5035 4984 4680 4902 4762 4523 4713 4660 5245 4614 4691 4354 5060 5014 4573 5196 4978 4721 4318 4647 4830 4545 4633 4731 4939 4666 4690 4905 4744 4357 5084 4786 4867 4845 5264 4829 4671 4075 5042 4920 5077 4913 5005 4739 4560 5001 5151 4996 4990 4243 4811 4685 4629 5119 4963 4797 4947 4615 5095 4911 4858 4387 4494 5171 4659 4741 4368 4326 4763 4707 4924 4693 4970 4690 4700 4813 4486 4762 4848
4724 5083 5078 4565 4950 4331 4819 5010 4735 4952 4916 5173 4528 4862 5010 5083 5328 4913 4614 4942 5250 4973 5003 4615 5112 5333 5183 4718 5085 4898 4947 5133 4699 4393 5111 4852 5226 4938 4841 4929 5047 5210 5363 4893 4697 5115 5600 4905 4912 5100 5106 4499 5276 4910 5162 4861 5086 4942 4689 4995 4798 5630 4987 4602 4983 5328 4993 5123 5153 4847 4567 5182 5068 5019 5134 5175 5018 4986 4842 4699 4787 4757 4877 5188 5054 5047 4567 5030 5011 5127 4880 4625 5161 5196 4796 5162 4640 4958 4621 5150 4453 4918 4829 4915 5261 4574 4824 5133 5166 4639 4439 4493 4836 4851 4699 4112 5059 4912 4709 4662 5179 5056 5182 4729 4824 4841 4953 5144 5315 5019 4962 4974 4982 4758 5113 4756 5068 4848 4877 4798 4692 5231 5345 5172 4783 4616 5288 4620 4504 5131 4789 4921 5382 5354 4823 4984 4842 4890 4900 5242 4875 4634 5003 4628 4910 4902 4930 4651 4631 4655 4983 4704 4934 4813 5191 5010 5012 5387 5260 5028 4832 4987 4952 4927 4850 5529 4714 4977 5030 5234 4790 4675 5124 5134 5000 4743 5266 4957 5003 4880 5270 4992 5041 5310 5112 4999 4902 5222 5021 4701 5016 5404 4776 5144 4589 5069 5038 5011 4692 4897 4507 4620 4979 5188 4867 5074 4836 4989 4876 4764 5255 5225 5015 5036 4566 5091 5066 5251 4665 4944 5204 4578 4917 4695 4766 4773 4825 4785 4769 4878 4710 5013 4579 4835 4709 5218
5146 5568 6004 5464 5251 5096 5446 5438 5373 5601 5143 5571 4943 5401 5264 5213 5711 5320 5100 5283 5905 5357 5620 4911 5995 5748 5771 5662 5590 5533 5456 5574 5233 4961 5720 5224 5613 5334 5450 5541 5660 5507 5889 5545 5413 5848 5931 5450 5386 5402 5496 5132 5990 5405 5885 5631 5646 5344 5415 5908 5628 6198 5532 5400 5477 5554 5585 5844 6038 5208 5143 5601 5653 5422 5503 5704 5338 5427 5151 5412 5478 5127 5278 5660 5974 5362 5297 5774 5381 5574 5560 5065 5815 5794 5431 5690 5237 5163 4926 5562 4979 5738 5034 5451 6117 5215 5581 5462 6016 5305 5358 5196 5446 5297 5591 5036 5766 5591 5326 5225 5697 5675 5418 5205 5524 5017 5765 5578 5607 5439 5249 5508 5816 5508 5739 5334 5580 5255 5552 5358 5197 5930 5850 5822 5220 5324 5683 4940 5202 5674 5736 5678 5851 5803 5434 5414 5408 5244 5609 6006 5445 5394 5767 5555 5625 5751 5673 5329 4809 5403 5468 5153 5474 5188 5552 5462 5627 5975 5623 5179 5646 5502 5230 5293 5710 5657 5359 5326 5340 6075 5688 5210 5763 5688 6027 5375 5727 5543 5457 5287 5706 5601 5554 5860 5593 5687 5386 5865 5715 5416 5353 6283 5590 5429 5319 5856 5536 5699 5814 5300 5362 5151 5810 5745 5390 5373 4922 5344 5475 5266 5947 5524 5436 5786 5126 5890 5629 5831 5121 5444 5544 5377 5309 4946 5200 5212 5305 5418 5629 5521 5501 5571 5123 5310 5513 5773
4776 5126 5408 4368 4796 4477 4990 4863 5067 4906 4977 4959 4708 4990 5043 4970 5138 4978 4886 5076 4904 4838 4999 4683 5305 5393 5217 5068 5186 5071 4859 5299 4734 4652 5131 4878 5225 4964 4870 4919 5024 4984 5175 4744 5219 5318 5535 5008 5037 4910 5220 4567 5455 4923 5389 4990 5215 4806 4977 5172 5229 5231 5202 4882 5280 5368 5002 5206 5481 4806 4496 5141 5087 4949 5000 5134 5017 4860 5034 4787 4859 4950 4727 5200 5215 5139 4831 5171 4968 5085 5076 4783 5338 5282 5013 5036 4908 4747 4877 5135 4626 5306 4552 5220 5313 4794 4906 4856 5451 5002 4556 4617 5103 4968 4963 4656 5277 4705 4753 4701 5253 5348 5167 4783 4946 4627 5401 5248 4977 4835 4973 4923 5070 4915 5166 4649 5064 4766 5043 5137 4782 5394 5338 5145 4849 4834 5238 4605 4567 5055 5133 5168 5356 5476 5130 5214 4927 5085 4940 5339 4941 4901 5035 4822 5129 5323 5052 5079 4615 5165 5040 4639 4938 4731 4926 5171 5082 5524 5340 4771 5093 5127 5243 5058 5231 5650 4749 4931 5047 5528 5298 4742 5667 5194 5317 4737 5276 5070 5032 4757 5140 5017 5028 5206 5290 5045 4912 5137 5224 5198 5087 5441 5194 4786 4770 5498 4899 5170 4743 4924 4805 4780 5084 5267 4980 4968 4685 4733 5114 4815 5552 5447 4992 5066 4864 5185 5029 5456 4794 4947 5269 4804 4922 4576 4842 5048 4912 5137 4884 4688 5040 5023 4463 4712 4946 5365
5320 5438 5422 5023 5146 4910 5117 5178 5205 5217 5270 5398 4861 5246 5115 5205 5593 4836 4973 5125 5415 5336 5156 4909 5862 5570 5525 5245 5422 5299 5316 5404 4725 4818 5553 5144 5742 5199 5268 5057 5362 5262 5663 5366 4982 5550 5928 5537 5194 5118 5166 5015 5449 5308 5545 5273 5254 5342 5190 5498 5220 5914 5145 5362 5340 5347 5394 5425 5831 5176 4937 5199 5368 5310 5465 5296 5257 5248 5095 4900 5220 4971 5193 5441 5554 5085 5077 5730 5290 5234 5281 4731 5488 5481 4975 5299 5190 5137 4950 5352 4863 5239 5009 5359 5522 4916 5412 5485 5669 4871 5129 5186 5320 4978 5051 4657 5461 5056 5014 4977 5468 5529 5380 5289 5014 4995 5518 4969 5321 5217 5171 5201 5425 5167 5313 5266 5470 5046 5264 5055 4895 5643 5478 5434 5287 5044 5575 4929 5284 5227 5485 5322 5563 5718 5451 5281 5322 4985 5251 5456 5038 4980 5147 5287 5397 5294 5326 5111 4717 5276 5385 4906 4918 5148 5344 5343 5075 5852 5615 4938 5297 5364 5164 5161 5386 5764 5230 5204 4958 5716 5235 4864 5639 5450 5494 5062 5429 5139 5193 5198 5629 5346 5224 5268 5416 5500 5176 5557 5518 5252 5292 5727 5375 5252 4982 5746 5298 5490 5276 4944 5111 4873 5283 5671 5452 5467 4834 5269 5289 5468 5910 5644 5083 5303 5068 5607 5176 5693 5108 5394 5565 4861 5097 4738 5199 5290 5308 5266 5451 5149 5167 5344 4908 4785 5137 5806
4723 5057 4778 4708 4794 4340 4787 4771 5036 4967 4860 4965 4445 5076 4811 4725 5251 4857 4683 4806 5043 4950 4924 4675 5119 5215 5040 4967 5124 4936 5144 5074 4646 4426 4970 4561 5361 4842 5120 4901 4774 5038 5450 4656 4719 5380 5407 4999 4851 4842 4956 4525 5276 4912 5081 5081 5173 4862 4863 4799 4980 5366 5139 4945 4786 5071 5090 5105 5396 4800 4445 5205 4996 4805 5145 4816 4852 4722 4796 4752 4771 4805 4789 4927 5193 4962 4569 4998 4732 5013 4995 4731 5182 5103 4753 4997 4739 4734 4889 4814 4564 4674 4637 4953 5099 4705 4835 4893 5166 4602 4573 4746 4906 4730 4764 4346 5050 5135 4571 4626 4811 5280 5123 4719 4992 4800 5101 4934 4924 4906 4941 5029 4805 4548 5087 4625 4744 4880 4943 5046 4851 5153 5073 5253 5042 4777 5085 4548 4869 4996 4910 4886 5275 5542 4982 4893 4946 4964 4919 5291 4745 4584 4734 4768 5182 5159 4502 5080 4481 4856 5005 4648 4849 4691 4929 4745 4629 5384 5428 4670 4724 4901 4790 4734 4980 5351 4684 4637 4893 5171 4802 4956 5532 4856 4999 4349 4899 4690 4956 4848 5099 4832 4554 5175 4780 4882 4731 4850 4842 4816 5030 5498 5032 4720 4443 4878 4945 4902 5067 4927 4902 4552 5050 5301 4971 4888 4337 4782 4534 4729 5514 5117 4870 5075 4739 5149 4863 5135 4744 5049 5233 4719 4802 4597 4944 4953 4738 5016 5240 4803 4684 4848 4854 4792 4686 5289
4686 5172 5512 4809 4865 4527 4987 5178 5082 5364 5085 5258 4550 5283 4981 4998 5364 5031 4803 5014 5284 4825 5187 4632 5465 5386 5592 5143 5303 5143 5195 5286 4723 4635 5029 4659 5506 4840 5170 4894 5211 5399 5319 4964 4765 5479 5659 4738 5073 5046 5221 4528 5556 5067 5272 5294 5371 5056 4912 5488 5058 5856 5458 4940 5055 5359 5115 5360 5159 4787 4942 5169 5332 5246 5556 5450 5271 5290 5227 4963 5066 4803 4835 5223 5245 5253 4804 5084 4923 5139 5103 4819 5390 5384 4895 5225 5027 5161 4797 5172 4712 5101 4528 5086 5351 4685 5123 4821 5410 4905 4669 4790 5090 4667 4910 4341 5499 5126 4829 4993 5148 5527 5218 4984 4950 4769 5291 5120 5184 5053 4895 5156 4666 5066 5186 4734 5274 4891 5245 5034 4675 5333 5175 5042 4751 4762 5451 4689 4904 5144 5454 5176 5535 5363 4992 4792 4944 5027 5099 5575 4848 4751 5007 5217 5102 5246 5192 5104 4474 4855 5089 4761 4895 4784 4963 5010 5025 5393 5445 4885 5170 5191 4648 5006 5263 5589 5165 4992 4983 5185 4965 4661 5464 5195 5297 4965 5156 5093 5102 4862 5317 5082 5152 5102 5173 5262 4944 5418 5199 4901 5289 5664 5019 5101 4680 5315 4989 5244 4985 5007 4936 4903 5439 5172 5056 5185 4514 5000 4818 4835 5422 5233 5018 5295 4773 5286 4992 5418 4793 5003 5509 4743 4854 4732 4934 4964 5118 5289 5246 5027 4897 5166 5029 4695 4940 5334
5039 5054 5287 4685 5094 4769 4990 4977 4858 4699 4995 4851 4385 5131 4521 4796 5152 4816 4781 4950 5278 5015 4937 4735 5462 5097 5137 4963 5324 4831 5094 5302 4814 4707 5187 4796 5266 5044 4890 5084 5374 5319 5454 4880 4785 5260 5593 5213 4787 5395 4961 4742 5266 5030 5299 5082 5079 4951 5002 5035 5228 5497 5048 5075 5320 5157 5357 5343 5614 4998 4657 5415 5106 5227 5184 5034 5004 5064 4889 4960 4968 4425 5221 5031 5201 5407 4905 5345 5031 5196 4931 4549 5540 5319 4840 5149 4826 4899 4855 4962 4799 5154 4975 4856 5422 4924 5278 5401 5117 4565 4661 5016 4944 5125 4871 4663 5171 5193 4853 4583 5240 5383 5333 5028 5209 4581 5347 5015 5265 4969 5041 5183 5506 5069 5132 4888 5190 4747 5333 4911 4608 5276 5386 5278 4787 4631 5153 4684 4835 5127 5203 5081 5549 5302 5017 5038 5078 5061 4786 5507 4609 5022 5116 5035 5083 5261 5048 4784 4694 5142 4926 4800 4770 4744 4954 5020 4887 5537 5302 4980 5214 4783 4868 4901 5091 5612 5158 5114 4956 5193 4878 4721 5327 4999 5043 4792 5032 5015 5007 4748 5170 4893 4944 5038 5107 5221 5044 5314 5075 4940 4967 5903 5054 5168 4947 5072 4717 5048 5121 4988 4871 4674 5017 5411 4976 5001 4565 4901 4878 5012 5185 5315 5155 5041 4926 5166 4949 5291 4781 4745 5049 4728 4989 4683 4764 4868 5056 5067 5418 5028 4934 5204 4697 4561 4911 5205
4839 5391 5344 5042 5017 4674 5163 4742 4984 4923 4743 5247 4657 5055 4830 5012 5368 5171 4874 4955 5101 5055 4753 4873 5367 5455 5372 4979 5213 5200 5053 5122 4565 4423 5127 4838 5235 4922 4954 4898 4978 5166 5235 5325 4822 5112 5674 5139 5031 5040 4907 4750 5466 5173 5564 5213 5418 5061 5087 5453 5143 5537 5344 4855 5207 5041 5134 5351 5510 4882 4643 5099 5186 5157 5125 5071 5034 5023 4970 4879 5112 4742 4922 5168 5426 5025 4859 5119 4930 4972 5091 4783 5220 5502 4852 5144 5102 4835 4838 5156 4834 4871 4774 4975 5650 5009 4870 5290 5136 4744 4654 5001 5199 4646 4942 4555 5582 5011 4683 4897 5329 5368 5183 4966 4964 4602 5092 5292 4930 5192 4956 5371 5174 5006 5303 5053 5115 4693 5268 5153 4636 5390 5372 5136 5016 4911 5212 4706 5028 5350 5285 5115 5511 5377 5086 4943 5065 5085 4970 5369 4804 4868 4776 5077 5067 5002 5152 5050 4441 5019 5121 4987 4992 5164 5031 4931 4908 5318 5364 4884 5219 5005 4854 5184 5055 5470 5078 5072 4880 5123 4842 4882 5371 5391 5384 4603 5204 4876 4896 4739 5158 5129 5112 5324 5138 5016 5362 5205 5250 5290 5240 5702 4916 5238 4638 5072 5094 5226 5215 4890 4901 5088 5469 5392 5297 5111 4455 4977 4761 4884 5457 5265 4984 5240 4956 5418 5240 5377 4829 4866 5190 4734 5321 4503 4640 4947 4977 5096 5208 5178 5252 4887 4789 4733 5052 5476
5152 5282 5427 4931 4798 4983 5127 5066 5247 5268 5304 5432 5113 5172 5049 5030 5735 5208 5024 5274 5608 5151 5264 4964 5379 5419 5569 5043 5352 5161 5282 5347 4637 4798 5247 5049 5569 5041 5155 5158 5230 5297 5514 5251 5083 5561 5942 5190 5179 5222 5398 4699 5346 5166 5495 5162 5609 5096 5095 5412 5424 5830 5402 5222 5160 5354 5479 5617 5687 5071 4850 5404 5506 5444 5159 5308 5190 5169 5378 5019 4882 4757 5185 5307 5294 5140 4990 5453 5174 5105 5190 5162 5590 5585 4996 5433 5041 5137 5017 5265 4840 5082 4881 5366 5656 4987 5301 5243 5738 5163 5076 5207 4990 4773 4975 4573 5687 5135 4853 5044 5430 5668 5291 4852 5165 4846 5481 5074 5034 5267 5182 5210 5163 5109 5606 5027 5528 5158 5418 5229 5054 5697 5328 5472 4987 5115 5372 4754 5213 5356 5580 5205 5634 5817 5301 5133 5147 5152 5014 5625 5040 4956 5017 5320 5389 5213 5130 4890 4881 5372 5304 4682 5049 5227 5214 5101 5254 5472 5516 5226 5223 5466 4854 5084 5192 5701 4948 5359 4990 5412 5046 4974 5754 5562 5617 4895 5399 5182 5149 4993 5543 5217 5106 5403 5450 5278 5152 5384 5537 5156 5180 6099 5215 5173 4985 5507 5289 5286 5240 5210 5130 5046 5505 5421 5282 5516 4705 5296 4905 5208 5710 5578 5269 5469 5049 5334 5202 5564 4890 5146 5620 4978 5253 4649 4715 5330 5066 5428 5474 5438 5052 5120 4991 4828 5205 5531
5150 5594 5702 5128 5334 5016 5152 5235 5437 5312 5430 5473 4745 5371 5348 5099 5853 5179 5286 5138 5958 5167 5194 4858 5702 5743 5677 5427 5457 5228 5422 5527 4935 4923 5228 5219 5661 5469 5446 5094 5652 5559 5655 5381 5139 5549 6133 5430 5423 5857 5488 5125 5780 5314 5673 5225 5638 5416 5292 5514 5437 6011 5710 5444 5425 5453 5566 5881 5629 5024 4962 5456 5237 5547 5773 5577 5283 5293 5423 4962 5332 5075 5402 5690 5512 5286 5205 5617 5283 5248 5381 4978 5593 5743 5470 5605 5071 5493 5227 5472 5031 5372 5087 5648 5834 5390 5251 5411 5929 5138 5195 5164 5529 4911 5249 4832 5755 5425 5136 5113 5710 5908 5539 5474 5499 5205 5378 5181 5659 5280 5467 5397 5707 5409 5474 5504 5516 5207 5430 5446 5216 5836 5595 5536 5434 5245 5668 4904 5260 5391 5616 5633 5722 5952 5401 5323 5504 5274 5444 5487 5565 5332 5600 5413 5791 5556 5336 5172 5155 5554 5323 5328 5501 5126 5395 5346 5313 5984 5730 5391 5600 5356 5226 5302 5338 5875 5442 5310 5092 5881 5204 5007 5828 5316 5759 5066 5650 5461 5137 5310 5670 5361 5511 5532 5560 5569 5355 5799 5756 5484 5355 6054 5518 5186 5209 5734 5488 5631 5570 5471 5243 5011 5296 5933 5209 5630 5255 5280 5259 5187 5693 5808 5522 5673 5292 5738 5397 5485 4843 5323 5486 5149 5628 4982 4840 5334 5436 5527 5433 5403 5242 5521 5274 5229 5180 5943
5008 5249 5426 5015 4889 4958 4907 5324 5247 5068 5330 5135 4786 5486 4828 5154 5450 5027 5110 5084 5352 5141 5082 4905 5635 5466 5461 5179 5254 5333 5229 5296 4943 4807 5477 4971 5450 5241 5078 5267 5277 5400 5816 5134 4935 5280 6081 5314 5116 5280 5356 4846 5494 5271 5292 5325 5625 5208 5116 5644 5035 5794 5293 5236 5328 5226 5423 5705 5502 4962 4920 5545 5548 5134 5576 5360 5286 5079 5173 4995 5013 4868 5144 5435 5542 5127 5060 5632 5202 5197 5174 5167 5704 5687 5130 5319 4985 5189 4975 5278 4644 5442 4894 5140 5579 5023 5114 5246 5352 5068 5163 5097 4984 5061 4894 4776 5381 5252 4962 4897 5544 5672 5480 5126 5317 4874 5451 5074 5345 5271 5332 5502 5305 5242 5570 5011 5374 4924 5238 5250 5018 5741 5611 5213 5069 4981 5541 4518 5049 5262 5400 5208 5738 5652 5546 5067 5281 5327 5043 5480 5008 5033 5305 5296 5285 5315 4945 5136 4654 5230 5398 5116 5171 5074 5345 4973 5311 5612 5566 5211 5004 4997 5122 5037 5242 5547 5271 5197 5166 5573 5182 4552 5639 5366 5214 4982 5214 5216 5237 5032 5463 5472 5213 5384 5147 5335 5266 5489 5448 5083 5255 5934 5152 5181 5025 5137 5133 5181 5134 5397 4967 5004 5328 5819 5368 5224 4749 4994 5065 5155 5754 5395 4961 5373 5129 5473 5420 5435 4856 5293 5526 4843 5351 4771 5012 5225 5334 5232 5222 5350 4935 5275 4792 4625 4931 5525
5038 5055 5520 4868 4773 4792 5012 5192 4699 5091 4816 5194 4691 5042 4951 4739 5471 4809 4834 4792 5144 4737 5000 4834 5567 5228 5184 4811 5293 5072 5030 5180 4646 4443 4984 5135 5341 4995 4899 4742 5119 5101 5524 4998 4765 5111 5339 5407 4908 4906 5053 4844 5219 4895 5475 5247 5377 4856 4802 4896 5242 5432 5151 5103 5183 5175 4958 5421 5118 4859 4492 4913 5415 4699 5127 5001 4846 5087 5035 4748 4931 4453 4977 5076 5449 4987 5048 5133 5023 5208 5076 5069 5122 5306 5022 5307 4838 5156 4909 4911 4583 5010 4895 4939 5397 5049 5126 5281 5461 4797 4890 4847 5022 4604 4949 4739 5122 5170 4967 4965 5221 5304 5134 5132 5182 4829 5315 5299 5339 5036 4953 5112 5291 4943 5150 4829 5040 4762 5182 4976 4568 5251 5267 5188 5121 4910 5185 4648 4978 5171 5232 4983 5340 5615 5197 4875 4876 5056 5295 5444 5033 4948 4798 5268 5209 5074 5019 4736 4452 5107 4666 4775 4918 4963 4948 5095 5117 5619 5150 4720 4946 5163 4727 4968 4936 5323 4532 5102 4982 5329 5199 4821 5377 5219 5111 4760 5343 4937 4947 4807 5605 5063 4794 5159 4674 5281 5091 5347 5195 4951 5082 5699 5187 4762 5022 5470 5060 5129 5181 5030 4919 4866 5036 5307 5371 5084 4695 4921 4944 4890 5338 5402 4770 5067 4876 5207 5344 5137 4927 5012 5565 4775 4893 4639 4869 4747 4955 5144 5220 4867 4970 5012 4629 4530 5351 5387
4887 4983 5537 4908 4742 4675 5023 5133 5232 5366 4871 5376 4866 5089 4797 4736 5486 4792 4895 4822 5225 5115 5294 4924 5419 5478 5212 5106 5117 5306 5249 5215 4826 4634 5081 4958 5432 4942 4934 5075 5025 5216 5327 5243 4908 5432 5639 5198 4924 4967 5389 4556 5421 5173 5225 5221 5467 4848 5191 5196 5183 5848 5317 5291 5006 5300 5008 5492 5748 5109 4828 5187 5172 4925 5360 5362 5235 4995 4902 4898 5038 4832 4912 5153 5199 5163 4811 5179 4991 5102 5278 4945 5394 5382 4992 5357 4980 5001 5074 5102 4757 5166 4655 5024 5414 4818 4914 5100 5762 4813 4760 4875 5231 4872 4888 4566 5391 5204 4670 5089 5496 5593 5031 5240 5206 5063 5238 5087 5321 5138 5059 5093 5405 4931 5188 4983 5189 5007 5132 5151 5021 5678 5333 5360 5159 4894 5291 4692 4908 5149 5284 5321 5406 5431 5303 5039 4878 5132 5296 5416 4972 4739 5101 5175 5196 5229 5143 5033 4874 5173 5483 4871 4860 4774 5161 5004 5063 5489 5329 4920 5258 5022 5017 5062 4972 5532 5106 5209 5015 5236 5261 4805 5378 5317 5315 4928 5300 5143 4908 4770 5587 5276 5193 5088 5363 5215 4925 5418 5128 4917 5010 5446 5110 4864 4706 5563 5215 5376 5153 4922 5113 4910 5102 5631 5100 5048 4770 5135 4919 5021 5603 5271 5134 5124 4925 5485 5410 5419 4942 5204 5409 4814 5121 4789 5058 5155 5101 5112 5157 5053 4994 4917 5031 4708 5359 5331
4864 4799 5214 4741 4778 4717 4979 4862 5122 4961 4988 4904 4828 5094 5032 4761 5364 5007 4883 5005 5171 5132 4964 4706 5225 5217 5329 4888 5047 4993 4790 4803 4589 4369 5125 4844 5058 5081 5016 4889 5215 5130 5263 4772 4655 5322 5748 4741 4887 4928 5326 4801 5538 4958 5472 5107 5290 4908 4878 5361 4961 5743 5333 4595 4881 5234 4981 5280 5237 4556 4617 5292 4863 4999 5014 5253 4958 4852 4795 4572 4971 4817 4961 4975 5082 5029 4797 5075 4816 4913 4977 4854 5187 5091 4815 4950 4956 4813 4546 5139 4721 4983 4625 4804 5195 4790 4988 4814 5396 4770 4450 4807 5017 4690 4859 4369 5538 4893 4725 4739 5291 5248 4872 4765 5148 4581 5256 5016 5310 5036 5016 4920 5122 4794 5118 4932 5101 4641 5038 5133 4809 5413 5066 4949 4983 4819 5213 4425 4919 5040 4984 5039 5372 5151 4931 5052 5221 4959 4950 5312 4791 5074 5037 5068 4970 5106 5314 4864 4831 4678 5045 4762 4766 4833 5070 5102 4957 5186 5089 5060 5288 5103 4811 4816 5040 5502 4839 4827 4729 5342 5017 4719 5328 5071 5515 4785 4829 4969 4981 4974 5320 5126 4995 5183 4935 5065 5061 5302 5186 4787 4937 5716 4888 4981 4782 5159 4882 5200 4982 4972 4972 4807 5155 5426 5040 4994 4866 5201 4882 4908 5368 5196 5051 5315 4930 5299 5150 5297 4557 5055 5424 4666 5030 4696 4476 4982 4942 4808 5251 5043 4884 5132 4650 4866 4846 5429
5062 5053 5379 4811 4723 4647 5121 5023 5001 5160 5102 5117 4487 5257 4846 4870 5409 4873 4742 4684 5330 4968 5240 4716 5123 5296 5172 4987 5176 5146 4834 5293 4833 4548 5124 5029 5155 5046 4899 4786 5072 5261 5268 5069 4937 5323 5506 5018 4929 5119 5153 4659 5272 4936 5488 5101 5328 4791 4744 5209 5285 5646 5223 5244 5247 5297 5365 5190 5461 4827 4684 5009 5230 5158 5225 5260 5098 5052 4982 5003 4934 4745 4998 4980 5266 5146 4742 5388 5138 4880 4960 4893 5455 5167 5031 5147 5069 5010 4977 5212 4640 5114 4963 4958 5159 4923 5207 5244 5484 4925 4829 5123 5055 4976 4965 4520 5203 5150 4640 4818 5452 5483 5088 5252 5042 4941 5154 5104 5405 5187 5063 5103 5352 5133 5180 4966 5105 5041 5265 4879 4789 5256 5532 5479 4891 4789 5286 4762 4998 5122 5103 5260 5259 5442 5163 5058 5273 4948 5079 5497 5221 5233 5234 5103 5066 5124 5040 4719 4729 4880 5012 4841 4856 4936 5036 5089 5079 5432 5393 4891 5059 4978 4982 4989 5111 5563 4951 5015 4687 5305 5184 4892 5419 5092 5413 4772 5178 4982 5192 4942 5262 5398 5044 5323 4947 5510 5021 5248 4939 5025 5071 5697 5158 4859 4771 5385 4891 5339 5165 4908 5101 4892 5260 5604 5204 5155 4722 4987 5005 5291 5480 5247 4999 5225 4888 5503 5226 5376 4711 5124 5372 4611 5092 4574 4790 5150 5013 5193 5275 5079 4888 5166 4717 4922 4858 5410
5343 5780 5507 5385 5499 5075 5550 5394 5553 5316 5397 5620 5011 5788 5536 5360 5886 5480 5452 5464 5715 5145 5386 5047 6141 5860 5691 5692 5502 5771 5437 5715 5209 5195 5409 4951 5972 5444 5471 5534 5443 5574 6198 5539 5148 5704 5949 5775 5459 5652 5483 5298 5950 5361 5659 5489 5819 5412 5726 5663 5690 6124 5790 5303 5588 5544 5875 5930 5906 5422 5081 5754 5738 5749 5645 5521 5403 5440 5390 5264 5567 5338 5601 5622 5811 5595 5491 5938 5581 5447 5702 5214 5969 5881 5553 5683 5461 5355 5389 5548 4926 5757 5227 5534 5846 5500 5515 5550 5722 5184 5281 5228 5664 5219 5503 5228 5830 5733 5186 5462 5787 5671 5683 5431 5487 5139 5823 5520 5792 5546 5621 5665 5795 5428 5815 5332 5571 5373 5500 5621 5161 6008 6144 6183 5419 5474 5586 5105 5331 5563 5677 5598 5803 5758 5685 5384 5672 5691 5430 5791 5568 5332 5457 5446 5814 5804 5435 5500 5438 5800 5859 5383 5357 5187 5677 5482 5589 6033 5996 5604 5680 5571 5572 5678 5705 6016 5526 5699 5475 5720 5541 5286 5987 5470 5599 5089 5758 5547 5577 5460 5665 5819 5576 5828 5577 5716 5491 5643 5969 5408 5584 6238 5519 5400 4977 5744 5633 5486 5501 5556 5572 5236 5632 6194 5566 5688 5164 5426 5247 5391 6153 5763 5559 5717 5468 5630 5652 5880 5327 5483 6037 5288 5816 4929 5528 5550 5399 5785 5726 5504 5293 5541 5172 5081 5498 6094
5091 5393 5493 4975 4721 4606 5202 4992 5163 5404 5016 5162 4648 5318 5048 4905 5412 5139 4719 5126 5392 5028 5278 4613 5535 5286 5201 5073 5144 5338 5130 5379 4653 4488 5453 4742 5401 5258 5135 4949 5121 5009 5552 5208 5022 5113 5586 5297 5323 4963 5082 4914 5453 5165 5603 5545 5526 4875 5156 5450 5238 5677 5427 5094 5151 5124 5439 5483 5645 5248 4745 5217 5152 5164 5447 5131 5266 5072 5050 4966 5188 4946 4912 5192 5360 4895 5225 5435 4971 5239 5147 4859 5373 5442 5273 5293 5041 5097 5069 5190 4793 5206 5039 4925 5457 5174 5050 5189 5210 4918 4898 4875 5174 4768 5080 4748 5406 4960 4875 5089 5126 5322 5216 5017 5065 4869 5235 5163 5319 5074 5360 5305 5160 5185 5503 5090 5262 4800 5074 5156 4888 5729 5714 5427 5068 5177 5179 4764 5163 4908 5297 5139 5584 5567 5273 5231 5305 5120 5079 5320 5300 5073 5198 5270 5486 5503 5163 5096 4871 5300 5228 4993 5186 4794 5258 5016 5087 5648 5550 4892 5305 5105 5178 5256 5288 5776 5300 4957 4880 5304 5150 4712 5508 5352 5437 4653 5367 5132 5036 5079 5121 5256 5036 5410 5302 5190 4948 5322 5323 5413 5286 5326 5133 4950 4498 5574 5214 5338 5482 5065 5018 4931 5391 5492 5412 5266 4760 4930 5033 4942 5741 5351 5130 5179 5020 5669 5159 5354 4760 5031 5695 4853 5212 4589 4964 5293 5181 5390 5300 4866 5134 4911 4932 4829 5033 5646
4943 5175 5400 4806 4816 4578 4900 4943 4956 5001 5019 5252 4469 5279 4754 4855 5286 4915 4774 4701 5274 4958 5227 4643 5216 4998 5085 4960 5241 5162 4774 4985 4650 4666 4973 4596 5209 5012 5013 4904 5010 5245 5561 5130 4698 5383 5603 5221 5011 5102 5289 4794 5386 5027 5370 5247 5444 4880 4859 5379 4930 5560 5204 5036 5074 5230 5120 5411 5340 4920 4382 5170 5133 5058 5177 5081 5117 4950 5148 4839 4758 4824 5024 5171 5340 5046 4666 5340 4984 5298 5161 4909 5364 5382 4970 5468 5047 4939 4790 4952 4510 5190 5049 4873 5302 4893 4982 5165 5418 4734 4772 4635 4928 4852 4658 4619 5374 5157 4753 4783 5327 5259 4918 4887 5169 4860 5264 5115 5314 5270 5161 5300 5208 5034 5086 5100 5079 4598 5091 4957 4558 5584 5432 5035 4803 4753 5003 4716 4605 5123 5068 5169 5439 5329 5337 5103 5048 5067 5282 5425 5011 4806 5310 4957 5239 5276 5003 4786 4757 5150 5046 4860 4958 4948 5014 5079 4861 5501 5251 4913 5270 4795 4889 4801 5094 5942 5205 5002 4850 4983 4774 4748 5492 5250 5189 4589 5207 5028 4864 4921 5200 5384 5079 5042 5406 5054 4594 5372 5216 4962 5011 5530 5072 5078 4708 5028 4935 5341 5059 4922 4929 4697 4951 5531 5211 5061 4630 4751 4951 5009 5499 5346 4888 5028 5024 5650 5119 5286 4447 4972 5251 4801 4990 4322 4853 4961 4997 5274 5138 4952 4849 4950 4833 4639 4704 5424
4991 5293 5447 5208 5079 5084 5281 5360 5382 5212 5337 5429 4653 5706 5170 5212 5721 5066 5306 5180 5553 5085 5343 4920 5858 5727 5389 5414 5435 5450 5263 5442 4930 4977 5477 5149 5655 5440 4998 5088 5496 5373 5619 5255 5153 5466 5943 5441 5299 5356 5382 4914 5671 5172 5629 5511 5661 5188 5455 5232 5229 5971 5513 5241 5634 5516 5382 5869 5863 5456 5046 5445 5725 5141 5680 5468 5269 5487 5211 5305 5203 4746 5488 5453 5706 5418 5246 5594 5400 5424 5234 5152 5760 5504 4950 5271 5102 5063 4976 5445 4888 5134 5241 5295 5858 5312 5090 5457 5758 5078 5167 5385 5329 5054 5229 4724 5598 5510 5130 5020 5399 5646 5588 5305 5398 4938 5453 5211 5539 5228 5578 5540 5404 5459 5387 5482 5330 5273 5485 5358 5205 5845 6013 5523 5402 5219 5590 4843 5334 5440 5316 5126 5566 5719 5627 5277 5294 5370 5326 5611 4930 4956 5271 5356 5486 5445 5370 5368 4937 5386 5312 5190 5186 5071 5339 5179 5328 5771 5787 5063 5274 5526 5349 5195 5143 6034 5217 5462 5412 5597 5343 4999 5926 5334 5456 5021 5315 5148 5226 5190 5426 5596 5209 5685 5404 5652 5381 5475 5326 5227 5338 5908 5231 5101 4918 5543 5105 5244 5560 5380 5315 5354 5474 5717 5631 5534 4903 5207 5278 5160 6012 5670 5086 5358 5217 5977 5328 5579 5281 5282 5930 5046 5238 5015 5129 5345 5443 5475 5373 5456 5335 5544 5077 5150 5319 5432
5075 5338 5624 5177 5088 4847 5245 5227 5280 5286 5302 5627 4994 5532 5274 5285 5520 5313 5154 4957 5411 5009 5398 5066 5751 5740 5341 5525 5297 5438 5275 5698 4957 4973 5297 4921 5572 5285 5150 5134 5377 5293 5767 5215 5191 5727 5802 5460 5065 5289 5366 4927 5573 5305 5799 5510 5649 5201 5229 5443 5371 5886 5608 5473 5348 5671 5508 5822 5760 5066 5090 5124 5565 5376 5309 5445 5283 5115 5169 5112 5179 4847 5036 5478 5507 5338 5328 5816 5283 5534 5145 5327 5992 5564 5505 5456 5240 5166 5126 5577 4848 5350 4912 5314 5750 5244 5102 5267 5522 5232 4887 5233 5342 5205 5201 4978 5426 5616 5106 5275 5170 5644 5514 5350 5424 5010 5598 5364 5186 5201 5420 5416 5371 5464 5483 5186 5412 5313 5363 5347 5079 5711 5799 5593 5248 5338 5544 4684 5156 5225 5414 5380 5830 5634 5427 5352 5288 5416 5209 5814 5292 5074 5214 5187 5440 5344 5397 5310 4788 5543 5485 5071 5024 5101 5276 5272 5317 5778 5775 5122 5423 5123 5301 5199 5475 5648 5486 5269 4956 5632 5485 5270 6015 5387 5296 4944 5612 5338 5089 4935 5586 5609 5240 5415 5370 5412 5136 5360 5463 5444 5533 5751 5183 4990 5021 5511 5018 5518 5265 5039 5426 5064 5290 5827 5335 5574 4777 5275 5189 5207 5785 5576 5365 5318 5136 5819 5403 5939 4890 5446 5833 5204 5391 4850 5159 5475 5177 5637 5524 5293 5192 5608 5195 4881 5264 5704
5064 5221 5514 4849 4761 4586 5030 4999 5266 5087 5175 5327 4695 4984 5097 4810 5463 4908 4836 5097 5369 4915 5073 4996 5290 5712 5450 5118 5302 5031 5093 5319 4707 4433 5396 4989 5224 5097 4835 5324 5189 5256 5530 5194 4905 5292 5536 5342 4965 5210 5244 4781 5504 5056 5443 5366 5473 5212 5052 5444 5211 5681 5358 5036 5384 5307 5351 5451 5496 5037 4717 5283 5204 4944 5385 5094 5242 5093 5057 4840 4924 4838 4960 5225 5181 4974 4727 5224 5158 5152 5069 4802 5394 5512 5166 5418 4932 5180 4975 5277 4818 4967 4672 5282 5403 4837 5409 5113 5823 4837 5007 4960 5095 5040 5163 4694 5377 5127 4850 4939 5253 5507 5360 5125 5084 4727 5294 5155 5428 5275 5037 5082 5366 5156 5275 5010 5296 4802 5188 5016 4930 5430 5358 5177 4948 4967 5317 4716 5033 5260 5250 5371 5292 5559 5238 5054 5181 5057 5009 5524 5101 5035 5094 5302 5436 5212 4870 4982 4786 4837 4850 4977 4825 4880 5173 4900 5086 5495 5415 4872 4989 5092 4814 5128 5330 5540 5031 5298 5215 5419 4795 4802 5432 5344 5597 4862 5301 5136 5367 5093 5218 5124 5242 5069 5115 5591 5077 5489 5180 4980 5293 5721 5336 5041 4831 4965 5202 5021 5193 5072 4959 5015 5088 5715 5318 5225 4766 5141 4973 4976 5449 5333 5148 5513 4769 5385 5280 5160 4759 5218 5490 4725 4920 4993 4729 5004 5290 5218 5192 5200 4945 5001 5043 4962 4845 5657
4680 4843 5224 4905 4866 4787 4936 4765 4677 5037 4973 5011 4680 4816 4944 4751 5232 4755 4749 4969 5336 5118 4976 4585 5162 5175 5288 4878 5175 5118 4988 5043 4657 4356 5114 5017 5013 5096 4883 4721 4950 4935 5428 5178 4781 5128 5606 5075 5094 5239 5023 4622 5241 4968 5524 5166 5231 4822 4944 5351 5119 5579 5174 4920 4861 5045 4923 5196 5335 5247 4781 5091 5295 4905 5269 5136 5061 4695 4991 4688 4736 4571 5125 4941 5317 4963 4788 5313 4987 4701 5021 4855 5170 5270 4868 5292 4877 4983 4716 4962 4502 5259 4867 5024 5444 4963 5012 5140 5293 4866 4897 4896 4967 4792 4756 4381 5292 4910 4855 5044 5110 5262 5008 5099 4921 4667 5345 4901 5061 4999 4940 5322 5067 4889 5292 5019 5170 4758 5337 5212 4693 5167 5490 5258 5084 4924 5381 4600 5024 5004 5026 5128 5430 5441 5035 4812 5340 4937 5324 5353 5065 5028 5073 4939 5264 5156 5212 4978 4749 5237 5090 4675 4944 4694 5149 5077 5127 5322 5450 4901 5212 5009 4882 4760 4874 5481 4894 4945 4824 5243 5138 4836 5464 5028 5170 4946 5100 4986 4971 4931 5078 5130 5286 5028 5167 5149 4920 5491 4949 4988 4980 5880 4974 4976 4679 5377 5165 5435 4844 4803 4697 4891 5170 5298 5075 5162 4724 4944 4915 4802 5681 5200 5214 5140 4979 5295 5038 5346 4659 5148 5377 4788 5325 4400 4820 5085 4907 5170 5027 5168 4827 4867 4645 4836 5037 5380
4855 5291 5072 4704 4615 4391 5043 5063 5240 4793 5031 5472 4420 5071 4732 4803 5202 4893 4832 4778 4914 4795 4853 4450 5295 5299 5387 4710 4942 5020 4688 4901 4518 4561 5035 4656 5342 5026 5018 4686 5053 5066 5284 4951 4624 5178 5565 4867 5052 4665 5116 4493 5404 4849 5149 4698 5339 4816 4893 5148 4853 5665 5188 4751 4923 5132 5054 5140 5381 5043 4421 5009 4962 5023 5150 5012 4935 4763 4827 4855 4809 4515 4880 5097 5178 4891 4849 5002 4979 4912 5201 4708 5107 5231 4650 5108 4987 4885 4613 5076 4610 4936 4684 4952 5078 4740 4792 4950 5361 4752 4808 4753 5046 4525 4979 4364 5190 5016 4607 4644 4863 5182 5052 4670 4952 4675 4890 4995 5080 4966 4882 5098 4996 4848 5360 4559 5023 4660 4871 4968 4829 5304 5337 5156 4838 4676 5113 4655 4815 4876 4974 4898 5197 5252 5130 4959 4744 5009 4980 5240 5017 4920 4967 4951 5027 5069 5093 4699 4586 4970 5183 5049 4901 4764 4986 4908 5143 5315 5212 4648 5197 4903 4960 4939 5011 5499 4764 4994 4671 5304 5172 4473 5359 4912 5347 4572 5045 4902 4685 4934 5084 5022 4603 5128 5186 5090 4820 5092 5083 4905 5076 5500 4888 4960 4725 5211 4922 5034 5033 4881 4863 4795 5246 5223 4909 5192 4482 4927 4809 4989 5575 5136 4850 4955 4936 5180 5189 5143 4754 5051 5170 4700 4993 4433 4768 5357 4912 5173 5085 4749 4812 5023 4697 4852 4695 5378
4764 5167 5602 5040 5291 4945 5111 5153 5229 5047 5266 5199 4547 5389 5097 4987 5429 5312 4918 5113 5397 5086 4976 4788 5506 5170 5599 5116 5050 5304 5167 5138 4845 4976 5324 4908 5407 4907 5261 5070 5267 5537 5757 5103 4969 5408 5759 5096 4958 5235 5374 4806 5690 5250 5520 5424 5437 5107 5158 5469 5478 5544 5480 4859 5219 5120 5403 5727 5461 5018 4780 5411 5023 5715 5444 5262 5532 5182 5111 5085 5117 4863 5060 5240 5468 5110 5062 5282 5135 5114 4992 5041 5531 5567 5117 5250 5206 5050 4951 5514 4844 5040 4923 5284 5605 5014 5075 5207 5234 4962 4890 5112 5364 4740 5022 4600 5503 5243 5045 4929 5217 5389 5464 5251 5548 4970 5410 5202 5309 5004 5429 5345 5201 4990 5579 5095 5353 5068 5134 5381 4888 5787 5425 5339 5278 4839 5143 4643 5109 5433 5427 4954 5443 5522 5108 5139 4930 5136 5015 5362 5018 5059 5233 5121 5296 5247 5537 4961 4717 5446 5356 5034 5202 4846 5285 5069 5291 5437 5515 5028 5404 5104 5359 5322 5238 5789 5190 4996 5108 5461 5329 4835 5535 5390 5283 4799 5190 5100 5079 5083 5455 5093 5068 5461 5308 5272 5229 5386 5233 4987 5561 5980 5208 4860 4812 5364 5238 5122 5324 5273 5078 5062 5423 5800 4983 5329 4743 5238 4818 5231 5735 5440 4953 5152 4992 5433 5187 5450 4848 5179 5451 4811 5146 4593 4949 4961 5063 5208 5400 5202 5188 5369 4951 5025 5325 5724
4845 5158 5436 4900 4992 4927 5160 5095 5213 4998 5155 5190 5009 5542 4996 5141 5760 4936 5000 4751 5253 4971 5051 4787 5604 5449 5247 5377 5164 5286 5309 5211 4802 4739 5387 5273 5458 5180 4858 5115 5387 5402 5267 5423 4960 5541 5923 5284 5070 5288 5340 4910 5733 5183 5369 5181 5372 5118 5262 5418 5467 5914 5196 5268 5156 5418 5349 5568 5722 4947 4961 5388 5304 5196 5506 5307 5322 5168 4930 5192 5043 4912 5313 5397 5392 5276 5412 5486 4928 5142 5195 4718 5495 5430 5197 5352 5330 5132 5065 5325 4884 5149 4847 5079 5720 5182 4964 5291 5761 4541 4986 5042 5194 5107 4976 4977 5190 5275 5008 5167 5394 5646 5603 4959 5133 4733 5260 5335 5398 5113 5336 5183 5231 5285 5315 5271 5126 4691 5146 5078 4950 5526 5600 5299 5353 5240 5293 4769 5411 5085 5322 5254 5272 5512 5189 5427 5241 5203 5115 5662 5023 5031 5407 5125 5242 5556 5434 5351 4490 5094 5142 5165 5066 4924 5166 5267 5472 5599 5414 5032 5350 5209 4922 5047 5320 5490 5168 5251 5037 5683 5168 4984 5537 5385 5334 4933 5300 5144 5214 5126 5460 5359 5062 5178 5197 5444 5076 5421 5310 5305 5159 5884 5395 5186 5178 5606 5257 5196 5224 5089 5077 4926 5386 5754 5278 5340 4863 5207 5131 5078 5698 5588 5156 5231 4978 5504 5260 5486 4866 5253 5735 4954 5373 4853 5033 5250 5199 5324 5248 5074 4951 5264 4717 5127 5296 5500
4924 5409 5346 5111 5055 4810 5210 5155 5223 5025 5247 5335 4885 5358 5093 5145 5573 5114 5072 4810 5530 5211 4917 5088 5517 5573 5149 5142 5509 5373 5224 5425 4667 4812 5327 4996 5378 4913 5020 5155 5123 5219 5554 5179 5032 5522 6034 5232 5175 5140 5300 5090 5668 5278 5740 5118 5481 5399 5231 5451 5377 5881 5627 5101 5274 5491 5294 5617 5811 5008 4635 5329 5106 5273 5638 5497 5222 5159 5170 5107 5466 4838 5125 5230 5271 5252 4986 5344 4833 5287 5306 4977 5693 5672 5111 5205 5430 5139 4938 5401 4965 5188 4748 5313 5616 4891 5064 5271 5219 4769 4710 5007 5360 5000 4916 4709 5572 5117 4819 5034 5338 5717 5290 4987 5192 4912 5350 5353 5348 5272 5468 5109 5039 5038 5444 5071 5425 4898 5361 5235 4980 5669 5420 5370 5298 5213 5423 4699 5109 5221 5380 5196 5537 5700 5460 5266 5193 5183 5027 5612 4935 4808 5379 5203 5116 5485 5353 5015 4921 5363 5300 5220 5152 4967 5154 5137 5220 5614 5556 5019 5355 5333 5230 5245 5239 5580 5417 5120 5054 5344 5010 5153 5680 5391 5346 4876 5318 5305 5226 5091 5429 5172 5222 5268 5088 4926 5245 5299 5434 5071 5341 5860 5264 4886 4895 5182 5359 5134 4964 4993 5151 4976 5325 5687 5225 5180 5111 5139 5105 5089 5618 5881 5245 5332 4761 5470 5395 5602 5130 5096 5599 4710 5237 4870 4952 5159 5252 5082 5201 5082 5308 5312 5016 4813 5118 5910
4961 5225 5516 4863 5045 4667 5335 5053 5278 5453 5173 5298 4794 5401 5213 5021 5460 5169 5053 5112 5513 5042 5130 4930 5649 5552 5485 5183 5167 5452 5096 5187 4798 4856 5365 4966 5417 5347 5056 5114 5325 5481 5565 5321 5416 5468 5842 5412 5166 5210 5632 4978 5819 5230 5838 5146 5657 5231 5563 5369 5380 5585 5491 5107 5394 5311 5436 5490 5860 4994 5113 5243 5536 5236 5496 5127 5277 5264 5218 4849 5104 5149 5027 5435 5464 5253 5111 5338 5301 5489 5371 5029 5640 5530 5324 5579 5146 4987 5180 5256 4936 5105 4903 5047 5709 5173 5152 5309 5448 4843 5113 5137 5550 5057 5410 4794 5701 5304 5350 5294 5477 5599 5547 5117 5481 4876 5473 5361 5641 5009 5426 5373 5231 5480 5575 5459 5175 4891 5463 5525 4799 5571 5669 5387 5176 4919 5505 4961 5223 5278 5614 5218 5702 5715 5368 5158 5319 5195 4958 5530 5173 4961 5159 5200 5465 5399 5173 5102 5202 5531 5096 5073 5292 5030 5290 5276 5292 5671 5588 5226 5457 5285 4942 4834 5180 5788 5223 5144 5148 5642 5547 4980 5749 5281 5415 4738 5261 4928 5354 4841 5424 5165 5368 5487 5500 5465 5199 5603 5313 5377 5336 6121 5243 4958 4796 5332 5135 5328 5480 5404 4994 4943 5433 5879 5229 5166 4935 5298 5187 4968 5851 5315 5199 5105 5263 5700 5390 5401 4661 5143 5780 5041 5368 4820 4980 5120 5329 5342 5569 5407 4943 5279 5150 5217 5256 5620
4675 4482 4961 4262 4287 4179 4614 4599 4803 4584 4540 4854 4150 4789 4565 4570 4888 4456 4513 4528 4604 4292 4635 4295 4880 4841 4740 4394 4619 4955 4362 4637 4110 4205 4729 4476 4812 4548 4405 4292 4647 4642 5053 4651 4567 4997 5072 4770 4560 4386 4486 4041 4855 4367 4884 4863 4833 4419 4619 4485 4745 5105 4576 4453 4469 4823 4812 4975 4824 4562 4104 4672 4624 4468 4693 4795 4707 4510 4417 4456 4709 4234 4617 4564 4848 4643 4444 4637 4550 4607 4654 4378 4689 4833 4475 4548 4472 4429 4163 4520 4041 4725 4325 4604 4979 4115 4587 4499 5090 4340 4341 4428 4509 4272 4444 4181 4833 4639 4327 4529 4706 4746 4661 4584 4621 4254 5078 4855 4614 4528 4508 4690 4800 4726 4603 4258 4631 4302 4699 4693 4333 4711 4960 4828 4594 4495 4754 4344 4425 4670 4817 4635 4876 4803 4785 4538 4697 4702 4655 5114 4485 4452 4769 4528 4654 4675 4520 4338 4282 4416 4525 4537 4423 4298 4778 4252 4465 4843 4808 4508 4675 4846 4739 4289 4852 4913 4397 4629 4492 4944 4747 4258 5125 4612 4849 4403 4546 4660 4576 4878 4644 4720 4490 4418 4752 4651 4469 4865 4734 4539 4521 4729 4601 4533 4283 4795 4693 4887 4447 4609 4762 4258 4500 5124 4803 4831 4211 4358 4623 4660 5387 4815 4521 4646 4734 4666 4860 4725 4439 4738 5112 4458 4332 4324 4583 4792 4671 4483 4743 4529 4449 4433 4582 4383 4436 5095
5001 5672 5428 4988 5085 4689 5429 5038 5188 5111 5257 5460 4708 5589 5260 5146 5576 5262 4892 5009 5584 5194 5130 4932 5440 5686 5378 5294 5466 5340 5260 5494 4887 4770 5447 4995 5762 5327 5374 5341 5275 5462 5761 5300 5188 5402 5981 5229 5264 5392 5386 4891 5621 4909 5567 5209 5598 5348 5376 5507 5191 5841 5525 5294 5299 5484 5635 5412 5695 5094 4944 5391 5360 5412 5478 5183 5354 5461 5291 5081 5115 5251 5097 5565 5461 5458 4951 5323 5304 5229 5554 4836 5688 5748 5279 5481 5081 5419 5177 5078 4959 5338 5004 5290 5644 5075 5124 5272 5626 4865 5089 5094 5413 5173 5186 4755 5356 5171 4918 5143 5497 5591 5361 5060 5365 5191 5406 5485 5453 5343 5215 5442 5403 4999 5545 4973 5081 5186 5497 5530 5058 5656 5598 5465 5218 5240 5541 4991 5230 5371 5138 5346 5674 5667 5551 5260 5283 5435 5306 5778 5099 5000 5297 5189 5420 5252 5134 5076 4749 5264 5420 5092 5247 5171 5217 5187 5516 5844 5716 5171 5423 5064 5123 5432 5425 6097 5420 5229 4971 5636 5162 5143 5953 5353 5402 4815 5518 5460 5349 5000 5491 5284 5485 5384 5334 5355 5236 5729 5421 5448 5422 5785 5212 5152 4933 5462 5043 5554 5247 5222 4946 4981 5434 5673 5279 5486 4759 5032 5023 5226 5667 5367 5168 5387 5068 5720 4929 5579 5105 5369 5736 4891 5287 4750 4949 5308 5217 5526 5491 5183 5063 5233 4796 4926 5076 5845
4925 5174 5393 4982 4853 4585 4890 4979 5153 5038 4905 5203 4755 5248 4891 4949 5461 5084 4738 5049 5357 4959 4936 4750 5520 5212 5177 5144 5370 5211 5119 5066 4622 4715 5022 5027 5384 4957 4973 5100 5075 5354 5496 5024 4752 5357 5531 5252 5255 4993 5068 4739 5550 4980 5574 5127 5277 5218 5185 5192 5086 5533 5316 4816 4918 5457 5327 5272 5324 4905 4702 5332 5233 5161 5304 5137 4993 5169 5256 4915 5002 4691 4940 5067 4963 5186 4886 5298 5040 5207 5095 4848 5257 5376 4991 5353 4789 5143 5100 5130 4845 5067 4637 5181 5499 5112 4836 5284 5411 4558 4904 4847 5094 4733 5031 4322 5352 4830 4817 5073 5166 5454 5239 5006 5076 4646 5354 5339 5249 5117 5122 5146 5192 5005 5237 4848 5234 4836 5178 4927 4857 5409 5500 5263 5048 5049 5356 4850 4929 5247 5372 5148 5344 5391 5362 4989 5096 5042 5053 5491 4811 4786 5189 5161 5203 5556 4858 5027 4837 5086 5265 4703 4939 4830 5070 4941 5132 5224 5382 4769 5029 5126 4926 4996 4958 5401 4989 5387 4852 5141 4873 4823 5704 5320 5480 4991 5214 5219 5036 5125 5067 5008 5156 5249 4986 5192 5093 5573 5258 5161 5112 5554 5025 4992 4827 5180 5188 5418 5242 4958 4977 5005 5183 5420 5108 5188 4625 5025 4894 4782 5726 5337 5245 5142 4986 5252 5077 5434 4937 5210 5476 4824 5041 4754 4844 5348 4987 5278 5418 4848 4987 5115 4824 4670 4654 5365
5138 5314 5402 4763 4934 4837 5143 5223 5219 5316 5099 5158 4923 5443 4952 4928 5705 5054 4953 5123 5605 5194 5156 4809 5657 5415 5504 5338 5439 5468 5316 4998 4966 4659 5251 5036 5525 5247 4866 5017 5455 5438 5539 5224 4837 5667 5871 5318 5187 5173 5292 4628 5557 5020 5386 5486 5406 5091 5138 5498 5142 5958 5377 5023 5164 5533 5436 5545 5769 5136 4758 5500 5275 5322 5701 5366 5514 5064 4622 5059 5264 5025 4842 5394 5571 5145 5116 5409 5059 5178 5354 4812 5628 5297 5116 5339 5173 5029 4787 5062 4669 4898 4916 5101 5906 4907 5243 5260 5490 4635 4933 5175 5160 5011 5147 4476 5513 5151 4777 5059 5468 5519 5277 5025 5536 4928 5564 5233 5259 5283 5045 5175 5445 4958 5145 5367 5408 4957 5264 4976 4795 5334 5794 5457 5112 5054 5258 4908 5110 5247 5320 4976 5637 5531 5201 5053 5154 5085 5182 5640 4934 5178 5256 5270 5161 5376 5195 5216 4829 5158 5165 4793 5101 4927 5212 4994 5475 5505 5521 5254 5349 5132 4791 4988 5412 5756 5200 5045 4964 5591 5120 4909 5608 5449 5414 4942 5237 5334 5178 4926 5430 5557 5077 5196 5480 5570 5151 5390 5600 5076 5126 5962 5517 4942 4717 5458 5383 5252 5264 5037 5060 4825 5208 5609 5094 5246 4732 5254 5191 5294 5871 5422 5319 5399 5059 5524 5239 5675 4793 5082 5424 4996 4971 4686 5139 5193 5078 5431 5642 5113 5126 5409 5019 4810 4909 5520
4538 5003 5039 4577 4663 4526 4841 4917 4776 4904 5073 5028 4591 5018 4869 4961 5336 4755 4563 4703 5233 4819 4864 4584 5158 5004 5251 4510 5091 4893 4710 5182 4353 4466 4852 4786 5253 4899 4740 4825 4661 4836 5404 4877 4473 5129 5529 4985 4757 5138 5002 4401 5164 4620 4995 4866 5229 4647 4852 5100 4798 5477 5063 4976 4796 5223 5087 5260 5155 4766 4496 4838 5078 5172 5129 5376 4977 4701 4955 4541 4686 4657 4746 5002 5240 4795 4751 5217 4635 4701 4998 4463 4913 5144 4933 4976 4796 5053 4803 4972 4444 5263 4576 4800 5277 4715 5099 4865 5206 4459 4602 4703 4953 4504 4804 4246 5322 4894 4309 4597 5094 5319 4934 4678 4802 4808 5010 4854 5062 4896 5102 5062 4826 4899 5151 4771 4927 4647 5123 4856 4551 5379 5270 4961 4897 4688 5071 4552 4731 4920 4908 5216 5226 5084 4986 4951 4874 4765 4753 5122 5074 4680 4965 4973 5070 5047 4800 4643 4557 4779 5157 4668 4818 4714 4859 5024 5068 5199 5201 4823 5160 4810 4822 5101 4830 5478 4780 4945 4502 5123 4598 4716 5150 5132 5344 4559 5113 4838 4525 4820 5172 5024 4941 4793 4953 4958 4897 5237 5180 4753 4819 5429 4935 4782 4691 5123 5046 5315 4715 4741 4765 4735 5168 5199 5009 5019 4713 4824 4836 4815 5459 5174 5079 5281 4471 5164 4880 5184 4519 4881 5132 4624 4988 4669 4494 4946 4857 4985 5006 4846 4702 4653 4388 4364 4708 5448
4986 5234 5325 4677 4680 4364 5008 5109 4855 5304 4935 5239 4560 5048 4929 5089 5340 5187 4515 4814 5378 4915 5284 4528 5369 5323 5104 5037 5085 5180 4796 5092 4549 4686 5102 4667 4884 5018 5083 4700 5205 5191 5542 4895 5044 5286 5535 5038 4885 4935 5078 4631 5317 5233 5616 5128 4932 4977 5001 5133 5015 5801 5064 4881 4838 5362 5056 5453 5501 4792 4642 5266 5191 5041 4989 5064 5051 5014 4932 4775 4814 4765 4809 5050 5287 4779 5016 5191 5128 5168 5096 4960 5349 5294 5123 5265 4673 4920 4655 5095 4476 5336 4679 4823 5313 4697 5062 5145 5298 4764 4636 4641 5108 4983 4893 4199 5462 5073 4660 4935 5207 5264 5149 4675 5006 4796 5142 5136 5183 4801 5164 4981 5174 4851 5193 4875 5141 5019 4673 4869 4689 5275 5458 4954 4972 4974 5148 4693 4814 5026 5237 5235 5495 5573 5119 5001 5018 5102 5185 5514 5091 4637 5240 5182 5375 5023 5185 4983 4857 4888 5201 4711 5013 5084 5165 4916 5088 5446 5440 4917 5186 5000 4850 4725 4886 5498 4821 4776 4834 5473 5029 5011 5220 5336 5076 4556 5034 4966 4900 4980 5108 5060 5052 5192 5428 5145 4913 5438 5245 4916 5046 5511 5374 4903 4665 5090 5162 5187 5127 4960 4853 4825 4941 5590 5098 4924 4593 4881 5090 5067 5625 5243 4757 5176 4848 5262 4952 5135 4757 5135 5456 4849 4991 4716 4760 5036 4941 5046 5130 4907 4850 4836 4814 4764 4948 5395
4595 5248 5390 5043 5001 4799 5026 4987 4973 5001 5062 5092 4962 5186 5069 4928 5359 4996 4765 4898 5380 4899 4920 4658 5536 5014 5273 4778 5104 5161 5246 5177 4769 4541 5436 5049 5232 4865 4889 5001 4837 5194 5618 5179 4690 5325 5790 5032 5060 5055 5179 4622 5456 4826 5395 5311 5567 4836 5001 5332 5115 5579 5503 4952 4936 5232 5385 5476 5355 4886 4986 4987 5276 5112 5281 5152 5297 5218 4870 4929 5143 4783 5063 5226 5341 5068 5145 5066 4823 4997 5207 4932 5252 5528 5061 5210 4963 5078 4799 5061 4599 5099 4778 5157 5509 5095 5093 5013 5390 4861 4808 4990 5184 5048 4991 4402 5409 4851 4870 4707 5246 5174 5228 4892 4969 5027 5257 5088 5334 5014 5147 5396 5180 4946 5307 5077 4960 4953 5231 4964 4609 5324 5321 5403 5148 4946 5238 4837 4974 5223 5099 5001 5377 5176 5159 4979 5180 4957 5128 5586 5045 5037 5104 5149 5287 5348 5065 4833 4578 4877 5149 4766 5113 4794 5118 4897 5243 5370 5364 4866 5022 4864 4982 5152 5083 5460 5132 5020 4900 5362 5031 4673 5500 5294 5618 4837 5381 4928 4892 4896 5334 5425 5217 5281 5120 5247 5172 5517 5232 5093 5085 5906 4980 4940 4616 5188 5165 5240 5071 5021 4872 5059 5387 5322 5079 5287 4819 4856 4737 4693 5420 5310 4981 5402 4904 5378 5235 5443 5058 5170 5427 4946 5025 4801 4831 4703 4927 5256 5187 5114 5046 5095 4908 4983 5230 5409
5034 5246 5491 5026 5032 4747 5339 5100 5037 5468 5143 5592 4898 5409 5315 4980 5443 5234 4993 5036 5431 4960 5336 5016 5675 5584 5286 5233 5372 5096 5026 5127 4939 4808 5275 5174 5376 5061 4816 4959 5247 5272 5544 5392 5140 5394 5766 5268 5185 5074 4922 4767 5647 5246 5798 5220 5323 4929 5213 5348 5383 5723 5675 5209 5178 5413 5078 5513 5586 5036 4814 5180 5244 5296 5382 5201 5171 5151 5126 5189 5128 4603 5010 5359 5377 5376 5196 5304 5364 5281 5245 4991 5377 5566 4978 5292 5182 4996 5037 5253 4897 5142 4922 5300 5586 5348 5218 5119 5499 5056 4885 5129 5327 4817 4930 4723 5505 5164 5011 4908 5369 5593 5238 5157 5272 4677 5410 5374 5659 5373 5258 5156 5384 5126 5615 5119 5053 5006 5078 5567 4772 5616 5640 5415 5287 5213 5475 4759 5292 5345 5251 5293 5370 5547 5162 5211 5275 5012 5324 5719 5183 5015 5134 5241 5394 5377 5268 5016 4763 5217 5348 4760 4842 5273 5210 5184 5270 5511 5303 4784 5376 5179 5188 5194 5226 5904 5119 5225 5003 5363 5078 4858 5475 5441 5313 4955 5482 4988 5063 5176 5518 5212 4989 5212 5237 5426 5081 5539 5353 5252 5242 5823 5121 4929 4940 5457 5177 5299 5293 5203 5276 4902 5262 5818 5424 5362 4818 5269 5141 4994 5572 5478 4788 5352 4737 5344 5300 5355 4646 5284 5957 4758 5101 4680 4916 5152 5080 5411 5467 5002 5139 5234 4873 5025 5209 5465
5299 5688 5828 5225 5051 5093 5547 5798 5356 5370 5481 5579 5092 5692 5133 5317 5693 5319 5389 5561 5768 5325 5232 5172 6087 5659 5934 5315 5483 5473 5295 5545 5152 5034 5586 5318 5828 5367 5403 5173 5537 5419 6028 5473 5198 5611 6069 5516 5351 5718 5504 4830 5912 5196 5664 5349 5862 5335 5402 5683 5481 6031 5671 5546 5640 5406 5482 5867 5870 5557 5120 5659 5626 5400 5802 5591 5675 5473 5235 5373 5490 5216 5392 5661 5946 5266 5197 5674 5479 5302 5484 5108 5790 5849 5187 5501 5452 5431 5226 5204 4977 5646 5148 5178 6113 5406 5595 5371 5810 5326 5290 5364 5500 5169 5340 4812 5781 5528 5118 5237 5630 5855 5573 5150 5391 5031 5750 5361 5607 5385 5556 5498 5658 5394 5798 5490 5424 5330 5455 5450 5154 5679 5871 5775 5285 5251 5499 5054 5370 5518 5554 5516 5872 6019 5560 5230 5660 5494 5504 6007 5362 5282 5680 5488 5503 5641 5600 5299 4868 5239 5744 5274 5588 5403 5291 5347 5357 6016 6077 5369 5370 5423 5389 5505 5706 6062 5464 5603 5160 5744 5413 4983 5954 5519 5673 5157 5645 5437 5325 5464 5788 5781 5486 5488 5728 5505 5441 5698 5792 5341 5539 6080 5715 5376 5262 5594 5595 5631 5609 5483 5095 5342 5882 5767 5436 5453 4907 5224 5145 5400 5930 5780 5342 5668 5427 5734 5412 5917 5419 5532 5855 5143 5646 4937 5079 5464 5362 5370 5635 5542 5252 5459 5003 5138 5467 5770
4768 4977 5179 5014 4897 4948 4816 4917 5059 5043 4761 5183 4606 4953 4803 4811 5027 5045 4838 4846 5245 4661 4906 4559 5394 5363 5232 4850 5139 5052 4773 5025 4380 4277 5287 4634 5149 4825 4783 4764 5013 5253 5578 5036 4666 5247 5750 4840 5084 4812 4952 4632 5434 5168 5262 5393 5168 5098 5147 5015 5024 5805 5150 4736 5014 5102 5093 5522 5233 4868 4583 4960 5031 5195 5322 4917 5002 4958 4638 4718 5224 4648 4952 5048 5111 4920 4982 5327 4973 4960 4965 4835 5304 5392 4858 5050 4678 4878 4853 4843 4540 5089 4866 4901 5338 4687 5173 5099 5306 4502 4763 4871 5020 4740 5104 4499 5438 4968 4654 4895 5190 5197 5121 5162 5096 4429 5147 4850 5005 5091 5320 5058 5102 5151 5324 5270 5144 4814 5168 4939 4753 5359 5437 5164 4883 4834 5045 4648 4774 5006 5246 5140 5348 5333 4944 4964 5182 4933 4796 5433 5003 4844 4833 4953 5109 5269 5150 4987 4405 4996 4997 4632 4740 4823 4992 4886 5251 5211 5411 4937 4870 4979 4846 4728 5100 5323 4987 4939 4902 5152 4989 4793 5434 5103 5164 4875 5199 4955 4979 4949 5108 5164 4689 4812 4957 5129 5079 5275 5183 4706 5185 5820 4921 5124 4513 5190 5107 4905 5212 4901 4889 4842 5255 5457 5083 5039 4507 5006 4877 4931 5614 5442 4886 5161 4779 5475 5218 5059 4813 5083 5257 4826 4743 4682 4655 5121 5023 5040 5262 4948 4943 5144 4815 4725 5016 5279
4927 5499 5374 4898 4763 4682 5088 5242 5138 5280 5546 5514 4572 5465 4918 4941 5592 5250 4954 5004 5741 5265 5080 4883 5292 5446 5288 5154 5177 5112 5351 5589 4715 4851 5335 4984 5489 5293 5251 4973 5217 5347 5693 5286 4796 5397 5825 5010 5146 5104 5558 4758 5393 5331 5531 5029 5386 5061 5291 5622 5096 5989 5485 5140 5301 5459 5351 5458 5654 5180 5007 5462 5447 5234 5506 5353 5482 5244 5419 5029 5113 4624 5068 5450 5474 5111 5134 5294 5325 5007 5059 4901 5584 5715 4997 5140 5202 5166 5106 5303 4886 5209 4771 5270 5354 4994 5114 5377 5329 5035 5162 4933 5188 4838 5021 4682 5388 5364 4891 4951 5335 5699 5272 4917 5361 4952 5100 5370 5202 5030 5155 5164 4974 5189 5643 5062 5264 5067 5262 5164 4850 5393 5852 5267 4987 5063 5465 4690 4978 5243 5227 5366 5731 5419 5490 5081 5242 5238 5164 5691 4961 5082 5287 5119 5490 5305 5267 5139 4829 4912 5239 5030 5213 4924 5370 4979 5203 5509 5474 5066 5188 5197 4996 5021 5247 5719 5221 5036 4882 5701 5317 4992 5865 5465 5403 4715 5026 5217 5288 5157 5460 5483 5180 5272 5290 5578 5165 5607 5385 5120 5279 5834 5304 5019 4653 5144 5119 5136 5107 4996 5016 4908 5750 5611 5364 5129 4825 5150 4817 5199 5560 5564 5084 5253 5085 5555 5361 5452 5007 5421 5780 4820 5275 5045 4911 5323 5214 5238 5321 5302 5028 5279 4802 4975 5050 5383
5066 5347 5134 4961 4869 4570 4980 5043 5185 5150 5107 5129 4440 5272 4923 4783 5419 4961 4772 4718 5450 5188 5223 5009 5519 5379 5047 5370 5287 5216 5331 5278 4954 4726 5091 4583 5391 5227 5288 4937 5173 5039 5718 5034 4640 5290 5367 5108 5142 5188 5152 4810 5538 5002 5410 5357 5357 5006 4967 5381 4861 5550 5380 5209 5262 5019 5171 5305 5515 5096 4776 5404 5305 5031 5507 5079 5202 5178 5092 4721 4963 4568 4950 5152 5477 5123 4943 5221 5200 5272 5227 4727 5510 5455 4933 5218 4881 5130 4836 5131 4845 5300 4648 5138 5243 4990 5337 5125 5400 4978 5078 4790 5021 4917 4945 4831 5386 5236 4864 4892 5323 5539 5441 5035 5044 4821 5337 5130 5254 5018 5115 5267 5363 5038 5375 5160 5326 4714 5192 5298 4751 5232 5494 5295 4743 4985 5416 4788 4895 5139 5126 5128 5521 5533 5359 4914 5263 5114 5278 5204 4885 4890 5150 5118 5270 5240 5028 4982 4616 4952 5222 4928 4892 4958 5061 5058 5196 5578 5641 4760 5339 5008 4740 5264 5209 5437 5148 5141 4896 5246 4858 4742 5610 5073 5352 4844 4908 5110 5293 5041 5351 5114 5179 5244 5340 5431 4822 5508 5055 4850 5230 5856 5179 5148 4929 5289 5087 5328 5250 5003 5071 4756 5117 5597 5125 5176 4541 4872 4967 5028 5783 5131 5201 5074 5184 5280 5042 5361 4700 5352 5441 4816 5085 4676 4892 5214 5097 4828 5239 4924 4989 5119 4826 4882 4814 5570
4917 5330 5539 4720 5045 4753 5154 4849 5119 5087 5301 5641 4714 5374 5439 5159 5403 4842 5180 5275 5275 5100 5170 4884 5465 5532 5315 5297 5311 5384 5195 5348 4757 4675 5064 4963 5216 5094 4758 4863 5396 5173 5465 5329 4756 5279 5710 5285 5174 5131 5038 4741 5452 4924 5663 5399 5349 4954 5080 5224 5196 5782 5368 5141 5210 5302 5278 5675 5536 4846 4686 5393 5287 4956 5382 5113 5296 5066 4875 4962 4951 4711 5192 5371 5525 5030 4892 5640 4880 5043 5340 4827 5070 5410 5432 4985 5162 5059 5197 5144 4669 5305 4698 5187 5805 4974 5070 5125 5425 4841 4833 5122 5099 5235 5009 4639 5392 5291 4903 4853 5287 5510 5197 4857 5010 5008 5248 5182 5247 5217 5378 5314 5473 5170 5181 5089 5302 5030 5340 5060 5012 5254 5744 5473 5021 4903 5427 4991 5082 5230 5094 5398 5450 5733 5341 5132 5115 5226 5202 5771 4966 5021 5121 4995 5517 5232 5292 5054 4921 5043 5220 4866 5116 5202 5191 5247 5149 5600 5490 5192 4992 5008 5270 5147 5036 5500 4937 5275 4853 5619 5172 5021 5418 5263 5452 4917 5403 5264 5291 5177 5422 5348 5178 5182 5123 5262 5205 5453 5597 5232 5212 5773 5182 4831 4871 5421 5112 5417 5324 5078 5087 4949 5191 5693 5454 5221 4756 5034 4792 5185 5810 5516 5032 5150 4991 5374 5213 5496 4791 5189 5347 5118 5323 4677 5081 5297 5051 5277 5191 5026 5078 5320 4896 4943 5071 5634
5187 5531 6002 5164 5140 4875 5550 5153 5509 5600 5381 5699 5018 5725 5372 5171 5725 5231 5300 5181 5546 4946 5324 5120 5831 5643 5555 5520 5298 5459 5621 5483 5093 4788 5395 5229 5587 4920 5257 5246 5614 5431 5667 5343 5180 5493 5864 5378 5308 5508 5511 4784 5830 5358 5856 5363 5873 5166 5319 5842 5511 6119 5755 5299 5340 5524 5349 5892 5829 5086 5200 5334 5696 5327 5750 5651 5478 5375 5205 5221 5193 5130 5336 5538 5711 5589 5361 5540 5474 5591 5618 5278 5564 5808 5539 5638 5544 5379 5508 5489 4963 5249 5081 5321 5667 5117 5354 5375 5614 5219 5189 5206 5405 5118 5077 4952 5629 5482 5094 5369 5529 5770 5502 5396 5468 5002 5473 5595 5718 5524 5477 5495 5264 5286 5675 5129 5310 5193 5586 5442 5038 5715 5796 5564 5311 5113 5475 5152 5323 5230 5495 5244 5754 5671 5576 5155 5522 5396 5248 5743 5406 4942 5413 5308 5551 5486 5407 5404 5062 5294 5556 5229 5345 5187 5480 5276 5457 5611 5742 5266 5230 5469 5374 5187 5544 5999 5501 5520 5322 5701 5329 5223 5759 5561 5616 5301 5624 5316 5380 5459 5631 5692 5470 5496 5492 5564 5316 5663 5856 5716 5617 5781 5231 5206 5016 5715 5427 5566 5329 5187 5197 5271 5467 5909 5299 5623 5021 5112 5209 5210 5836 5697 5096 5344 5174 6028 5477 5906 5113 5422 6026 4828 5287 4990 5264 5754 5102 5479 5627 5274 5285 5575 5163 5223 5127 5891
4849 5359 5534 5048 4987 4401 4902 4991 4961 5249 4893 5066 4565 5232 5082 4885 5339 5005 5102 4977 5277 4862 5206 4744 5432 5057 4962 5210 5217 5056 5124 5364 4767 4705 4917 4729 5475 4700 5014 5014 5282 5282 5477 5007 4765 5220 5604 5319 4968 4820 5205 4684 5440 5171 5402 5259 5227 5076 5123 5227 5068 5530 5285 4873 5069 5540 5201 5150 5581 4942 4499 5013 5276 5049 4993 5227 5166 5016 5016 4851 5330 4854 4811 5190 5258 5051 5048 5182 5089 5054 5118 4987 5565 5044 5032 5377 5059 4847 4785 5277 4616 5201 4758 5158 5397 4873 5052 5261 5468 4551 4897 4919 5226 4545 4944 4521 5379 4914 4835 5109 5319 5442 5086 5001 5025 4689 5419 5323 5308 4931 5210 5187 5018 4831 5326 5027 5119 4989 5227 5197 4760 5460 5405 5072 5224 4800 5067 4660 4974 5134 5139 5199 5363 5135 5266 5036 4898 4978 5272 5341 4924 4922 5014 5098 5174 5287 5027 4924 4639 5231 5066 4785 5036 4955 4958 4812 5412 5423 5332 4640 5278 5182 5015 4843 5092 5549 5198 4967 4860 5278 5177 4947 5545 5188 5322 4779 5281 5109 4936 4935 5114 4999 5141 5114 5162 4991 4952 5612 5037 5136 5018 5569 5195 5011 4951 5296 5249 5451 5033 4794 5037 4780 5234 5466 4896 5199 4712 5134 4825 4998 5471 5062 5103 5108 4948 5449 5347 5399 4899 4854 5503 4791 5202 4700 4880 5202 5105 5184 5202 5129 5158 4995 4593 4757 4767 5550
5029 5320 5362 4596 4882 4674 5015 5046 4966 5156 5193 5196 4778 5409 5082 4937 5571 4913 4900 5126 5284 5236 5044 4957 5470 5699 5380 5068 5212 4874 5194 5315 4638 4596 5143 5184 5357 5189 4991 5102 5185 5235 5610 5088 4889 5285 5489 5269 4914 5197 4963 4758 5428 5080 5615 5307 5314 5089 5091 5112 5093 5469 5156 4947 4871 5366 5204 5624 5421 5025 4870 5156 5002 5208 5118 5100 5294 4902 5163 4947 4807 4476 4961 5088 5235 5042 5111 5575 5019 4889 5265 4969 5229 5320 4948 5368 5115 4885 5163 4917 4557 4895 4808 5072 5359 4992 5297 4989 5517 5087 4982 5131 5064 4711 4911 4328 5396 5038 5045 4795 5115 5533 5154 4925 5077 4809 5264 5201 5199 4716 5277 4681 5003 4957 5252 5018 5102 4920 5139 4957 4923 5372 5131 4936 5258 5056 5390 4936 5122 5149 5252 5264 5333 5378 5304 4869 5033 5193 4976 5578 4904 4791 5030 5234 5206 5159 5013 5070 4713 5040 5014 4875 4893 4906 4936 5064 5173 5417 5208 4820 4906 5096 4946 5052 5155 5598 5004 5061 4949 5515 5054 4872 5310 4980 5358 5025 5217 5091 5052 4841 5417 5172 5255 5091 4929 5350 5260 5017 5336 5133 5478 5636 5154 5112 4927 5161 4942 5176 5332 4909 4967 4921 5344 5410 5038 5001 4702 4974 4995 4764 5629 5372 5138 5345 4744 5329 5136 5457 4867 4888 5421 4853 5020 4874 4894 5105 4966 5531 5338 5042 4999 5020 4717 4763 4884 5470
5143 5312 5527 5102 5047 4880 5056 5144 5162 5373 5416 5030 4859 5444 5192 5130 5661 5056 4926 5251 5560 5036 5323 4887 5753 5568 5508 5322 5616 5293 5180 5436 5112 4700 5297 5257 5351 5073 5094 5266 5269 5282 5738 5191 5018 5726 5745 5416 5285 5422 5162 4963 5472 5167 5724 5516 5541 5144 5120 5457 5275 6003 5258 5162 5208 5402 5446 5559 5385 4896 5040 5587 5469 5276 5618 5402 5428 5372 5172 5082 4913 4928 5316 5236 5684 5371 5137 5692 5336 5601 5275 5177 5396 5687 5099 5483 5156 5292 5100 5429 4604 5395 5246 5156 5610 4884 5521 5210 5598 4901 4968 4883 5328 5191 5026 4631 5712 5389 4859 4961 5639 5563 5405 5221 5352 5340 5602 5573 5541 5394 5045 5700 5335 5292 5378 5048 5291 5133 5320 5134 4942 5562 5840 5578 5439 4912 5480 5039 5366 5437 5286 5137 5842 5716 5368 5238 5443 5268 5541 5642 5079 5264 5273 5498 5557 5366 5097 5231 5041 4986 5105 5085 5144 5072 5428 5311 5213 5696 5550 4878 5147 5498 4996 5180 5188 5868 5208 5161 5187 5605 5136 5005 5715 5493 5313 4827 5156 5040 5346 5258 5721 5432 5205 5598 5248 5502 5146 5452 5660 5062 5310 5915 5283 4966 4892 5301 5427 5491 5420 5312 5443 4798 5224 5895 5549 5358 4829 5243 5252 5358 5777 5550 5154 5597 5227 5531 5359 5466 5058 5674 5757 4878 5128 4948 5134 4996 5212 5321 5166 5079 5104 5093 5151 5120 5253 5771
4922 5232 5363 5014 5026 4697 5082 5055 4999 5364 5294 5118 4772 5094 5062 5009 5491 5070 4924 5224 5151 4984 5094 4841 5426 5274 5403 5204 5161 5247 4958 5156 4875 4729 5060 5030 5295 5253 5063 5275 5298 5202 5419 5334 4977 5180 5671 5140 5135 5249 5277 4709 5608 5004 5517 5437 5562 5157 5079 5599 5214 5650 5349 5100 5150 5179 5159 5399 5386 4813 4882 5427 5407 5178 5174 5260 5128 5046 5143 5156 4996 4926 5035 5297 5340 5002 4933 5440 5295 5168 5345 4936 5491 5501 5027 5449 5084 5045 4782 5407 4886 5161 4943 5037 5722 5100 5080 5392 5679 4887 4870 4882 5154 5032 5043 4629 5572 5147 4993 5034 5541 5453 5197 4971 5325 4811 5372 5234 5440 5273 5074 5446 5186 4949 5201 5055 5436 4854 5175 5242 5073 5571 5623 5331 5291 5040 5294 4719 4963 5480 5332 5274 5662 5545 5250 5068 5137 5276 5293 5385 5132 5091 5126 5289 5465 5340 5187 4983 4856 4877 5106 4774 4961 4893 5165 5062 5249 5610 5293 4923 5305 5172 4952 4811 5158 5611 5024 5508 4895 5395 5225 4865 5647 5321 5503 4887 5332 4981 5131 5009 5595 5271 5134 5528 5184 5316 5079 5272 5429 5338 5110 5801 5177 5194 4971 5398 4963 5140 5270 4840 4952 4832 5361 5642 5109 5130 4701 4946 4980 5098 5811 5091 5397 5481 4903 5469 5285 5588 4889 5298 5334 4822 5318 4827 5000 5148 5037 5479 5577 4888 5158 5085 4970 4774 5074 5308
5319 5580 5625 5197 5211 5013 5363 5328 5597 5612 5349 5418 5205 5701 5123 5089 5805 5136 5379 5129 5545 5221 5290 5232 5697 5602 5561 5230 5202 5460 5541 5261 5080 4726 5433 5034 5495 5351 5156 5481 5361 5603 6006 5502 4979 5856 5888 5608 5505 5455 5410 4872 5827 5295 5755 5394 5899 5094 5425 5607 5566 5869 5697 5255 5324 5460 5840 5931 5826 5157 5282 5552 5327 5392 5659 5616 5472 5244 5223 5328 5359 5045 5366 5385 5677 5366 5091 5560 5410 5266 5462 5285 5560 5599 5051 5361 5541 5176 5101 5482 4977 5414 4903 5318 5694 5146 5382 5304 5715 5176 4847 5175 5355 5078 5245 4540 5572 5428 4992 5224 5672 5714 5444 5192 5408 5293 5734 5309 5717 5300 5559 5410 5419 5345 5742 5318 5445 5021 5460 5412 5162 5869 5612 5478 5525 5223 5579 5087 5409 5435 5401 5600 5980 5831 5537 5351 5413 5266 5452 5924 5248 5229 5426 5467 5619 5431 5378 5259 4971 5362 5480 5196 5202 5210 5397 5475 5491 5939 5657 5240 5373 5414 5114 5352 5546 5808 5237 5389 5277 5683 5178 5253 5629 5440 5734 5241 5498 5341 5331 5392 5868 5686 5388 5427 5361 5430 5433 5659 5323 5353 5563 5939 5211 5439 5055 5433 5393 5631 5527 5231 5226 5275 5731 5891 5612 5388 4970 5348 5081 5136 6036 5610 5436 5510 5363 5843 5723 5492 5222 5338 5570 4957 5413 4940 5193 5511 5182 5620 5667 5329 5354 5410 5213 5154 5360 5957
5324 5249 5747 5174 4932 4766 5293 5057 5378 5449 5383 5318 5089 5530 5243 5188 5912 5221 5161 5159 5587 5264 5439 5037 5707 5690 5668 5301 5425 5627 5468 5375 5018 4742 5258 4945 5585 5268 5134 5482 5501 5699 5693 5406 4924 5504 5877 5394 5654 5703 5382 5096 5583 5418 5800 5538 5965 5336 5405 5688 5488 6000 5411 5140 5536 5576 5660 5679 5687 5345 4941 5490 5452 5421 5540 5627 5524 5491 5305 5261 5283 4911 5323 5253 5485 5392 4898 5535 5164 5273 5078 5007 5538 5665 5395 5792 5382 5479 5167 5519 5124 5451 5016 5450 5862 5135 5264 5454 5848 5323 5239 5071 5389 5011 5057 4769 5868 5543 4888 5475 5690 5745 5392 5200 5397 5253 5468 5477 5329 5262 5309 5609 5512 4980 5360 5291 5639 5342 5592 5466 5129 5958 5596 5601 5132 5132 5398 4906 4768 5278 5389 5443 5861 5798 5576 4939 5381 5330 5400 5714 5357 5142 5487 5376 5259 5780 5163 4983 4989 5384 5430 5034 5520 5174 5584 5354 5450 5806 5696 5296 5571 5356 5231 5247 5273 6042 5293 5408 5228 5593 5323 4961 5914 5577 5801 5150 5545 5523 5372 5313 5469 5599 5385 5514 5364 5560 5171 5767 5596 5442 5299 5863 5262 5379 4773 5710 5368 5649 5554 4905 5067 5013 5506 5668 5277 5422 4842 5186 5165 5372 5833 5837 5504 5470 5216 5614 5289 5732 5186 5106 5589 5155 5298 4597 4980 5413 5092 5370 5451 5268 5172 5203 5284 5030 5171 5496
5064 5248 5365 4903 5198 4681 5034 5170 5247 5382 5345 5303 4903 5410 4989 5094 5418 5197 5141 5029 5446 4927 5172 5030 5694 5476 5389 5458 5389 5216 5296 5347 4893 4677 5270 4971 5338 5246 5094 4946 5294 5388 5604 5171 4990 5557 5808 5300 5177 5315 5323 4904 5753 5380 5636 5580 5465 4900 5173 5218 5299 5739 5447 4912 5150 5557 5226 5548 5705 5185 4791 5501 5180 5427 5211 5267 5171 5325 5141 4980 5122 4946 5128 5184 5280 5228 5132 5452 5158 5215 5430 5029 5580 5454 5283 5559 5197 5216 4968 5365 4962 5205 4772 5270 5498 4813 5260 5274 5569 4881 4938 4815 5441 5130 5111 4950 5570 5182 4923 4975 5339 5562 5436 5294 5407 5039 5406 5218 5273 5387 5269 5295 5370 5236 5623 5111 5606 5087 5323 5395 4983 5654 5390 5329 5247 5063 5433 4939 5178 5049 5346 5021 5559 5878 5280 5075 5144 5136 5279 5764 5158 5020 5264 5253 5542 5735 5415 5219 4918 5329 5386 5239 4950 4751 5364 5064 5289 5587 5673 4953 5379 5141 5079 5177 5264 5890 5258 5198 5179 5585 5199 4936 5613 5324 5513 4977 5497 5117 5078 5212 5650 5380 5168 5157 5279 5290 4966 5604 5316 5113 5318 5894 5226 4975 4993 5393 5282 5378 5145 5179 4875 4979 5130 5829 5227 5299 4700 5187 5083 5107 5672 5520 5334 5183 5086 5423 5509 5432 4834 5222 5498 4823 5113 4717 5102 5469 5106 5367 5359 5105 5095 5200 4849 5196 4982 5595
5168 5397 5603 5124 5160 4789 5143 5456 5166 5128 5252 5344 4905 5244 5043 5246 5545 5069 4748 5168 5112 4879 5065 4946 5815 5567 5557 5010 5631 5437 5301 5386 4779 4674 5431 5032 5526 5362 5099 5203 5503 5266 5644 5062 5043 5445 5995 5296 5249 5129 5347 4757 5703 5276 5743 5206 5351 5411 5277 5179 5219 5520 5227 5125 5318 5520 5351 5537 5884 5180 4827 5356 5478 5510 5389 5226 5342 5373 5416 5095 5262 4891 5312 5320 5563 5046 5070 5547 5157 5245 5273 5028 5563 5375 4812 5574 5193 5132 5014 5108 4785 5307 5180 5256 5508 5221 5345 5241 5621 4809 5124 5024 5331 4943 5320 4625 5497 5270 4813 5059 5297 5608 5595 5140 5112 4725 5298 5229 5368 5389 5146 5293 5268 5481 5336 5187 5190 5106 5065 5281 4879 5468 5817 5308 5391 4971 5283 4771 5098 5436 5441 5372 5376 5699 5327 5482 5409 5203 5304 5399 5342 4983 5319 5133 5437 5346 5214 5115 4841 5078 5376 4899 5282 5053 5174 5285 5127 5543 5677 4975 5462 5177 5086 5002 5282 6002 4787 5114 5163 5830 5286 5216 5791 5314 5502 4821 5314 4886 5207 5120 5407 5240 5457 5341 5235 5555 5451 5502 5665 5067 5325 5828 5500 5097 4883 5605 5472 5194 5412 5077 5000 5092 5364 5587 5188 5207 4668 4995 5352 5106 5469 5681 5368 5167 4997 5781 5523 5514 4893 5534 5872 5033 5294 4752 5049 5123 5079 5211 5298 5085 5027 5199 4911 4836 4896 5722
4498 4927 5121 4722 4515 4341 4615 4697 4684 4727 4521 4754 4404 4745 4385 4461 4996 4497 4458 4454 5004 4722 4465 4540 5158 5029 4710 4668 4736 4560 4780 4782 4159 4282 4955 4481 5010 4601 4628 4904 4534 4915 5116 5076 4492 5052 5479 4500 4689 4533 4854 4518 5034 4790 5097 4985 4856 4649 4709 5201 4859 5288 5003 4989 4568 4636 4920 5122 5149 4561 4627 4966 4716 4723 4949 4871 4986 4622 4652 4735 4799 4478 4578 4871 4940 4545 4392 4855 4654 4614 5042 4592 4996 5122 4566 4979 4721 4654 4388 4680 4453 4691 4413 4771 5050 4601 4622 4494 4991 4689 4508 4703 4701 4649 4803 4384 5037 4887 4556 4698 4968 5254 4704 4804 4823 4437 4907 4772 4916 4608 4639 4926 4681 4738 4878 4729 4582 4606 4639 4623 4671 5239 5046 4957 4574 4360 4776 4395 4836 4636 4904 5018 4976 5014 4710 4732 4631 4652 4945 5179 4702 4638 4863 4831 4886 4645 4940 4775 4378 4656 4669 4677 4730 4492 4860 4521 4659 5036 5001 4521 4888 4511 4637 4739 4784 4864 4991 4500 4555 4806 4567 4472 5047 4893 4942 4496 4619 4612 4814 4613 4811 4785 4838 4894 4655 4940 4686 5063 4964 4457 4786 5111 4791 4719 4599 4989 4702 4964 4756 4802 4669 4697 5002 5298 5038 4812 4293 4544 4506 4640 5126 4701 4599 4924 4517 5210 4777 5110 4596 4675 5253 4425 5014 4568 4495 4709 4911 4566 4930 4617 4850 4647 4554 4437 4650 5139
4771 5072 5227 4899 4729 4496 4779 5104 4950 5121 5001 4942 4755 5389 4930 4942 5375 5103 4884 4842 5439 4630 5181 4798 5573 5274 5020 5091 5281 5207 5009 5253 4668 4537 4992 4747 5185 4837 4777 4884 5105 5180 5373 4944 4902 5239 5426 4975 4977 5235 5178 4655 5480 5092 5463 5275 5409 5025 4995 5254 5445 5696 5182 4795 5166 5207 5258 5363 5465 4832 4799 5037 5196 5014 5402 5115 5125 4989 4754 4820 5143 4711 5165 5039 5196 5350 5100 5329 5063 4988 4991 4908 5422 5425 4888 5389 5121 4847 4913 5290 4561 5121 4746 4983 5492 4993 4913 4834 5302 4759 4692 5042 5164 4628 5132 4205 5448 4824 4701 4920 5299 5479 5320 4962 5031 4547 5123 5036 5166 4824 5202 5103 5118 5178 5326 5020 5222 4979 5199 5025 4718 5341 5337 5158 5174 5166 5330 4553 4750 5095 5318 5144 5509 5242 5057 4995 5148 5072 4949 5370 4721 4791 5179 4850 5023 5259 5199 4649 4571 5002 5133 4744 4920 4888 5156 5052 5282 5672 5567 5046 5097 5285 5026 5103 5099 5477 4994 5030 4993 5629 5197 4746 5462 4887 5244 4901 5145 5107 5112 4880 5212 4955 5242 5223 5020 5093 5172 5270 5129 5153 5231 5681 5136 5008 4879 5250 5241 5183 4997 4832 5093 4901 5016 5649 5022 5210 4712 4969 4965 4912 5699 5432 4936 5399 4980 5178 5169 5539 4963 5047 5405 4844 5198 4674 4707 5184 5012 5043 5275 5149 5082 5117 4712 4839 4838 5321
4664 5396 5373 4895 4984 4454 5106 5059 5113 4997 4979 5212 4508 5203 4723 4772 5602 5225 4884 4803 5454 5026 4869 4640 5394 5402 5338 5308 5312 5284 5208 5169 5045 4588 5223 4895 5241 4870 4787 4957 5272 5361 5472 5021 5055 5200 5621 5329 4947 5236 5337 4618 5575 5056 5264 5057 5491 5085 4936 5305 5242 5892 5390 4701 5083 5305 5326 5509 5649 4841 4779 5182 5294 4968 5284 5095 5341 5154 4889 4945 4900 5028 5051 5245 5201 5042 4750 5389 4940 5310 5247 4946 5315 5352 5065 5266 5041 5218 4869 5492 4905 5176 4769 5171 5661 5012 5005 5323 5517 4825 4856 4836 5124 4624 5114 4438 5441 4955 4834 4848 5308 5519 5319 5086 5080 5019 5353 5364 5265 5106 5211 5350 5405 4711 5033 4823 5386 4872 4975 5111 4846 5461 5198 5049 5000 5014 5282 4708 4819 5161 5106 5016 5454 5479 5383 5097 5008 5212 5318 5267 4833 4962 5044 4974 5298 5292 5026 5249 4863 4960 5290 4956 5185 4600 5055 4896 4959 5371 5516 4829 5048 5102 4916 5333 4942 5802 4966 4899 4893 5294 5095 4907 5369 5132 5189 4585 5023 5131 4988 5152 5408 5262 5363 5347 5188 5291 5057 5303 5400 4818 5187 5646 4987 4812 4844 5445 5094 5238 5261 4992 5127 4963 5301 5360 5231 5154 4576 5082 4861 4888 5795 5160 5093 5030 4855 5594 5106 5346 4977 5036 5621 4481 5256 4769 4882 4985 5199 4952 5168 5020 5128 5047 5006 4842 5031 5502
5004 5478 5749 5044 5455 5017 5130 5485 5263 5404 5438 5480 4951 5688 5312 5532 5736 5153 5149 5233 5734 5201 5581 4958 5714 5611 5399 5405 5425 5311 5310 5393 4959 4924 5566 5105 5549 5355 5360 5213 5238 5680 5668 5424 5266 5622 6040 5457 5280 5550 5507 4964 5600 5062 5610 5441 5622 5281 5467 5726 5411 5819 5459 5297 5534 5582 5451 5729 5841 5278 4887 5643 5351 5444 5152 5355 5643 5265 5321 5279 5322 5272 5394 5671 5867 5397 5233 5559 5518 5487 5390 4845 5800 5535 5343 5485 5473 5357 5293 5610 4983 5481 5055 5571 5882 5216 5216 5305 5736 4869 5034 5124 5428 5298 5212 4888 5577 5381 5247 4960 5871 5913 5607 5296 5345 5217 5848 5361 5425 5171 5507 5244 5424 5442 5609 5431 5649 5115 5721 5441 5107 5999 5795 5714 5305 5129 5653 4996 5144 5568 5545 5554 5793 5684 5430 5480 5273 5465 5278 5939 5197 5224 5534 5325 5677 5518 5424 5134 4889 5169 5418 5163 5157 5005 5505 5557 5525 6010 5565 5186 5392 5297 5375 5364 5351 5846 5291 5277 5265 5953 5311 5183 5895 5729 5630 4902 5447 5544 5226 5150 5462 5660 5416 5455 5609 5324 5369 5831 5540 5269 5438 5994 5362 5420 5080 5613 5509 5623 5330 5276 5199 5044 5655 5739 5234 5392 4939 5317 5421 5139 5920 5643 5369 5576 5104 5916 5510 5727 4988 5290 5401 5311 5158 4897 5053 5204 5034 5367 5578 5327 5308 5423 5134 5206 5222 5648
5108 5330 5820 5057 5278 5266 5255 5484 5262 5392 5166 5631 5114 5611 5129 5241 5605 5271 5382 5117 5584 5336 5220 4937 5888 5530 5822 5604 5357 5273 5433 5354 5095 4807 5427 5209 5479 5404 5520 5348 5604 5575 5784 5313 5105 5760 6023 5315 5322 5149 5389 4783 5931 5350 5815 5243 5664 5214 5323 5369 5367 5854 5742 5138 5212 5683 5485 5795 5681 5242 5020 5643 5498 5441 5435 5550 5202 5491 5383 5176 5097 4825 5106 5681 5523 5459 5258 5540 5270 5317 5475 5287 5533 5454 5200 5559 5201 5345 4994 5370 4913 5633 5002 5318 6015 5346 5467 5270 5701 5081 4899 5241 5499 5097 5138 4461 5616 5247 5341 5057 5663 5721 5521 5143 5131 5065 5353 5235 5711 5304 5381 5561 5583 5178 5433 5255 5500 5212 5363 5143 5029 5602 5625 5434 5375 5406 5624 4852 5281 5724 5630 5359 5919 5946 5528 5303 5570 5570 5400 5914 5238 4995 5467 5650 5630 5413 5526 5626 4755 5536 5505 4941 5130 5291 5149 5276 5514 5765 5720 5181 5446 5097 5291 5307 5417 5912 5282 5324 5197 5540 5211 5029 5763 5579 5520 5255 5543 5299 5284 5186 5775 5373 5237 5559 5543 5541 5261 5887 5556 5165 5512 6101 5447 5174 5176 5645 5408 5558 5493 5177 5199 5459 5633 5857 5360 5399 4803 5317 5182 5130 6014 5692 5253 5438 5245 5785 5464 5626 4872 5151 5621 5097 5367 4913 5240 5493 5267 5381 5605 5390 5357 5623 5126 5199 5447 5804
5042 5445 5539 4904 4885 4883 4976 5276 5249 5208 5361 5351 4870 5503 5154 5045 5641 5197 5175 5357 5488 4987 5101 5041 5691 5566 5442 5375 5335 5120 5149 5236 4580 4601 5409 4884 5293 4964 5274 5457 5487 5293 5688 5325 5028 5301 6038 5222 5302 5158 5128 5197 5683 5084 5447 5551 5566 5053 5209 5827 5365 5792 5547 5284 5230 5029 5497 5846 5790 4869 4799 5418 5275 5514 5386 5460 5273 5006 5050 5083 5264 5075 5143 5332 5470 4999 5014 5291 5130 5072 5348 4932 5468 5707 5219 5342 5010 5111 4989 5306 4883 5453 4982 5140 5483 4918 5204 5281 5385 5062 4941 5243 5374 4779 4962 4727 5545 5204 4864 4932 5376 5570 5413 5130 5374 4762 5584 5046 5379 5386 5379 5335 5087 5215 5578 5179 5477 4975 5093 5290 4849 5630 5636 5213 4897 5153 5742 4859 5121 5415 5580 5201 5534 5693 5054 5322 5167 5235 4908 5664 5120 5357 5362 5247 5441 5164 5400 5154 4895 5434 5267 4907 5091 4965 5428 4973 5163 5615 5588 5375 5586 5219 5018 5264 5321 5814 5345 5029 5244 5222 5336 4820 5536 5412 5241 4758 5221 5149 5221 4847 5368 5279 5360 5352 5412 5195 5346 5237 5460 5019 5264 6138 5156 5339 4883 5452 5279 5338 5290 5304 4993 5095 5544 5656 5145 5277 4807 5245 5153 5064 5930 5318 5240 5493 4893 5560 5476 5225 4747 4883 5401 4622 5341 4870 4951 5217 5322 5360 5503 5381 5088 5256 4953 4929 5009 5802
5263 5407 6070 5168 4867 4627 5558 5434 5317 5447 5493 5473 5002 5638 5208 5035 6019 5198 5315 5385 5367 5008 5544 5141 5876 5685 5679 5156 5356 5369 5643 5301 4922 4839 5122 5297 5670 5024 5166 5511 5533 5537 5895 5294 5195 5547 5995 5434 5119 5372 5664 4858 5852 5365 5999 5614 5895 5365 5459 5582 5317 5940 5570 5723 5224 5474 5532 5895 5840 5266 5139 5466 5350 5489 5643 5684 5648 5324 5272 5463 5252 5196 5237 5671 5652 5536 5102 5512 5443 5604 5538 5431 6036 5829 5482 5733 5529 5322 5112 5330 5008 5480 5089 5333 5890 5233 5258 5568 5788 5280 5267 4941 5232 5241 5015 5079 5645 5498 5152 5421 5378 5787 5688 5109 5636 5128 5684 5490 5505 5267 5060 5810 5318 5215 5668 5196 5697 5264 5231 5235 5072 5764 5807 5565 5395 5311 5478 5067 5255 5438 5700 5178 5668 5986 5338 5526 5330 5481 5418 6038 5226 5102 5405 5598 5439 5883 5468 5413 5116 5300 5669 5143 5121 5214 5527 5171 5402 5789 5796 5430 5660 5132 5241 5260 5484 5951 5242 5349 5351 5756 5238 5257 6039 5552 5408 4986 5607 5396 5334 5227 5786 5811 5572 5574 5616 5706 5081 5602 5761 5107 5167 5766 5523 5293 5046 5696 5397 5765 5352 5190 5158 5331 5556 5813 5543 5480 4898 5208 5215 5350 5760 5596 5427 5504 5129 5916 5388 5797 5243 5343 6056 5088 5375 4958 5074 5421 5302 5386 5689 5535 5131 5355 5296 5208 5341 5668
4913 5599 5433 4984 5321 4844 5006 5207 5169 5095 5039 5473 4936 5288 5121 5017 5464 5274 4913 5171 5561 5236 5282 4884 5368 5621 5381 5558 5369 5313 5260 5424 4597 4760 5159 4965 5459 5202 5159 4965 5212 5535 5618 5267 4923 5275 6081 5316 5202 4900 5318 4797 5669 5392 5565 5576 5593 5140 5075 5533 5322 6073 5549 4979 5577 5508 5299 5580 5688 5069 4618 5501 5276 5447 5448 5345 5468 5475 5184 5210 5155 4897 5201 5550 5577 5250 5051 5442 5230 5066 5339 5186 5659 5450 5257 5608 5084 5254 4940 5326 4998 5149 4779 5471 5789 5142 5215 5271 5426 4964 5127 5104 5200 4942 5090 4944 5680 5185 5178 4985 5512 5730 5351 5153 5381 4880 5565 5114 5493 5413 5192 5417 5336 5062 5565 5159 5438 4954 5298 5257 4902 5673 5510 5338 5163 4987 5435 4885 5046 5120 5380 5264 5707 5720 5370 4870 5503 5394 5036 5716 5023 5053 5378 5173 5566 5470 5427 5239 4790 5418 5580 4858 5277 4968 5081 4911 5391 5677 5485 5132 5148 5220 5062 5097 5274 6088 5036 5265 5117 5358 5183 5194 5609 5529 5479 4944 5112 5133 5253 5115 5499 5205 5086 5248 5541 5142 5148 5389 5339 5113 5474 6102 5324 5139 5213 5317 5124 5189 5305 5267 5073 5250 5182 5694 5168 5293 4739 5311 5068 5061 5598 5348 5145 5345 5129 5644 5320 5520 5032 5288 5435 5093 5127 4903 5055 5215 5316 5440 5623 5401 5329 5333 4899 4974 5098 5367
4535 4970 5053 4528 4626 4679 5066 4918 4847 4982 4868 5054 4457 5105 4815 4777 5180 4910 4771 4772 5178 4670 5000 4328 5095 5175 5057 4843 4932 4940 4820 5188 4468 4511 4594 4911 5206 4830 4707 4895 4989 4950 5176 4894 4696 4965 5454 5302 4810 4755 4999 4389 5376 4718 5208 4852 5473 4631 4893 5214 4746 5651 5204 4818 5023 5016 5180 5016 5248 4840 4718 4980 4840 4670 5134 4902 5190 4750 4738 4649 4714 4342 5124 4848 5287 4758 4728 4972 4718 5014 4886 4747 5395 5003 4769 5070 4800 4943 4606 4869 4425 4691 4692 5077 5233 4859 4864 4995 5271 4471 4709 4713 4818 4555 4844 4510 5186 4929 4604 4789 4898 5118 4993 4550 5034 4678 5224 4996 5035 5102 5045 5141 4814 4910 5358 4590 5013 4485 5060 4996 4419 5003 5116 4862 4959 4766 5175 4642 4814 4739 4865 4918 5328 5243 5134 4798 5002 5070 4869 4913 4546 4815 4922 5052 5170 4896 4692 4444 4615 5020 4727 4719 4666 4540 4987 5103 5142 5432 5081 4824 5036 4902 4378 4606 4847 5528 4797 4837 4702 5425 4754 4707 5206 4843 4951 4215 5017 4938 5068 4746 5184 5009 4741 4965 4857 5070 4913 4835 4893 4760 4896 5442 5074 4669 4579 4940 4850 5024 4804 4937 4728 4632 4974 5352 5009 5029 4667 4750 4612 4680 5428 5325 4785 4961 4873 5013 4958 4970 4744 4790 5235 4691 4958 4486 4792 4700 4850 4871 4904 4822 4779 4827 4363 4601 4856 5202
4893 5082 5450 4829 4784 4747 4950 4928 5287 4992 5005 5479 4522 5047 4929 4613 5450 4902 4960 4980 5295 4807 4905 4716 5149 5396 5324 4781 5066 5013 4936 5252 4689 4359 5156 4708 5261 5335 4953 4727 4976 4895 5424 5099 4775 5394 5658 4896 4798 5002 5133 4656 5436 4927 5383 5318 5245 4847 5268 5264 5207 5503 5343 5047 4903 5055 5133 5282 5383 5099 4687 5312 4920 5013 5229 5096 4818 4895 4989 4906 5176 4678 5053 4972 5317 4935 4793 4988 4943 4827 5193 5125 5397 5440 4637 5006 4914 4879 4735 4955 4787 4996 4867 4808 5371 4725 5035 5094 5357 4810 4905 4773 4932 4855 5169 4639 5274 5060 4738 4896 5145 5220 5150 5062 5361 4588 5126 5075 4944 5067 5313 4962 5105 5065 5385 5027 5121 4652 5055 4969 4775 5125 5501 5179 4892 4936 5438 4670 5198 5244 4991 5069 5199 5499 5230 5007 5196 5063 4952 5625 4950 5037 5151 4797 5263 5116 5220 5017 4705 4943 4876 4886 4862 4855 5104 4953 4930 5365 5276 4937 5106 5183 4829 4762 5411 5648 5014 5023 4999 5309 5137 4795 5507 5043 5281 4699 5211 5196 5007 4813 5431 5108 5054 4885 5032 5193 5077 5369 5239 4857 5083 5747 4928 4901 4632 5171 5098 4910 5130 5049 4866 4872 5109 5443 4879 5062 4797 4914 4832 4726 5563 5593 5223 5231 4730 5366 5294 5241 4685 5078 5301 5016 5135 4671 4817 5160 5006 5185 5127 4806 4876 5128 4767 4775 4958 5327
5241 5655 5664 5335 5547 5096 5470 5585 5303 5448 5414 5634 5199 5563 5359 5372 5616 5299 5172 5288 5661 5449 5307 5091 6009 5585 5777 5760 5653 5684 5316 5681 4943 5242 5524 5272 5771 5605 5386 5637 5740 5630 6133 5612 5313 5785 6166 5657 5632 5507 5621 5067 5742 5446 6162 5665 5816 5336 5461 5956 5370 6000 5795 5449 5367 5649 5490 5891 5962 5437 5119 5748 5767 5340 5909 5441 5626 5241 5610 5449 5506 5296 5184 5721 5941 5629 5018 5833 5429 5710 5484 5335 5899 6010 5267 5896 5632 5491 5295 5645 4847 5648 5248 5715 5820 5273 5461 5353 5918 5065 5280 5173 5393 5317 5215 5239 5883 5667 5401 5229 5831 5963 5787 5190 5479 5122 5889 5606 5842 5530 5520 5721 5531 5244 5928 5625 5654 5061 5682 5462 5069 5996 5913 5676 5375 5205 5724 5075 5258 5633 5458 5589 5833 6013 5522 5425 5311 5504 5558 5856 5372 5368 5837 5408 5688 5673 5509 5504 4913 5482 5622 5418 5330 5322 5555 5383 5567 6119 5852 5471 5577 5539 5462 5443 5534 6009 5421 5404 5428 5681 5611 5421 6055 5615 5670 5182 5386 5288 5659 5395 5666 5846 5358 5674 5818 5675 5205 6019 5546 5279 5594 6276 5947 5295 5472 5690 5515 5611 5434 5406 5583 5607 5802 5971 5479 5123 5170 5120 5362 5503 6011 5791 5433 5365 5203 5736 5635 5822 5283 5533 5716 5518 5613 4986 5238 5395 5587 5412 5698 5437 5390 5582 5197 5305 5268 5830
4846 5109 5013 4621 4868 4487 4865 4939 5034 4889 4872 5197 4452 5017 4548 4780 5610 4891 4914 4815 5248 4720 4648 4455 5078 5323 4874 5170 4960 5045 4854 4991 4770 4542 4997 4832 4879 5052 4378 4789 5244 5035 5447 5232 4879 5225 5258 5173 5087 4988 4825 4454 5485 4985 5374 5031 5351 4806 5024 5104 4865 5584 5434 4820 4840 5197 5164 5440 5521 4474 4720 5110 4964 4956 5216 5206 5244 4860 4609 4975 4966 4576 5033 5038 4833 4869 4802 5315 4584 4951 4894 4643 5118 5259 4642 5039 4897 4895 4733 4961 4667 4835 4755 4617 5634 4746 4904 5201 5183 4499 4553 4734 5015 4343 4684 4168 5081 4974 5030 4749 5160 5181 4849 4653 5040 4546 5149 5002 4902 4637 5277 5026 5139 4988 4998 5059 5142 4531 5007 4849 4823 5217 5485 5091 4757 4753 5284 4682 4642 4954 5079 4970 5243 5317 5018 4835 4924 4787 4714 5547 4682 4644 5101 4996 5188 4981 5017 4657 4481 4818 4786 4736 4921 4869 4876 4795 5169 5343 4993 4800 5036 4983 4801 4886 4918 5430 4746 4933 4607 5176 4878 4798 5519 5145 5258 4553 4876 4822 5004 4628 5175 5264 4949 4930 5251 5017 4946 5437 5195 5000 5010 5613 4945 4746 4696 5365 4981 4995 5150 5023 4807 4565 5116 5508 4803 4931 4599 4886 4904 4654 5338 4855 5025 4948 4818 5215 5091 5215 4932 4575 5369 4533 5052 4660 4786 4963 5002 4982 5300 4955 5155 4879 4637 4840 4813 4928
5101 5213 5373 4987 4997 4607 5100 4967 5242 5209 5345 5291 4899 5299 5238 5073 5412 5137 5058 5051 5555 4836 5316 4986 5479 5418 5292 5300 5321 5226 5057 5336 4764 4925 5211 5050 5443 5056 4986 5134 5247 5295 5648 5249 4988 5534 5947 5357 5229 5164 5333 4850 5449 5231 5395 5119 5452 5024 5251 5444 5274 5715 5495 5154 5129 5484 5295 5598 5730 5212 4762 5418 5368 5303 5365 5523 5142 4943 5205 4802 5209 4815 4864 5331 5151 5160 4813 5489 5281 5158 5296 5024 5558 5563 5201 5358 5174 5038 4888 5096 4657 5117 4751 5302 5614 4891 5243 5401 5711 4925 4811 5070 5275 4950 4944 4725 5229 5280 5004 5049 5183 5575 5368 4959 5265 4913 5284 5233 5333 5060 5405 5131 5374 5114 5392 5338 5329 4947 5175 5079 4911 5473 5610 5332 5220 5101 5425 4781 4929 5462 5476 5337 5340 5466 5450 5156 5188 5175 5147 5739 5020 4824 5284 5190 5482 5443 5222 5042 4815 5295 5078 4847 5037 5230 5121 4932 5207 5722 5347 5046 5242 5204 5012 5060 5322 5696 5045 5288 4918 5555 5095 5091 5437 5536 5377 4633 5417 5014 5065 5107 5616 5361 5241 5139 5264 5307 5072 5456 5366 5129 5191 5974 5407 4934 4995 5258 5255 5190 5022 5110 4778 5061 5355 5588 5168 5104 4894 5099 5002 5071 5556 5523 5531 5466 4924 5462 5576 5528 4828 5164 5703 4951 5324 4889 4957 5293 5051 5288 5433 5252 5043 5319 4922 4972 4975 5571
5404 5529 5705 5294 5106 5027 5403 5486 5318 5504 5635 5572 5095 5913 5285 5270 5855 5299 5304 5385 5729 5200 5334 5270 5786 5536 5652 5488 5656 5589 5518 5495 5027 5146 5385 5365 5584 5579 5308 5260 5469 5296 5924 5409 4942 5715 6101 5327 5220 5520 5519 5234 5581 5227 5914 5804 5686 5310 5355 5766 5528 5941 5474 5113 5488 5452 5587 5838 5696 5267 5041 5669 5579 5595 5565 5740 5585 5141 5235 5114 5209 5126 5449 5634 5730 5512 5361 6029 5455 5155 5576 5399 5740 5809 5512 5545 5427 5334 5103 5479 4904 5536 5096 5512 6037 5100 5537 5381 5594 5212 5118 5476 5446 5238 5181 4989 5772 5715 5048 5315 5596 5648 5610 5140 5523 5205 5657 5391 5709 5553 5587 5419 5542 5461 5463 5352 5725 5034 5638 5350 5206 5843 5974 5579 5267 5260 5834 5042 5429 5552 5429 5096 5714 5878 5606 5280 5403 5512 5431 5997 5315 5149 5778 5592 5489 5803 5429 5417 5375 5646 5476 5354 5156 5183 5405 5222 5479 6005 5822 5396 5543 5373 5208 5309 5383 5855 5366 5601 5131 5772 5404 5261 5871 5582 5607 5202 5422 5723 5259 5240 5915 5584 5437 5276 5401 5483 5232 5472 5709 5210 5567 6222 5536 5155 5314 5471 5556 5557 5200 5496 5467 5295 5527 5817 5697 5595 5169 5310 5229 5410 5933 5717 5390 5719 5161 5876 5627 5573 4993 5426 5811 5253 5383 4928 5170 5476 5328 5722 5484 5284 5211 5458 5203 5146 5139 6083
4752 4697 4977 4366 4488 4122 4597 4622 4748 4479 4687 4738 4220 4658 4517 4399 4982 4628 4512 4537 4845 4533 4579 4327 4836 4572 4772 4596 4767 4537 4905 4787 4217 4181 4618 4467 4823 4493 4538 4283 4668 4677 4912 4791 4190 4708 5328 4637 4418 4499 4740 4232 5037 4458 5083 4712 4399 4567 4688 4689 4444 4993 4783 4608 4559 4584 4439 5112 5072 4185 4135 4865 4768 4690 4798 4644 4756 4686 4525 4328 4478 4226 4620 4811 4757 4597 4446 4822 4591 4647 4853 4395 4758 5067 4704 4822 4544 4581 4522 4591 4228 4662 4634 4685 4714 4337 4887 4829 4968 4241 4535 4460 4622 4404 4394 4309 4693 4396 4274 4473 4735 4899 4856 4671 4653 4272 4787 4459 4739 4785 4695 4674 4718 4459 4811 4644 4771 4263 4713 4558 4164 4778 5116 4700 4607 4514 4654 4032 4690 4765 4915 4737 4733 4943 4774 4464 4522 4631 4472 4936 4499 4699 4747 4766 4734 4757 4867 4274 4456 4305 4336 4354 4462 4443 4787 4537 4541 4769 5038 4523 4692 4680 4453 4422 4638 5130 4682 4503 4315 4884 4720 4451 5028 5023 4847 4363 4829 4560 4559 4620 4876 4665 4687 4511 4705 4672 4625 5049 4724 4461 4494 5028 4653 4467 4485 4636 4780 4981 4420 4464 4478 4530 4783 4835 4904 4783 4309 4394 4565 4567 4984 4868 4428 4888 4555 5005 4756 4819 4201 4596 5200 4420 4402 4420 4435 4643 4633 4520 4673 4547 4446 4558 4274 4211 4559 5049
5165 5250 5311 5176 4940 4716 5218 5068 5156 5243 4927 5248 4711 5456 4965 5067 5540 5038 5271 4907 5176 4986 5142 5099 5520 5261 5330 5576 5008 5336 5138 5478 4998 4726 5297 4894 5264 5094 4968 4988 5339 5547 5461 5266 4765 5351 5752 5238 5104 5081 5468 4860 5590 5312 5453 5290 5498 5074 5330 5199 5390 5732 5473 5040 5252 5221 5161 5818 5593 5164 4829 5327 5285 5192 5524 5410 5437 5067 5080 4932 5122 4686 5126 5339 5516 5162 4935 5656 5242 5092 5083 5154 5518 5380 5160 5380 5343 5229 4958 5233 4502 5016 4987 5331 5420 4963 5068 5110 5153 4754 4976 5067 4853 4581 4950 4828 5542 5186 4998 4978 5356 5537 5442 5111 5324 4771 5419 5290 5501 5196 5363 4952 5199 5312 5487 5088 5192 4848 5286 5057 5050 5568 5396 5309 5241 5014 5485 4772 4943 4901 5121 5257 5429 5588 5300 5198 5097 5296 5239 5673 5075 4856 5038 5025 5314 5530 5088 5119 4798 5121 5083 5006 4874 5064 5293 5241 5392 5717 5339 5047 5345 5249 4853 5067 5062 5612 5096 5151 5225 5215 5296 5038 5536 5183 5307 4792 5451 5094 5151 5102 5418 5294 5100 5301 5232 5137 5263 5291 5328 5122 5237 5854 4960 5045 4841 5443 5253 5219 5065 5026 5097 5018 5447 5641 5357 5193 4832 5157 4914 5075 5343 5495 5012 5051 5016 5457 5559 5165 5368 5086 5894 5001 5328 4636 5058 5206 5499 5411 5470 5063 5054 5262 5100 5028 5074 5341
5205 5497 5598 5036 4894 4668 4981 5135 5108 5192 5178 5211 4975 5222 5104 4900 5668 4943 4783 5169 5437 5209 5002 4765 5616 5391 5320 5064 5200 5057 5176 5481 4899 4613 5181 5146 5376 5343 4911 5302 5218 5477 5634 5107 4953 5678 5735 5325 5192 5189 5066 4771 5402 5189 5605 5560 5462 5146 5274 5477 5334 5887 5269 5287 4974 5172 5402 5712 5619 5257 4655 5405 5130 5213 5512 5311 5270 5086 5235 4975 4959 4782 5115 5137 5360 5417 5098 5491 5435 4998 5284 4992 5549 5587 4973 5407 5155 4923 4913 5101 4659 5162 4720 5222 5676 5035 5144 5083 5558 4893 4869 4791 5280 4983 4744 4294 5343 5237 4888 5198 5124 5334 5269 5028 5220 4757 5541 5128 5381 4959 5114 5322 5315 4885 5375 4983 5600 4911 5353 5210 5008 5519 5666 5464 5299 5176 5430 4793 5087 5252 5278 5242 5516 5469 5091 5127 5391 5171 5438 5455 4905 4892 5197 5503 5503 5253 5285 4854 4999 5114 5031 4914 5089 5105 5395 5296 5477 5420 5421 5019 5325 5157 5092 4952 5297 5548 5147 5207 5252 5724 5018 4894 5628 5219 5605 4962 5411 5297 5185 4932 5311 5416 5237 5029 5341 5412 5362 5502 5307 5272 5304 5659 5211 5250 4914 5321 5251 5319 5102 5105 5216 4964 5299 5735 5224 5266 4804 5297 4984 5078 5565 5402 5089 5481 5079 5405 5197 5531 5163 5336 5669 4854 5096 4727 4859 5145 4917 5204 5409 5241 5124 5006 4987 5061 5042 5744
4919 5247 5550 5268 4911 4696 5011 5180 5306 5141 4928 5176 4886 5533 5403 5337 5571 4921 4868 5180 5444 5117 5312 4830 5774 5571 5394 5312 5236 5359 5383 5044 4772 4575 5249 4971 5343 4976 5133 4979 5256 5491 5768 5224 5064 5510 5673 5268 5393 5120 5185 4828 5564 5292 5467 5443 5335 5205 5334 5505 5216 5596 5441 5210 5265 5751 5210 5284 5526 5153 4878 5374 5334 5286 5670 5434 5297 5467 5158 5162 5277 4764 4802 5378 5607 5281 4912 5444 5123 5200 5279 4964 5596 5428 5109 5384 4950 5359 4835 5345 4875 5201 4778 5244 5539 5153 4961 5027 5348 4794 4921 5076 5218 5231 4841 4513 5727 4994 4941 4989 5231 5378 5162 5017 5215 5109 5268 5259 5194 5365 5167 5045 5081 5012 5176 5086 5396 5104 5352 5137 5032 5710 5434 5371 5450 5037 5550 4883 5003 5236 5285 5134 5621 5471 5251 4995 5143 5119 5079 5544 5071 4958 5339 5043 5217 5331 5111 5209 4835 5277 5278 4813 5010 4914 5147 5109 5110 5843 5539 5103 5052 5070 5063 5102 5316 5648 5127 5400 5206 5456 5129 4970 5733 5473 5346 5196 5283 5305 5219 5265 5425 5432 5252 5506 5325 5319 5089 5343 5416 5071 5378 5621 5236 5165 5012 5556 5230 5508 4856 5173 5079 5276 5180 5602 5187 5070 4791 5085 5156 4825 5639 5386 4854 5255 5166 5382 5417 5679 5159 5209 5510 5224 5228 5024 5118 5177 5013 5412 5498 4888 5259 5521 4922 4825 5001 5501
4873 5229 5612 4912 4862 4632 5195 5023 4889 5069 4899 5299 4491 5225 4877 5131 5235 4883 4880 4576 5465 4863 4957 5106 5440 5290 5258 5398 5125 5193 5270 5079 4754 4489 5325 4953 5387 4902 5142 4890 5109 5269 5386 5171 4704 5337 5529 5264 4925 5001 5136 4609 5349 5165 5642 5107 5038 5003 4897 5224 5171 5707 5465 4923 5166 4872 5068 5296 5392 5153 4703 5106 5194 5119 5174 5276 5201 4993 5153 4920 4800 4612 5052 5229 5630 5090 4766 5368 5016 5021 5167 4779 5486 5425 4950 5372 5049 5106 4723 5276 4633 5414 4709 4982 5712 4972 5038 5104 5184 4764 5028 4857 5181 4943 4855 4779 5373 5175 4887 4727 4995 5461 5303 4972 5036 4689 5343 5325 5358 5233 4892 5128 5238 5105 5252 5056 5171 4764 5067 5013 4548 5435 5398 5164 5095 5053 5257 4632 4836 5248 5112 5008 5226 5444 5082 5044 5191 5159 5039 5320 5003 4736 5307 5150 5172 5302 4929 5082 4798 5227 5361 4720 4931 4941 5127 4899 4959 5520 5538 4986 5272 4902 4759 4942 5118 5708 5068 5042 4924 5242 5032 4809 5472 5282 5058 4857 5077 4962 5176 5101 5154 5147 5055 5132 5242 5341 4698 5158 5099 4973 4772 5676 5113 4902 4797 5120 5235 5230 5056 4876 4874 4866 5362 5644 5235 5103 4753 5039 4967 4983 5376 5161 4752 4996 4796 5476 5184 5144 4602 4966 5702 4770 5030 4523 4788 5007 5251 5183 5085 5133 4980 5205 4975 4728 5018 5244
4902 4979 5130 4924 4610 4540 4855 4869 5406 4955 5105 5280 4670 5066 4998 4872 5563 4864 4774 4893 5044 4915 4913 4720 5185 5265 5346 4818 4829 4764 5026 5176 4750 4434 5058 4768 5189 5055 4919 4890 4961 4940 5349 4834 4843 5016 5525 4934 4956 5332 5226 4548 5419 5022 5022 5249 5161 4998 5122 5390 5007 5478 4908 4904 4871 5290 4950 5298 5250 4967 4712 5107 4968 5031 5266 5074 4915 5081 4784 4884 4940 4614 4970 5017 5307 5119 4806 5363 4886 4884 4916 4853 5164 5464 4669 4983 4756 4937 4631 5014 4585 5090 4759 4730 5304 4638 4831 5085 5462 4350 4650 4521 4996 4675 4900 4513 5433 5147 4857 4784 5189 5302 5267 4896 5081 4558 5051 4942 5021 4918 4991 4914 5048 4671 5219 4920 5273 4479 5053 5099 4780 5141 5377 5108 4883 5022 5174 4521 4663 5142 4966 4929 5286 5006 5321 4870 4994 4812 5126 5248 4769 4627 5124 4987 5175 4956 5213 5074 4557 4673 5115 4812 4802 4646 5046 4980 4892 5160 5231 4867 5139 4958 4634 4855 4993 5429 4805 5167 4821 5390 4747 4736 5522 5160 5288 4610 5041 5055 4799 4881 5282 5331 5035 4900 5259 4951 4941 5105 5036 4915 4949 5464 4807 5087 4822 5234 5154 4828 4915 4724 4547 4861 5366 5150 4752 5103 4374 5104 4835 4803 5632 5055 4908 5303 4655 5497 5046 5293 4630 5072 5444 4620 4906 4648 4520 4852 4874 5176 5385 4901 4976 4972 4623 4556 5053 5294
4848 4999 5269 4768 4816 4506 5011 5060 4846 4982 5000 4903 4571 5199 4843 5212 5478 4846 5032 4932 5527 4783 5068 4564 5401 5213 5080 4970 5400 4948 5031 5106 4739 4589 5004 4957 5181 5092 5009 4870 5192 5232 5388 5107 4843 5197 5574 5196 4809 5022 5084 4714 5471 4878 5425 5185 5036 4823 4886 5201 4919 5762 5144 4962 4982 5448 4991 5217 5257 4848 4601 5119 5258 4840 5155 5139 4991 5102 5038 4745 5194 4897 4810 4906 5534 5011 4949 5149 4977 5056 4977 4540 5302 5060 4875 5118 4855 4908 4741 5244 4770 5094 4500 5175 5482 4866 5137 5186 5465 4800 4815 4768 5016 4747 4847 4547 5404 4856 4733 4744 5156 5437 5222 4774 4871 4665 5462 5110 4975 5078 4853 5073 5107 4699 5144 4753 5163 4796 5188 4944 4757 5241 5125 4972 4918 4645 5342 4607 4563 5103 5233 4968 5548 5088 5073 4863 5151 4844 5003 5369 4872 4789 4993 4995 5036 5002 4904 4989 4414 4862 4938 4690 4832 4643 4935 5018 5133 5276 5261 4846 5075 5166 4694 4868 5129 5452 4887 5052 4752 5310 5093 4795 5575 5413 5268 4815 5100 5295 5076 4983 5136 5052 4905 5153 5095 5282 4850 5320 5110 4839 4918 5668 5102 4923 4821 5195 5067 5195 4904 4973 4828 4885 5095 5196 5090 5140 4668 4870 4899 5044 5633 4995 4992 5242 4897 5130 5093 5451 4779 4840 5353 4942 4777 4784 4895 4802 4805 5064 5120 4991 5053 4855 4804 4690 4990 5296
5162 5153 5569 4943 4978 4663 5064 5198 5166 5104 5131 5335 4624 5278 4827 5200 5431 4774 4934 5057 5567 4894 5270 4974 5703 5336 5496 5195 5187 5237 5245 5287 5187 4645 5389 5026 5404 4894 5040 4840 5216 5217 5713 5223 4921 5269 5582 5190 5372 5114 5130 4582 5472 5119 5316 5113 5132 5130 5140 5374 5173 5729 5371 4992 5296 5443 5383 5481 5752 5035 4841 5219 5187 5125 5271 5182 5370 5071 5047 4587 5008 4528 5107 4966 5311 5125 4925 5343 5062 5147 4976 4794 5470 5375 5068 5007 5063 5067 4838 5351 4675 5058 4783 5283 5535 5046 4824 4934 5681 4927 4819 5051 5213 4863 4859 4520 5465 5154 5061 5056 5424 5514 5238 4934 4847 4850 5420 5265 5478 5258 5160 5284 5372 5014 5370 4929 5207 5076 5086 5225 4949 5603 5523 5105 5147 4979 5381 4712 4878 5241 4953 5139 5344 5516 5192 4965 5258 4962 5050 5615 4826 4753 5243 5229 5123 5092 4926 4880 4908 4892 5040 4940 4830 5037 5172 5228 5143 5547 5364 5076 5123 4865 5123 4983 5225 5839 5250 5076 5034 5459 5218 4682 5400 5050 5096 5130 5015 5014 5109 5083 5233 5055 5095 5069 5359 5281 4862 5569 5085 4946 5367 5489 5369 4997 5060 5315 5244 5470 5316 5120 4915 4831 5121 5460 5224 5351 4863 4831 5042 4997 5421 5493 4976 5054 5078 5206 5331 5558 4713 5228 5787 4927 5124 4711 4866 5246 5069 5063 5105 4975 5067 5208 4832 4960 5049 5438
4874 4997 5113 4890 4717 4294 4719 4801 4760 4884 4785 5050 4657 5050 4769 4956 5286 5038 4832 5088 5096 4960 4923 4591 5415 4912 5192 4821 5024 5043 4803 4962 4394 4532 4794 4522 5200 4834 4774 4877 4615 4970 5343 4993 4491 4949 5551 4872 4712 5031 5169 4435 5235 4968 5260 5177 5105 4815 4823 5180 4824 5438 4966 5143 4797 5283 5028 5349 5240 4744 4651 5111 5018 5309 5057 5220 4792 4802 4960 4646 4849 4567 4816 5069 5216 4833 4726 5162 5110 4835 5042 4756 5206 5109 4871 5185 4657 4725 4743 5065 4542 5176 4612 4881 5398 4916 4953 4882 5176 4932 4650 4761 4929 4636 4810 4561 5254 4767 4433 4747 5044 5074 5170 4784 4965 4482 5312 4764 4932 4951 4843 5304 4876 4791 5199 5051 4955 4861 5035 4925 4723 5467 5345 5197 4788 5023 5154 4445 4645 5111 5112 4910 5118 5047 4835 4910 4938 4990 4708 5259 4729 4814 5092 4817 5051 5063 4926 4624 4530 4866 5065 4608 4905 4898 4971 4984 4779 5226 5147 5016 5211 4941 4576 4688 4765 5464 5011 4778 4770 5240 5107 4846 5290 5164 5179 4585 5068 4853 4629 4720 5235 5067 5023 5081 5052 4935 5009 4948 5257 4975 4954 5578 4823 5083 4668 4897 4923 5356 4865 4986 4736 4899 5041 5177 5068 4991 4371 4832 4577 4722 5543 4999 5048 5121 4807 5343 4917 5234 4649 4822 5253 4772 4957 4621 4420 4938 4729 5093 5024 5282 4846 4921 4743 4634 4766 5376
5055 5361 5490 5114 5108 4925 5366 5309 5300 5331 5118 5518 4858 5473 5237 5298 5718 5086 5118 4980 5701 5207 5035 5050 5708 5822 5635 5460 5265 5237 5066 5598 4960 4922 5419 5325 5518 5180 5493 5214 5214 5516 5672 5306 5007 5494 5804 5481 5466 5235 5327 4825 5718 5241 5681 5321 5818 5264 5285 5621 5417 5924 5864 5168 5472 5473 5593 5582 5782 5261 5017 5288 5189 5227 5789 5637 5334 5091 5113 5255 5232 5104 5087 5498 5577 5387 4868 5547 5131 5228 5311 5066 5467 5784 5124 5128 5159 5418 4944 5446 5015 5369 5068 5517 5785 5026 5339 5314 5586 4993 4858 5181 5415 5099 5216 4788 5728 5524 5116 5328 5539 5857 5370 5327 5190 5068 5491 5365 5666 5457 5560 5347 5496 5352 5445 5095 5405 5196 5499 5380 4864 5618 5597 5320 5432 5361 5655 4953 5104 5491 5346 5438 5639 5627 5684 5361 5466 5510 5490 5563 5134 5192 5605 5416 5544 5670 5230 5302 4967 5145 5267 5062 5037 5258 5232 5098 5210 5772 5836 5229 5447 5398 5116 5392 5386 5863 5145 5274 5174 5468 5448 5065 5714 5620 5544 4902 5424 5129 5227 5376 5551 5361 5410 5486 5398 5644 5209 5536 5495 5219 5489 5860 5386 5217 5137 5148 5388 5594 5089 5223 5145 5346 5796 5894 5546 5415 4936 5275 5211 5092 5833 5839 5192 5590 4943 5578 5418 5700 5021 5381 5690 5210 5450 5252 5061 5103 5358 5367 5516 5190 5406 5291 5075 4944 5265 5634
4597 4892 5072 4615 4696 4424 4889 5128 4892 4874 4666 4983 4728 4955 4805 4867 5320 4877 4743 4996 5265 4960 4858 4679 5159 5194 5338 5203 5287 4834 5115 4861 4714 4581 4977 4805 5343 4766 4845 4915 4882 5038 5213 4877 4795 5164 5502 5188 5011 5072 4982 4624 5367 4952 5041 4906 5196 4867 4817 5299 4897 5545 5551 4972 5285 5155 5228 5268 5284 4997 4722 5213 5103 4901 5022 5073 5068 5061 5029 5021 5069 4799 4986 4981 5340 4947 4531 4997 4792 4890 5106 4807 5273 5401 4756 5031 4935 5057 4699 5195 4486 5204 4542 4865 5372 4944 5038 4999 5276 4626 4655 4577 4868 4735 5032 4310 5245 4914 4652 4772 5313 5336 5149 4779 4899 4739 5277 5078 5129 5192 5123 4999 4996 4942 5109 4629 5045 4852 4791 4862 4545 5315 5347 5308 5183 4938 5068 4501 4890 5149 5144 5096 5389 5435 5161 5144 4991 5203 4887 5411 4769 4754 5042 5120 4923 5093 4899 4947 4558 4882 5170 4581 5038 4756 4960 4737 5265 5500 5314 4986 4947 4946 4844 5107 5134 5713 5134 4977 4766 5248 5294 4706 5324 5244 5281 4740 5024 4999 5030 4849 4914 5106 5199 5402 4939 5204 4994 4935 5081 5001 5148 5523 4928 4962 4670 5118 4997 4950 5000 4967 4771 4592 5171 5173 5009 5153 4503 4911 4825 4571 5551 5116 4869 5385 4782 5254 4898 5267 4937 5108 5634 4849 5115 4660 4735 4878 4840 5106 5011 5030 4822 4844 4736 4542 5070 5193
4961 5082 5567 4799 5044 4824 5144 5135 4934 5203 5127 5166 4725 5381 4987 4904 5419 4992 4757 4863 5371 4926 5010 4736 5634 5370 5227 5168 5408 5262 5116 5105 4620 4713 5300 4955 5313 5153 5124 4932 5439 5257 5389 5263 4916 5408 5963 5039 5132 5450 5195 4889 5443 5294 5565 5068 5295 5166 4995 5308 5317 5828 5254 4974 5189 5266 5304 5630 5632 4779 4597 5429 5157 5213 5442 5313 5324 5116 5219 4731 4957 4959 5120 5162 5360 5087 4948 5374 4776 5161 5220 4920 5445 5324 5079 5538 5109 5121 4782 5500 4875 5182 4916 5106 5565 4986 5198 5007 5400 4893 5030 5024 5310 4957 5142 4533 5505 5370 5078 4876 5405 5724 4996 5161 5318 4933 5257 5053 5355 5054 5229 5206 5334 5186 5449 5083 5157 4930 5250 5232 4844 5521 5250 5219 5191 4833 5312 4705 5006 5174 5432 5235 5432 5572 5149 5105 5217 4851 4885 5492 5043 4945 5208 5424 5210 5469 5431 5164 4781 5151 5013 5035 5136 4920 5150 4998 5091 5585 5192 5002 5360 5205 5085 4999 5113 5691 4943 4851 5024 5688 5145 4745 5509 5098 5516 4888 5223 5127 4984 5059 5230 5136 5196 5306 5058 5365 5193 5607 5440 4944 5272 5919 5233 4570 4861 5343 5237 5216 5353 5210 5077 5047 5209 5900 5300 5285 4941 5144 4815 4961 5721 5489 5101 5013 5024 5320 5417 5534 4804 5137 5487 4956 5113 4705 5176 5129 5197 5225 5423 5287 5059 5294 4812 5066 4853 5592
4903 5061 5247 4547 4756 4468 4949 5028 5013 4975 5084 5403 4805 5024 4955 4912 5404 4709 4893 4831 5248 4687 4807 4797 5452 5329 5249 5030 5096 4889 4855 4919 4594 4583 4847 4832 5174 4995 4871 4905 5041 5139 5449 5071 4799 5009 5556 5179 4991 5078 4903 4569 5183 4880 5432 5118 5288 4858 4774 5175 5125 5540 5405 5162 5116 5075 5083 5465 5201 4832 4576 4864 5154 4894 5240 4778 4988 4887 5045 4854 4992 4900 4896 5123 5004 4915 4667 5279 5082 4992 5243 4771 5280 5208 4891 5090 4671 5060 4640 5166 4500 5153 4432 5120 5441 4692 4924 4784 5499 4748 4593 4877 5077 4809 4736 4499 5414 5011 4601 5000 5304 5370 5463 4969 4969 4678 5309 4891 5186 4907 4886 5027 4855 4757 5111 4985 5197 4689 5271 5063 4790 5345 5167 4998 4770 4708 5287 4586 5039 5164 5066 5053 5071 5355 5245 4975 4755 5009 5032 5526 4842 4777 5165 5027 4978 4944 4997 5082 4549 4827 5007 4906 4790 4836 4839 5006 4886 5285 5326 4849 5175 4967 4849 5071 5122 5420 4981 5091 4862 5128 4950 4829 5379 5119 5248 4612 5138 4954 4961 4839 5315 5013 4937 4978 5159 4854 5163 5293 5201 4876 4971 5467 5030 5007 4807 5388 4917 5184 4948 4877 5086 4937 5018 5404 5293 5066 4599 4685 5040 4908 5334 5203 4955 5221 4800 5310 5066 5310 4669 4856 5224 4418 5064 4547 4645 4723 5187 4944 5174 5017 4801 4909 4911 4599 4924 5407
4888 4900 5305 4917 4829 4517 5163 4861 4848 4780 4825 5138 4542 5107 4754 4719 5245 4693 4697 4791 5327 4661 4889 4805 5388 5016 4875 4860 5086 5061 5090 4862 4536 4548 4958 4771 5109 4865 4914 4810 5159 5245 5542 5029 4753 5205 5143 5186 4932 5108 5143 4528 5255 4794 5444 5034 5310 4816 4994 5094 5086 5376 5278 4967 4858 5055 5525 5527 5260 4782 4726 5171 5002 4987 5204 5042 5111 5006 4868 4535 5074 4880 5074 4825 5153 5060 4698 5185 4779 4994 4948 4745 5117 5307 4743 4981 4630 4783 4734 5043 4453 4983 4813 4890 5358 4816 4772 5028 5175 4593 4464 4758 4863 4720 4941 4399 4999 4857 4681 5051 5369 5238 5127 5001 5138 4771 5482 5040 5024 4924 5115 5037 5384 4954 5143 4977 5014 4834 4908 4847 4520 5300 5240 4999 5091 4750 5048 4491 4661 5104 5004 4875 5429 5290 4941 5040 4860 4702 4727 5370 4838 4706 5067 5056 4949 5172 4870 4898 4465 4769 4953 4700 4883 4755 5067 4937 5096 5530 5246 5132 5201 4911 4728 5125 5087 5599 4897 4825 4723 5295 4895 4790 5547 5157 5051 4531 4936 5036 4972 4961 5483 4991 5141 4968 5206 5185 4945 5422 5124 4898 4984 5584 4885 4760 4713 5157 5115 5258 5202 5057 4737 4744 5013 5334 4931 5111 4433 4896 4685 4787 5442 5155 4835 5011 4820 5370 4950 5245 4757 5307 5515 4702 4962 4393 4711 4625 4845 5096 5155 5101 4794 4798 5036 4532 5007 5427
4669 5095 5125 4341 4615 4269 4741 4818 4882 4903 4823 4850 4415 5233 4837 4475 5286 4753 4664 4604 5041 4608 4776 4630 4904 4834 5041 4763 4772 5161 4682 4750 4393 4495 4763 4584 4925 4641 4894 4819 4638 4862 5018 4772 4905 4837 5278 4685 4874 4786 4825 4322 5165 4572 5029 4869 5037 4595 4692 5087 4784 5195 5092 4811 4806 5094 4732 4928 5004 4702 4537 4774 4874 4944 4750 4712 4878 4599 4830 4711 4767 4523 4799 4952 5240 4586 4428 4680 4757 5039 4805 4563 4907 5375 4735 5149 4667 4653 4617 4750 4316 4787 4521 4917 5078 4532 4555 4763 5086 4605 4537 4508 4682 4789 4463 4217 4963 4752 4574 4696 5013 5089 5098 4601 4839 4638 4868 5138 4778 4592 4785 4706 4759 4626 4921 4438 5047 4510 4952 4768 4481 5174 5043 5110 4585 4631 5106 4474 4476 4976 4854 4723 5005 5149 4845 4690 4503 4898 4781 5304 4464 4622 4751 4940 4807 4839 4435 4546 4504 4673 4988 4639 4766 4495 4550 4573 4718 5295 4862 4522 4690 4693 4747 4707 4855 5402 4791 4658 4685 5237 4707 4658 5181 4992 5106 4470 4795 4588 4781 4509 5088 5101 4732 4959 5016 4817 4830 4991 4989 4883 4860 5209 4810 4700 4510 5059 4609 4964 4609 4722 4831 4672 4767 5040 4561 4626 4575 4548 4619 4780 5239 4874 4579 4924 4473 4956 4879 5299 4524 4662 4804 4573 4863 4172 4373 4744 4359 4939 4973 4733 4701 4947 4569 4398 4498 4859
5177 5263 5496 4914 5028 4718 4964 5166 4885 5233 4763 5363 4893 5107 5093 5086 5485 5137 5106 5105 5555 4903 5139 4718 5463 5243 5338 5113 5222 5071 4908 5360 5064 4591 5066 5016 5422 4935 4772 5197 4989 4946 5726 5176 4901 5353 5641 5521 4916 5025 4929 4937 5299 5129 5556 5230 5701 5055 5022 5257 4900 5736 5492 5073 4999 5359 5281 5538 5418 5220 4717 5139 5188 5219 5309 5233 4982 4940 5120 4933 4798 4730 5197 5086 5422 5227 4982 5318 5277 5327 5229 5107 5427 5249 4968 5285 4923 4866 4999 5056 4377 5293 4888 5068 5725 5207 4899 5213 5466 4814 4824 5047 5113 5057 5036 4473 5480 5109 4989 5152 5233 5358 5693 5087 5318 4863 5503 5178 5392 5055 5202 5245 5204 5093 5129 5295 5078 4938 5287 5095 4817 5554 5780 5537 5153 5011 5200 4634 5069 5360 5182 5171 5181 5448 5299 5258 5076 5378 5016 5617 4782 4885 5337 5264 5304 5216 5021 4906 4659 5273 5322 4956 5064 5047 5184 4869 5320 5771 5523 5073 5107 5185 5015 5100 5165 5471 5080 4971 5034 5314 5320 5046 5380 5286 5389 4561 5280 5153 5144 4780 5477 5291 5243 5341 4982 5288 5205 5227 5376 5139 5247 5838 5151 4860 4766 5279 5105 5361 5257 5159 5105 4931 5299 5579 5037 5113 4809 4997 5073 4849 5625 5344 5432 5472 5046 5560 5243 5509 4867 5174 5262 4882 5329 4852 5004 4915 5060 5465 5029 5037 4961 5032 4953 4799 5195 5450
4619 5073 5471 4847 4945 4636 4738 5091 4810 4781 5008 5194 4576 4973 4792 4878 5402 4788 4879 4775 5232 4903 5158 4418 5318 5266 5071 5043 5100 5141 4899 5137 4773 4411 5107 4880 5044 5022 4737 4770 5155 5170 5366 5150 4736 5076 5534 5102 4894 4933 4866 4610 5215 4957 5308 4948 5290 5011 5038 4938 4943 5761 5133 4837 5255 5239 4770 5303 5401 4923 4392 5166 5209 4991 5330 5099 4791 4700 4988 4753 4854 4727 4900 5122 4994 5028 5151 5124 5035 4776 5070 4651 5316 4991 5191 5323 4778 5012 4894 5009 4640 5104 4862 4990 5373 4912 4981 5127 5446 4664 4729 4869 5080 4755 4929 4597 5109 4988 4919 4813 5410 5316 4972 5210 4940 4569 5361 4853 5001 5160 4900 5172 5282 5105 5085 4996 5268 4688 5000 5096 4944 5437 5530 5161 5001 4896 5235 4352 4998 5056 4945 5155 5081 5287 5155 5120 5006 5024 5060 5570 4932 5010 5014 4984 5323 5271 5025 4885 4472 5051 4972 4625 4893 4556 4849 4938 5243 5411 5056 4786 5089 4884 5018 4900 4886 5488 4844 5073 4893 5232 5287 4672 5210 4899 5256 4760 5034 5289 4879 4927 5004 5079 5238 5088 5201 5037 4958 5334 5111 4780 5043 5773 4968 4801 4666 5550 4871 5177 5201 4900 4751 4916 5104 5296 5116 5153 4545 4967 5009 4923 5425 5135 5136 5068 4896 5428 5172 5348 4710 5160 5243 4773 4987 4710 4924 4950 5045 5168 5177 5111 5015 5108 4730 4799 5013 5325
5034 5244 5462 4827 4996 4820 4941 4928 5225 4834 4779 5265 4741 5215 4926 4865 5455 4925 5091 4839 5237 5021 5138 4857 5620 5115 5318 5025 5145 5232 5145 5133 4967 4615 4983 4785 5187 5011 5122 4994 5140 5040 5445 5216 4932 5216 5777 5087 4923 5360 5223 4963 5733 5197 5425 5366 5576 5056 5308 5498 5416 5695 5410 5363 5116 5195 5304 5711 5630 5072 4512 5377 5094 5056 5252 5267 5128 5138 5002 4986 5274 4840 5086 5216 5452 5067 4811 5350 5133 5356 5246 5032 5525 5348 5148 5194 4972 5109 4873 5162 4779 5092 4881 4904 5641 5169 4821 5045 5358 4933 4953 4917 4853 4922 4978 4766 5476 5301 4761 4877 5497 5742 5393 5466 5240 4511 5604 4998 5337 5128 5338 5529 5339 5155 5104 5023 5266 4929 5044 5073 4978 5448 5598 5286 4954 4973 5444 4871 4879 5136 5289 5302 5588 5525 5252 5252 5321 5210 5120 5613 4893 4809 5171 5049 5378 5454 5323 4961 4683 5251 5103 4742 4918 4875 5162 5327 5258 5619 5354 5195 5286 5014 4986 5098 5385 5517 5157 5024 4829 5425 5468 4653 5751 5281 5362 4640 5317 5268 5028 4925 5383 5419 5432 5218 5297 5162 5138 5299 5207 5179 5305 5981 5014 5208 4883 5623 5139 5251 5285 5216 5073 4839 5305 5394 5238 5357 4939 5064 4922 5107 5924 5454 5028 5253 5203 5455 5323 5731 4996 4998 5455 4904 5238 4553 4881 5188 4835 5212 5385 5145 5207 5257 4960 4918 5249 5371
4923 5110 5377 4885 4732 4422 5009 4781 5123 5106 5082 5103 4486 5350 4840 5189 5486 5191 4985 4707 5505 4851 4960 4947 5395 5524 5410 5171 5148 5035 5020 5172 4802 4565 5176 4988 5166 4959 4981 4744 5141 5154 5379 5259 4743 5233 5630 5121 4951 4961 5066 4451 5426 4947 5137 5006 5196 4855 5190 5352 4978 5762 5387 4737 5050 5395 5039 5305 5461 4915 4554 5276 5147 4970 5478 5114 5080 4993 4817 4706 5023 4821 5020 5061 5222 5171 4838 5415 4924 4877 4944 4955 5137 5371 4872 5062 5064 4922 4794 5041 4537 4981 4809 5148 5438 4935 5102 5043 5259 4628 4817 4971 5093 4652 5107 4407 5556 5001 4835 4703 5254 5499 5313 5056 4877 4626 5053 5053 5296 5023 5227 5367 5136 5054 5073 4908 5250 4767 5062 5028 4616 5155 5492 4974 5049 4991 5157 4561 4978 5170 5335 4789 5413 5367 5240 4996 5008 5005 5321 5231 4851 4676 5083 5166 5205 5114 4965 5034 4592 5143 5343 4936 4725 5096 4895 4761 4961 5378 5479 4760 5224 5054 4973 5080 4986 5747 5047 5194 4724 5253 4658 4940 5528 5172 5195 4737 5075 4875 4916 4920 5217 5125 5036 5175 5178 5185 5007 5223 5162 4870 5048 5550 4929 4879 4715 5301 5285 5093 5025 4746 4905 5016 5394 5548 5119 5161 4663 4980 4996 5076 5513 5452 4891 5285 4839 5353 5272 5316 4657 4939 5587 4786 5108 4507 4634 4962 5092 5012 5215 5105 5117 5121 4694 4432 5016 5196
5279 5277 5596 5225 5100 4968 5513 5387 5316 5439 5212 5325 4927 5493 4989 5219 5818 5141 5220 5110 5509 5211 5343 4949 5947 5721 5568 5243 5441 5315 5250 5300 4963 4823 5267 5178 5746 5263 5051 5150 5360 5396 5818 5212 5028 5505 5888 5616 5223 5372 5358 4964 5771 5323 5751 5345 5792 5143 5250 5511 5471 5941 5643 5259 5520 5488 5460 5625 5799 5384 5186 5516 5753 5315 5541 5376 5431 5315 5199 5323 5491 5055 5044 5409 5553 5484 5365 5254 5506 5526 5248 5101 5766 5691 5370 5730 5210 5112 4939 5612 5013 5547 4755 5299 5671 5357 5177 5579 5738 5256 5161 5160 5498 5014 5125 4814 5296 5419 5139 5369 5333 5787 5628 5530 5371 5163 5508 5315 5414 5318 5515 5210 5616 5351 5457 5566 5401 5008 5253 5433 5007 5671 5485 5537 5365 5291 5628 4808 5144 5438 5283 5249 5926 5722 5605 5468 5142 5403 5323 5510 5351 5214 5725 5137 5412 5413 5320 5289 4957 5201 5542 4964 5388 5073 5526 5201 5384 5816 5791 5057 5474 5556 5435 5281 5285 5841 5325 5416 5145 5730 5505 5134 5730 5554 5699 5125 5436 5408 5348 5268 5484 5247 5493 5521 5534 5648 5296 5699 5497 5070 5385 5981 5235 5121 4978 5290 5289 5513 5588 5195 5045 4959 5498 5914 5412 5504 5007 5142 5328 5180 5827 5261 5306 5524 5476 5640 5503 5848 5231 5465 5850 5029 5390 4920 5127 5283 5095 5563 5455 5146 5306 5254 5218 5095 5331 5582
5189 5360 5552 4992 4939 4813 5230 5252 5168 5035 5251 5559 4743 5389 5018 4952 5696 4935 4774 4959 5511 5265 5375 5075 6014 5437 5654 5430 5334 5290 5543 5349 4908 4722 5070 5264 5415 5492 5117 4952 5511 5236 5604 5265 4825 5521 5890 5444 5174 5200 5077 4861 5489 5063 5656 5252 5444 5143 5303 5196 5041 5929 5406 5094 5305 5283 5437 5580 5585 4899 4835 5389 5379 5490 5462 5167 5489 5422 5267 4875 5010 4861 5229 5366 5572 5152 5006 5586 5150 5303 5357 5066 5574 5479 5351 5594 5079 5388 5265 5315 4952 5398 4995 5362 5609 5348 5441 5429 5706 4760 5271 4963 5259 5129 5266 4516 5572 5344 4960 4949 5444 5559 5500 5005 5010 4943 5194 5251 5375 5229 5379 5356 5428 5331 5176 4847 5560 4911 5283 5125 5171 5660 5604 5438 5374 5071 5362 4748 5161 5285 5252 5228 5687 5761 5396 5345 5226 5408 5135 5467 5381 5075 5500 5552 5515 5617 5189 5283 5065 5434 5509 4965 5036 5139 5173 5231 5469 5564 5601 5147 5431 5086 4932 5298 5099 5720 5080 5331 4790 5620 5239 5123 5752 5530 5514 4918 5398 5225 5245 5122 5671 5284 5122 5755 5330 5407 5207 5413 5571 5054 5182 5663 5168 5179 4830 5524 5515 5625 5317 5165 5160 4937 5330 5719 5290 5337 4951 5080 5422 5136 5717 5467 5325 5601 5139 5626 5431 5623 4737 5332 5597 5187 5578 4724 5196 5398 5273 5452 5351 5087 5068 5350 4845 4858 5117 5642
4583 4625 5136 4520 4662 4531 4905 4836 4851 4923 4759 5053 4588 4952 4799 4443 5245 4803 4547 4750 4981 4720 4789 4302 5148 5054 5004 4965 4776 4867 4711 4816 4531 4548 4704 4793 4843 4720 4501 4654 4872 5059 5206 4748 4634 5045 5313 4933 4545 4750 4961 4510 5177 4883 5130 4984 5283 4642 4870 4981 4956 5429 5235 4885 4900 5180 4926 5077 5137 4918 4677 4951 4818 4766 5114 4937 4913 4687 4674 4714 4705 4486 4874 5051 4959 4820 4836 4934 4869 4719 4700 4820 5216 5037 4739 5153 4783 4548 4600 4728 4471 4961 4688 4761 5289 4660 4860 4821 5129 4493 4549 4694 4776 4494 4523 4334 4868 4826 5014 4866 4947 5241 5077 4932 4945 4422 5189 4769 4880 4828 4857 4920 4619 4828 5174 4757 4883 4589 4890 5089 4612 5039 5112 5041 5031 5003 4988 4204 4538 4688 5043 4721 5071 5204 4949 4757 4974 4829 4800 5220 4878 4713 4951 4857 5155 5180 5099 4820 4539 4887 4801 4318 4744 4493 4987 4635 5084 5328 5153 4699 4947 5019 4847 4569 4816 5176 4929 4838 4789 5076 4957 4547 5284 4997 5076 4710 4967 4679 5037 4510 5027 5047 4710 4980 4963 4915 4744 5242 4896 4828 4750 5244 5000 4707 4486 5054 4795 4992 4601 4872 4816 4677 4765 5399 4990 5060 4541 4892 4746 4602 5359 5032 4805 4885 4916 4801 4913 5240 4593 5074 5298 4629 5021 4440 4721 4958 4703 5032 5010 4810 4827 4833 4543 4598 4840 5106
5020 5354 5719 5034 5012 4578 5099 5170 5211 5314 5203 5574 4766 5174 5188 4939 5686 5204 5189 5202 5412 5136 5377 5179 5452 5692 5537 5456 5372 5283 5352 5408 4897 4810 5436 5108 5307 5366 5208 4990 5389 5241 5569 5082 5187 5329 6066 5397 5310 5379 5566 4918 5840 5337 5576 5480 5605 5418 5209 5502 5357 5809 5468 5307 5343 5650 5266 5702 5652 5069 4930 5635 5452 5324 5458 5573 5467 5454 5133 5088 5210 4855 4962 5446 5479 5317 4933 5376 5090 5402 5344 5154 5575 5605 5231 5434 5258 5314 5004 5109 4688 5364 4770 5421 5627 5104 5071 5563 5852 4911 5101 4895 5245 5103 4938 4785 5431 5216 5045 5328 5438 5877 5517 5126 5443 4964 5524 5469 5421 5192 5362 5380 5280 5061 5240 5163 5247 4920 5473 5146 5048 5627 5681 5652 5134 5341 5583 5086 4833 5340 5698 5361 5562 5978 5583 5345 5279 5469 5396 5812 5213 4861 5404 5271 5453 5545 5376 5320 4863 5292 5175 5159 5417 5286 5181 5085 5106 5926 5815 5106 5486 5549 5133 5296 5205 5868 5262 5276 5158 5445 5403 4891 5886 5368 5338 5127 5323 5329 5263 5067 5593 5344 5266 5425 5197 5270 5009 5527 5457 5167 5351 5824 5204 5153 4975 5688 5305 5722 5266 5304 5213 4843 5508 5378 5435 5244 4754 5206 5348 5090 5689 5264 5221 5323 5062 5663 5449 5530 5148 5158 5641 4645 5186 5117 5054 5551 5338 5318 5412 5082 5145 5133 5240 5023 5211 5798
4803 4832 5184 4382 4557 4468 4678 4667 4728 4729 4549 4896 4126 4694 4626 4607 5019 4736 4467 4465 5002 4810 4655 4277 4909 4987 4981 4724 4663 4764 4493 4920 4210 4281 4561 4452 4929 4613 4696 4485 4791 4856 5101 4821 4567 4794 5338 4851 4500 4611 4788 4267 4920 4509 5089 4896 4942 4571 4503 4996 4751 5101 4837 4596 4709 4760 4841 5052 5186 4503 4271 4622 4713 4511 4888 4719 4564 4544 4364 4448 4816 4298 4370 4863 4872 4615 4408 4738 4778 4415 4726 4558 4871 4915 4505 4649 4472 4620 4480 4674 4323 4499 4264 4874 5036 4768 4839 4691 5261 4648 4415 4603 4849 4435 4630 4238 4922 4500 4346 4641 4753 5046 4751 4807 4909 4386 4950 4524 5011 4666 4842 4681 4913 4463 4703 4743 4634 4340 4735 4574 4475 4895 4904 4619 4553 4592 5083 4373 4554 4555 4826 4529 5048 4857 4832 4519 4699 4660 4732 4912 4392 4514 4839 4650 4974 4613 4477 4632 4320 4797 4713 4458 4548 4588 4634 4743 4671 5171 4851 4572 4731 4686 4390 4425 4596 5169 4727 4549 4399 4825 4844 4525 4953 4651 4925 4513 4793 4725 4701 4477 4918 4589 4423 4678 4897 4812 4543 4950 4776 4839 4800 5144 4778 4752 4315 4840 4721 4821 5021 4554 4796 4496 4914 5030 4628 4879 4376 4684 4700 4757 5207 4931 4490 4720 4531 4980 4571 4887 4352 4568 4844 4393 4462 4162 4424 4695 4672 4802 5020 4694 4589 4741 4493 4336 4602 5230
5153 5396 5565 5516 5183 4816 5432 5230 5374 5460 5506 5452 4849 5439 5490 5262 5727 5200 4798 5266 5749 5337 5366 5189 5823 5691 5728 5489 5658 5752 5438 5410 4927 4707 5713 5315 5730 5316 5245 5182 5247 5321 6145 5214 5272 5535 6242 5448 5372 5645 5278 4955 5408 5351 5707 5597 5731 5158 5321 5692 5313 5893 5494 5329 5505 5762 5453 5707 5794 5585 5068 5636 5479 5206 5688 5585 5484 5311 5042 5122 5265 5258 5180 5425 5498 5283 5149 5520 5483 5435 5311 5280 5787 6042 5437 5540 5266 5358 4984 5625 5048 5560 4902 5324 5840 4992 5674 5387 5789 5142 5135 5077 5338 5332 5203 4884 5776 5411 5090 5244 5590 5511 5517 5264 5486 5150 5707 5420 5572 5301 5214 5548 5274 5394 5553 5392 5792 5216 5629 5598 5278 5745 5761 5497 5353 5156 5651 5149 5220 5415 5635 5466 5912 5608 5592 5209 5529 5320 5332 5560 5041 5146 5225 5421 5493 5434 5322 5208 5014 5293 5514 5050 5161 5117 5569 5112 5337 5773 5653 5216 5550 5215 5476 5468 5484 5985 5488 5339 5172 5813 5305 5153 6005 5499 5596 5125 5514 5240 5438 5336 5598 5589 5360 5721 5454 5504 5209 5841 5611 5220 5457 5976 5547 5363 5057 5622 5647 5761 5302 5194 5411 4970 5373 5855 5378 5669 5071 5392 5337 5327 6025 5607 5329 5673 5491 5531 5596 5562 5063 5371 5937 5048 5494 5043 5184 5200 5262 5378 5440 5260 5369 5256 4837 5096 5289 5802
4959 4797 5216 4641 4675 4488 4781 4881 4863 4870 4849 4944 4400 4813 4670 4542 5313 4631 4624 4779 5152 4800 4835 4633 5242 4872 5161 4818 4976 4723 4811 4983 4547 4218 5077 4731 4977 4889 4742 5056 4787 5185 5362 4780 4461 5074 5274 5091 4940 4863 5067 4408 5376 4697 5180 4931 4961 4955 4983 5057 4921 5571 5021 4668 5026 5111 5106 5169 5094 4604 4521 4996 4936 5046 5269 4870 4887 4766 4473 4551 4941 4386 4631 4897 4862 4754 4764 5042 5016 5024 4951 4606 5379 5144 4686 4958 4681 5014 4638 4673 4439 4869 4560 4769 5227 4844 4888 4808 5281 4591 4526 4537 5035 4800 4841 4262 4951 4819 4590 4734 5019 5003 5187 4612 5029 4665 4998 4779 5136 4948 4900 4988 5172 4680 4962 4825 5098 4587 4986 4808 4792 5225 5023 5200 4748 4745 5246 4384 4594 5096 4851 4928 5206 5125 4930 5074 5037 4858 4938 5139 4674 4892 4905 4990 5034 4931 4927 4716 4610 5022 4990 4474 4831 4714 4843 4929 4978 5021 5338 4800 4936 4879 4923 4709 4775 5276 4979 4802 4616 5234 4851 4584 5135 5014 5178 4654 4662 4838 4906 4760 5154 4727 4805 5051 4916 5134 4739 5337 4955 4746 5025 5603 5066 4773 4515 5007 4861 4807 5146 4863 4664 4715 5066 5322 4880 5109 4686 4694 4852 4759 5232 5160 4964 4951 4704 5206 4918 5076 4714 5098 5168 4577 4983 4614 4696 4933 4963 4644 5012 4885 4648 4899 4642 4796 4797 5316
4903 5189 5277 4755 4798 4711 4933 4841 5171 4776 4873 5182 4564 5210 4831 4792 5474 4958 5068 4874 5211 4977 5125 4761 5273 4930 5377 4892 4974 5072 5282 5170 4623 4453 4946 4650 5268 5118 4784 4944 4836 5097 5441 5140 4606 5151 5289 5205 5079 4967 5196 4718 5380 4912 5476 5236 5185 4954 4857 5201 5133 5532 5290 4916 5051 4992 5271 5360 5263 4875 4924 4908 5181 5359 5267 4982 5143 5074 5126 4865 5098 4575 4908 5197 5087 5152 4739 5379 4943 4923 5146 4952 5336 5347 5096 5077 4892 5000 4733 5075 4942 5140 4754 5065 5536 5059 4970 5193 5349 4714 4941 4798 5079 4837 5032 4574 5387 5076 4610 5001 5319 5272 5279 4785 5204 4813 4984 5171 5016 4857 5304 5304 5252 4997 5159 5054 5195 5025 4895 4869 4734 5490 5218 5153 5017 4603 4985 4489 5045 5095 5102 5018 5289 5378 5293 5004 4939 4972 4932 5240 4756 5079 5213 5064 5097 4950 4965 4813 4838 5150 5013 4856 4997 4992 4873 4988 5088 5296 5361 4943 5095 4955 4730 5134 5012 5477 5124 4995 4635 5167 4843 4868 5548 5148 5376 4668 5089 5076 4948 4973 5357 5003 5002 5221 5169 5244 4946 5452 5424 4952 5141 5390 4893 4807 4775 5243 4878 5128 5216 4982 4959 4980 5152 5434 5057 5190 4721 4712 4999 4765 5602 5281 4880 5418 4878 5395 5073 5463 4696 4724 5324 4955 5222 4557 4674 5156 5143 5365 5230 5108 5139 5241 4607 4747 5033 5434
5032 5507 5695 4949 5245 5140 5045 5445 5344 5196 5443 5622 4825 5569 5414 4979 5726 5171 5296 5305 5598 5136 5407 5024 5625 5265 5377 5614 5598 5363 5436 5440 5191 4868 5289 5003 5569 5065 5441 4961 5597 5439 5717 5438 5040 5557 5942 5357 5355 5570 5529 4975 5605 5304 5716 5646 5654 5081 5334 5678 5306 6072 5846 5439 5456 5391 5642 5631 5783 5132 4818 5603 5571 5310 5634 5421 5759 5335 5374 5292 5219 5029 5213 5413 5552 5214 5250 5636 5256 5231 5429 5163 5802 5680 5270 5322 5249 5526 5155 5509 4851 5147 5060 5539 5669 5170 5482 5562 5862 5085 4961 5149 5043 5104 4934 4905 5577 5142 5091 5168 5710 5708 5006 5424 5559 5139 5692 5484 5364 5521 5496 5377 5485 5209 5435 5234 5590 5139 5461 5251 5007 5510 5783 5296 5323 5062 5352 5120 5339 5515 5439 5254 5530 5726 5585 5203 5566 5252 5296 5922 5078 5360 5310 5554 5420 5372 5433 5383 5052 5163 5177 5042 5376 5014 5237 5237 5344 5531 5524 5211 5223 5366 5182 5238 5381 6018 5448 5407 5058 5505 5442 5062 5823 5465 5619 4874 5486 5323 5357 5356 5746 5543 5228 5381 5364 5518 5383 5362 5724 5321 5545 5955 5779 5030 5089 5590 5454 5600 5430 5338 5335 5238 5292 5539 5499 5303 4873 5271 5045 5569 5750 5668 5205 5318 5083 5642 5615 5593 5028 5456 5765 5140 5096 4999 4904 5243 5336 5657 5370 5337 5140 5626 5316 5061 5039 5784
4982 5149 5396 4795 4586 4573 5157 4948 5060 4914 4969 4994 4567 5267 4883 4905 5577 4903 4874 5052 5268 4851 5010 4632 5284 5139 5263 4946 5218 5174 5067 5035 4801 4672 4767 4664 5006 5018 4852 4837 5124 5198 5491 5139 4557 5109 5485 5074 4986 5177 5058 4540 5382 4977 5439 5218 5532 5038 5100 5215 4999 5495 5245 4726 4913 5040 5100 5736 5587 4821 4716 5231 5173 4982 5129 5199 5146 5000 4867 4863 5029 4616 5079 5222 5232 5353 4975 5117 4920 4867 5021 4795 5210 5417 4769 5067 4844 4933 4763 4776 4827 5016 4785 4962 5639 5123 5056 5220 5400 4760 4778 4963 4941 4679 4537 4271 5236 5014 4464 5036 5053 5463 5271 4898 5237 4651 5043 5101 5295 4979 4995 5120 5007 4700 4810 4889 4880 4798 4909 5010 4713 5488 5373 5019 4899 5005 5008 4316 4683 4901 5205 4902 5338 5367 5184 4757 5025 4881 5038 5199 4924 4721 4963 5076 5380 5264 4768 5127 4667 5005 5142 4591 4999 4733 5026 4703 4952 5144 5313 4958 5273 4921 4841 4747 4971 5485 4884 4995 4801 5359 4972 4957 5396 4957 5206 4559 5075 5020 4947 4889 5263 5019 5011 5178 4997 5265 4940 5156 5256 4967 4872 5504 5009 4907 4504 5107 5180 4980 5121 4768 4893 4898 5201 5378 5040 5315 4758 4727 4815 4840 5506 5225 5099 5213 4789 5273 5141 5617 4953 4814 5515 5010 4909 4687 4826 5233 4774 5242 5275 4913 4934 4939 4848 4369 4821 5267
4897 4762 5286 4648 4691 4562 4696 4974 4706 4738 4693 5151 4417 5003 4572 4898 4981 4672 4828 4557 5161 4582 5070 4673 5271 5046 5062 4789 4953 5015 4664 4986 4630 4596 4797 4503 5033 4613 4821 4701 4983 5059 5210 4788 4469 5140 5381 4843 4929 4734 4855 4643 5155 4967 5216 5150 5157 4906 4839 5126 4951 5223 5087 5002 4841 5026 4900 5324 5146 4521 4527 4805 4886 5009 5023 5081 4927 4803 4868 4637 4843 4469 4982 4847 5089 4644 4581 5124 4746 4947 4911 4797 5101 5118 4612 4929 4998 4877 4542 5044 4236 5049 4517 4805 5126 4744 4906 4860 5193 4428 4453 4722 4555 4786 4619 4300 5322 4847 4398 4747 5070 5163 5162 5152 4959 4558 5017 4836 4811 4945 5138 4960 4780 4903 4866 4857 4927 4570 4784 4580 4347 5150 5287 4811 4861 4652 5021 4504 4664 4922 4850 4878 5140 5383 4720 5064 4789 4779 4938 5154 4588 4528 5329 4939 4915 4955 4798 4848 4110 4926 4955 4562 4596 4750 4829 5021 4971 5417 5188 4863 5221 4765 4663 4587 4993 5352 4782 4780 4690 5336 4865 4797 5436 4938 5184 4552 5020 4662 4966 4715 5220 5017 4677 4965 4915 4961 4926 4954 4995 4594 4797 5587 4747 4718 4701 5229 5125 5034 4775 4810 4807 4516 4961 5498 4922 4723 4668 4697 4646 5014 5401 5140 4553 4952 4664 5177 5304 5237 4721 4900 5019 4676 5070 4393 4668 4694 4813 4827 4958 4764 4780 4974 4549 4429 4619 5063
5166 5312 5899 4971 4986 4886 5340 5365 5357 5593 5212 5504 5035 5395 5090 5168 5425 5226 5121 5300 5714 5261 5419 5085 5810 5579 5613 5305 5552 5506 5265 5486 4740 4723 5395 5353 5581 5165 5252 5275 5355 5495 5616 5193 5275 5467 5774 5405 5287 5235 5624 4816 5744 5436 5599 5470 5658 5332 5220 5471 5639 5911 5573 5272 5501 5654 5515 5512 5629 5294 5095 5438 5318 5387 5486 5465 5374 5261 5320 5215 5477 5096 4991 5352 5613 5486 5122 5458 5505 5177 5588 5150 5494 5737 4990 5729 5418 5059 5196 5498 5091 5423 4846 5444 5767 5086 5462 5460 5670 5172 5010 5056 5450 5354 5260 4782 5597 5356 5352 5109 5666 5831 5649 5295 5329 4913 5715 5336 5474 5217 5397 5318 5551 5334 5465 5383 5861 5156 5234 5447 4828 5611 5540 5455 5291 5145 5793 4842 5303 5659 5594 5325 5700 5864 5541 5546 5398 5372 5340 5622 5236 5172 5568 5361 5256 5439 5470 5531 5068 5287 5433 4863 5082 5026 5172 5112 4892 5835 5883 5069 5485 5460 5232 5401 5443 6156 5403 5369 5223 5616 5284 5062 5968 5638 5921 5215 5608 5345 5409 5193 5686 5250 5296 5421 5433 5476 5243 5728 5607 5138 5510 6097 5704 5242 4983 5750 5470 5411 5673 5243 5294 5249 5449 5944 5418 5112 4766 5248 5508 5205 5811 5729 5380 5505 5249 5594 5514 5731 4979 5510 5867 4934 5503 4839 5026 5323 5298 5317 5641 5238 5193 5352 5241 5094 5163 5852
5193 5429 5540 5282 5113 5016 5372 5196 5496 5435 5415 5316 4744 5535 5085 5283 5626 4897 5350 5380 5537 5196 5364 4850 5754 5488 5421 5485 5205 5161 5177 5605 4849 4560 5157 5259 5223 5315 5043 5172 5534 5457 5787 5070 4976 5584 5716 5359 5225 5433 5393 5000 5833 5201 5963 5602 5590 5109 5388 5401 5557 5900 5425 5083 5435 5468 5278 5909 5775 5225 5025 5546 5462 5222 5738 5359 5403 5295 5290 5367 5502 4898 5108 5444 5598 5740 5121 5544 5200 5165 5139 5302 5509 5785 5307 5383 5041 5079 5062 5414 4811 5445 5137 5176 5681 4818 5159 5523 5610 4809 5104 5119 5527 5078 4951 4979 5424 5332 4935 5033 5325 5666 5438 5117 5227 5320 5475 5293 5565 5349 5360 5397 5549 5272 5646 5294 5548 4958 5421 5156 5015 5577 5722 5540 5411 4939 5596 4767 5227 5343 5435 5516 5805 5653 5678 5177 5436 5440 5258 5650 5297 5182 5547 5157 5671 5266 5433 5175 5014 5316 5500 5141 5184 5168 5445 5472 5389 5811 5608 5321 5306 5449 5320 5289 5448 5861 5058 5155 5365 5906 5465 5193 5690 5417 5442 5134 5462 5404 5335 5268 5779 5566 5359 5249 5452 5596 5437 5830 5416 5116 5333 6009 5430 5222 5020 5523 5345 5506 5496 5074 5217 5438 5376 5828 5167 5300 4934 5169 5259 5164 5836 5612 5382 5496 5360 5631 5479 5616 5085 5235 5633 4954 5338 4877 4902 5523 5263 5390 5387 5397 5254 5299 5081 5158 5344 5471
5469 5350 5776 5012 4921 4756 5340 5167 5382 5219 5500 5535 5011 5548 5352 5279 5700 5438 5144 5172 5586 5235 5563 5123 5782 5837 5705 5326 5585 5424 5497 5221 4974 5078 5491 5396 5427 5305 5196 5204 5496 5606 5839 5510 5292 5537 6108 5586 5288 5269 5442 4983 5706 5283 5708 5331 5645 5261 5251 5382 5473 5999 5384 5086 5461 5545 5389 5751 5815 5050 5015 5392 5283 5612 5508 5450 5478 5410 5104 5230 5098 4950 5367 5488 5633 5233 5319 5539 5187 5103 5379 5225 5623 5702 5277 5531 5382 5171 5156 5377 4978 5254 5192 5463 5826 5165 5535 5489 5871 5191 5433 5446 5431 5039 5134 4882 5773 5446 5016 5137 5745 5766 5525 5034 5354 4936 5560 5424 5907 5067 5309 5635 5538 5372 5351 5386 5242 5306 5143 5419 5151 5741 5598 5770 5291 4976 5610 4800 5221 5409 5767 5388 5589 5596 5410 5087 5562 5365 5570 5748 5437 5035 5352 5336 5601 5739 5364 5103 5028 5404 5332 5011 5244 5042 5413 5155 5213 5878 5421 5281 5496 5384 5256 5207 5455 6060 5254 5373 5069 5500 5300 4903 5717 5469 5719 4844 5376 5359 5263 5193 5627 5264 5119 5480 5492 5710 4964 5586 5292 5327 5355 5832 5643 5422 5146 5626 5192 5617 5426 5243 5200 5257 5266 5823 5675 5448 4923 5449 5202 5407 5953 5573 5243 5473 5312 5623 5519 5745 5043 5319 5967 5195 5212 5059 5208 5542 5411 5451 5585 5231 5030 5166 5008 5107 5199 5691
